-0.0105177 -0.00908928 0.690515 0.0475695
-0.0096767 0.175581 0.654339 0.0178768
0.220935 -0.221652 0.632389 6.25753
-0.130151 0.337926 0.536917 3.19118
0.599094 0.0359042 0.552674 80.3768
-0.063345 -0.0693939 0.68539 0.133627
0.372098 -0.132097 0.659962 17.3593
0.0346773 -0.316907 0.559746 0.752306
0.677818 -0.0985654 0.421975 81.3228
-0.123355 -0.326438 0.550547 3.77135
0.506461 -0.0117156 0.627461 33.9562
0.572243 -0.0708031 0.572906 61.7795
0.529334 0.229765 0.534416 62.4755
0.00178441 0.0811762 0.683121 0.000194307
0.0975043 -0.20076 0.643182 0.923677
0.455609 0.00555532 0.653974 24.2225
0.417406 -0.386741 0.422579 22.0507
-0.129179 0.300857 0.574616 4.72192
0.00655746 0.304503 0.571347 0.0528546
0.35115 0.177289 0.647517 18.4402
0.425417 0.0237031 0.664406 18.7432
0.440043 -0.0336044 0.658943 22.6665
-0.24944 -0.277627 0.595095 8.62527
0.392516 -0.115136 0.66039 19.0475
0.470843 0.114026 0.630859 38.0184
-0.179904 -0.288143 0.586716 7.31151
0.315736 0.0785708 0.681779 7.66745
0.386771 0.221328 0.617184 18.9783
0.00183298 -0.0267462 0.689968 0.00693158
0.0106274 -0.114161 0.676162 0.382406
0.394392 -0.201586 0.625936 32.1916
-0.0343661 -0.363485 0.506007 0.0945468
-0.323856 -0.0206786 0.687164 16.4046
0.0502843 0.056718 0.68716 0.496651
0.307974 0.00440759 0.689636 3.22843
0.354307 0.0879469 0.675258 13.9504
0.350323 -0.384531 0.462711 19.8364
-0.279842 0.135261 0.669319 14.141
0.357703 -0.319077 0.547333 28.9799
-0.146982 -0.346754 0.527386 2.97355
0.0604694 -0.0563409 0.687333 0.0868321
0.191628 0.220061 0.63329 3.21818
0.424492 -0.00361215 0.665453 13.7169
-0.315352 0.262741 0.604423 13.7124
0.445593 -0.156199 0.627518 26.0403
0.594861 -0.0356041 0.55764 80.0043
0.338939 -0.199069 0.63891 21.8732
-0.345662 0.280515 0.585984 18.0514
0.284244 0.304756 0.571809 13.2105
0.155438 0.0953802 0.680287 3.30446
0.150959 0.0983558 0.679226 1.69111
0.187986 -0.120507 0.673683 3.93757
-0.14229 0.374994 0.488574 4.43329
-0.319491 -0.13019 0.669169 20.7901
0.419418 0.196318 0.620232 32.0999
0.284406 -0.0473529 0.687492 2.28481
-0.128498 -0.0214421 0.69019 1.38292
0.106707 0.310979 0.565159 3.85898
-0.182019 0.132279 0.67048 3.89391
0.12572 -0.178666 0.654032 2.3931
0.00507493 -0.404509 0.436577 0.0409164
0.428523 -0.126898 0.644722 18.6244
0.345084 0.136768 0.663939 13.5397
0.312723 -0.250238 0.613421 15.4401
0.514972 0.0229396 0.621996 54.9176
0.00127244 0.10303 0.678892 0.0477165
0.0896376 0.0152281 0.690512 0.328704
0.480337 0.0751966 0.634852 25.9078
0.42701 0.0254048 0.664255 17.8036
0.100998 0.0207863 0.689796 0.247003
0.11325 -0.409204 0.428861 1.75166
-0.00415277 0.251757 0.61393 0.0166589
0.0443943 0.344702 0.529992 1.03267
0.23392 -0.099588 0.679362 5.91597
-0.0731836 -0.195185 0.645878 0.223752
0.548079 0.266787 0.48194 53.745
0.39169 -0.356259 0.489854 26.6315
0.459117 0.119377 0.634758 24.7893
0.0143644 0.343172 0.531215 0.261001
-0.0328538 -0.0430717 0.688777 0.0600229
0.203861 -0.196197 0.645327 8.05077
0.0503272 -0.0113083 0.690123 0.00163489
0.1954 0.108312 0.677464 2.18438
-0.00755746 0.0516881 0.687296 0.0437251
0.266863 0.0475026 0.687903 2.27441
0.527085 -0.0300505 0.614331 43.8872
0.0936397 0.202776 0.642583 1.52255
-0.0142739 0.0115219 0.690223 0.0184662
0.232541 -0.0846066 0.682321 4.90787
-0.120829 0.374544 0.489517 2.11056
0.655832 0.169558 0.416592 79.966
0.432105 0.286012 0.551371 32.0403
-0.128439 0.248928 0.615039 1.21978
0.306296 0.309699 0.565177 15.3529
-0.019164 -0.00495083 0.690684 0.684664
0.143036 0.357809 0.513275 5.00811
-0.0788049 0.180694 0.652768 2.29119
0.179415 0.120128 0.673831 3.55172
0.0286598 -0.327746 0.548265 0.0486362
0.542685 -0.035181 0.602588 61.0098
0.136066 0.203608 0.641857 3.31544
0.159693 -0.321447 0.555069 3.10372
0.375611 0.097763 0.668248 17.729
0.58048 -0.0509094 0.569678 62.4742
-0.0857281 0.162407 0.660075 1.21614
0.231433 0.0595947 0.686061 2.56406
0.338237 0.127722 0.667925 14.2311
0.234078 -0.148882 0.665276 4.05306
0.110191 0.126829 0.672453 0.419995
0.538286 -0.321663 0.417897 48.842
0.324238 0.14563 0.664152 13.6491
0.0791323 0.110582 0.676994 0.468476
0.177993 -0.394132 0.458275 3.95016
0.410851 -0.386434 0.428364 27.4909
0.294026 0.290645 0.583093 12.5268
0.461478 -0.0208649 0.650894 29.6356
-0.0515835 -0.130064 0.670975 0.00539956
0.44273 0.0916837 0.649386 22.1068
0.00659964 -0.0202379 0.690355 0.0293786
0.0885391 -0.0368915 0.688556 0.475294
0.302126 0.17362 0.655049 9.9498
0.0912028 -0.150953 0.664863 1.385
0.14534 -0.12988 0.671641 2.25913
-0.140255 0.177171 0.654025 2.83703
-0.107029 0.152752 0.663796 2.2654
0.4849 -0.0155391 0.639794 31.7259
0.425501 -0.00903846 0.665875 15.2011
0.535869 -0.213734 0.541415 55.9632
0.428652 0.179063 0.624784 22.2747
-0.0167239 -0.400036 0.446636 0.00552892
0.207301 -0.225655 0.629706 7.96264
-0.00602983 -0.118843 0.674362 0.00217566
0.0176208 0.000671455 0.690264 0.0430965
0.0518902 0.19466 0.645897 0.843132
-0.0256989 0.0797481 0.683771 0.0208272
0.348232 0.209129 0.633104 24.2443
-0.121697 -0.106187 0.67749 3.81201
0.559585 -0.257331 0.478977 68.7864
0.0102306 -0.00841773 0.690561 0.000876694
0.15035 -0.0133846 0.690571 1.29982
0.00346878 -0.334925 0.54147 0.497002
-0.150565 -0.00538598 0.69069 2.254
0.451843 0.0484319 0.652726 20.8298
0.317843 -0.29528 0.577712 12.9954
-0.308323 0.250655 0.613139 13.4354
0.488672 0.0164088 0.637556 28.7217
0.114932 0.0202319 0.69038 1.37069
0.16098 -0.218523 0.633372 2.75945
0.323168 0.00208286 0.688408 7.89464
0.484358 -0.0177056 0.639543 39.574
0.0689378 0.0993727 0.679599 0.0732756
0.138679 -0.159819 0.661338 1.72766
0.498651 0.297802 0.495642 44.1443
-0.0223632 -0.136063 0.669955 0.1007
0.114426 0.136107 0.669867 1.9108
-0.11528 -0.390869 0.463258 0.562467
0.436564 0.223087 0.597892 42.8781
0.103211 -0.304423 0.572384 2.24081
0.485491 0.192691 0.589625 44.0579
0.527724 -0.117397 0.596174 50.4015
0.455016 -0.365546 0.43288 40.645
0.332534 0.121953 0.669795 7.84353
0.495594 -0.15418 0.602749 37.5346
0.257056 -0.168003 0.657909 9.86001
0.0854343 0.0931438 0.680512 1.70601
0.585871 -0.072542 0.559715 71.948
-0.310719 -0.335525 0.538536 10.2876
0.42163 -0.33032 0.510669 37.4489
0.30214 0.0304892 0.688764 5.52698
0.278885 -0.107784 0.67772 8.96286
0.430984 -0.0292384 0.662259 17.3909
0.465587 0.0936561 0.638838 38.8511
-0.032099 0.0444128 0.688782 0.271313
0.0722661 0.102498 0.679066 0.409799
0.323452 -0.117589 0.672177 10.6272
0.178203 -0.139675 0.668045 3.48496
0.532034 0.235928 0.527623 52.1894
0.523073 -0.220134 0.546988 61.8863
0.20434 -0.134138 0.669557 2.38837
-0.0167585 0.28591 0.588606 0.353884
0.0630853 -0.230573 0.627471 0.605544
0.141049 0.126052 0.672803 1.55644
-0.000209403 -0.335938 0.540182 0.27484
-0.0312637 -0.00739219 0.69073 0.100062
0.464009 0.0569056 0.645914 24.7644
-0.141618 0.164569 0.65915 1.92934
-0.345145 0.270234 0.594016 14.7137
-0.0480558 -0.207487 0.639623 1.21199
0.128323 -0.237616 0.622785 4.59946
-0.28266 0.163248 0.659576 9.24396
0.468508 0.25374 0.559183 43.667
-0.172268 -0.169132 0.657966 5.24403
-0.279771 -0.0937334 0.680374 12.1734
0.259378 0.0418841 0.688509 5.52108
0.123615 -0.210246 0.638874 0.81701
0.0941673 0.215789 0.635488 1.08532
-0.11083 0.271029 0.59955 0.580812
-0.154544 -0.0434517 0.688673 2.82311
0.165164 -0.252216 0.613574 3.03695
0.358006 0.0218089 0.682386 5.7874
-0.336947 -0.0298631 0.685418 15.666
0.369562 0.249863 0.603684 18.8155
0.371337 0.0712355 0.674328 14.4344
0.0725114 -0.0969936 0.680137 0.191546
0.29737 -0.337954 0.536547 15.9341
0.505848 -0.0520532 0.624366 36.0453
-0.0291093 0.120586 0.673676 0.00296272
0.161539 -0.305942 0.570775 3.87305
-0.359556 0.0833895 0.675088 18.779
0.357636 0.064953 0.678131 8.72165
0.373771 0.0637159 0.675531 15.2575
0.354549 -0.212413 0.629336 16.555
0.483055 0.216208 0.577444 39.5622
-0.14838 -0.00311537 0.690337 4.59973
0.0850088 -0.126976 0.672022 0.702949
0.0656853 -0.112565 0.675903 1.3702
-0.243151 0.00436795 0.690275 13.8352
0.43772 0.272832 0.559933 41.6821
0.369566 0.120512 0.664663 12.1273
0.26167 0.0178628 0.690063 4.70534
0.405898 -0.0283198 0.671396 14.8252
-0.223097 -0.00245626 0.690779 7.38317
0.117557 -0.0437315 0.688752 0.841204
0.252558 0.214278 0.636005 10.4068
0.386517 -0.0641919 0.672443 8.72831
0.479041 -0.120853 0.624573 32.1312
0.478942 0.0682007 0.636581 36.7209
0.611391 0.00733608 0.54257 78.0436
0.360322 -0.304954 0.56151 17.8488
0.301523 0.210665 0.637517 13.9694
-0.0777106 0.392798 0.459258 0.922057
0.240952 0.129274 0.671066 4.53839
-0.126727 -0.248067 0.615996 3.26337
-0.082948 -0.103803 0.678393 2.30151
-0.105486 0.0966596 0.680173 0.633273
-0.347885 -0.181474 0.64625 16.2826
-0.125405 0.0237645 0.689888 1.4352
0.508123 0.322739 0.452943 53.9767
0.450959 -0.161241 0.622959 27.1258
0.0998147 0.181648 0.652466 0.688362
0.246827 -0.0901077 0.681041 3.30651
0.0569856 0.0219364 0.690361 0.432102
-0.0384662 -0.232067 0.626237 0.211359
0.182343 0.129384 0.671109 1.72033
0.360468 -0.39245 0.444985 18.4155
0.367449 0.19944 0.633689 25.394
-0.3506 -0.00440277 0.684853 19.5214
-0.0797778 0.142412 0.667402 1.05979
-0.404956 -0.270722 0.576878 19.2462
-0.0518939 0.392802 0.460615 0.886385
0.38177 0.0319052 0.676624 19.4949
0.528724 -0.0576477 0.609534 51.9558
-0.0314044 -0.178314 0.653353 0.176375
-0.091258 -0.304716 0.571792 2.28681
0.26024 0.223347 0.630787 9.06708
0.23798 -0.00680262 0.690083 2.94215
-0.191633 -0.0981392 0.679389 3.68762
0.415259 0.307389 0.53921 36.0798
0.203896 0.11174 0.67655 2.74989
-0.340521 -0.00446024 0.686087 21.1027
0.570192 -0.171745 0.535422 71.1885
0.126017 0.262172 0.605779 3.15158
0.37901 -0.0397817 0.676949 12.548
-0.296988 -0.299924 0.574958 9.73779
0.556365 -0.102452 0.578444 57.2709
-0.113743 -0.34019 0.534325 1.15428
-0.273324 -0.11535 0.675901 13.2346
-0.171576 0.026004 0.689273 4.42969
-0.0782396 0.143276 0.66722 0.789648
0.12804 -0.265514 0.604347 2.65848
0.454005 0.0449685 0.652284 24.8219
0.332142 -0.203249 0.638763 15.1129
0.44321 0.145732 0.633124 27.6973
0.446879 0.0556154 0.653734 37.0723
0.598794 0.197068 0.485722 73.4282
0.525634 0.113943 0.598688 52.1801
0.30119 0.111861 0.675682 4.56592
0.394338 -0.157705 0.645189 16.7372
0.0869557 -0.0449264 0.687967 1.01331
-0.28532 0.0148869 0.690536 15.0065
-0.00412544 0.08058 0.683317 0.024746
0.481092 -0.0447547 0.639796 25.8235
0.634465 0.0734671 0.504873 75.2616
0.15843 -0.0842338 0.682176 1.59951
0.614749 -0.147827 0.498824 84.1481
0.46106 0.351634 0.453494 43.0015
0.621686 0.181563 0.466945 71.2755
0.216005 -0.246916 0.61621 5.22167
0.0232919 0.0450463 0.687737 0.00180614
0.161442 0.155312 0.662881 1.5862
0.00804162 -0.11416 0.675464 0.35405
0.22946 0.325005 0.552049 9.68286
0.380496 0.204149 0.627916 16.1456
-0.0476268 0.0178428 0.690582 0.0262924
0.118411 0.0794962 0.682997 1.04769
0.220706 0.225848 0.629544 8.73349
0.185765 -0.389361 0.465343 7.9123
0.0387374 0.249846 0.614596 0.517003
0.356148 0.0620186 0.678811 7.9201
-0.0182589 0.0317384 0.689171 0.0122669
0.184327 0.00636646 0.690027 2.55259
0.430196 -0.0801665 0.656473 19.8167
0.115892 0.318051 0.558482 2.1018
0.118561 0.00337635 0.690256 1.35816
0.521299 0.117575 0.600454 59.6231
0.020856 0.0700476 0.685028 0.00033524
0.480404 -0.281099 0.527767 49.1875
0.584948 -0.272707 0.424079 58.1739
-0.0126259 -0.0303608 0.689605 0.0304297
0.439827 0.0630941 0.655192 19.4222
0.363371 -0.0713639 0.676443 12.8114
0.355036 -0.0191175 0.68327 4.66089
0.511881 -0.0252515 0.623643 42.5216
-0.209229 0.0357235 0.689385 6.76543
0.151103 0.164931 0.658692 1.31965
0.11897 0.0538807 0.687158 0.559518
0.665698 0.0492374 0.462362 90.4274
-0.0280998 -0.187552 0.649782 0.0277484
0.603678 -0.113568 0.528763 77.6511
-0.191637 -0.295139 0.579773 5.967
0.439078 0.00248562 0.660822 23.2584
-0.250542 0.0445667 0.688771 7.93259
0.0485513 -0.132767 0.670663 0.0120419
0.5988 0.137041 0.525103 79.746
0.444799 0.0214474 0.657351 26.7598
-0.0281995 -0.0271955 0.689291 0.111435
-0.000125168 -0.0104453 0.690863 0.110126
0.646994 -0.0454974 0.494016 87.3409
0.281629 -0.0306363 0.689899 2.91419
0.455928 -0.0585357 0.649238 27.063
-0.0133553 -0.0403508 0.688537 0.0579379
0.253605 -0.173015 0.655878 5.47207
0.405142 -0.265829 0.580805 24.726
0.560736 0.207257 0.522225 60.953
-0.0183054 0.0631015 0.686536 0.010799
0.294246 -0.186773 0.649066 11.6697
-0.0186515 -0.0752327 0.683844 0.23003
-0.237769 0.00801945 0.690801 7.28249
0.510579 0.225467 0.552843 54.3047
-0.080524 -0.229072 0.627591 0.338541
0.207622 -0.0876083 0.681594 3.4832
-0.300017 0.00606821 0.690052 11.2461
0.296272 0.207524 0.639492 12.2187
-0.319305 0.0933158 0.678747 18.4138
0.158608 0.0585133 0.686404 1.78135
0.19416 0.200002 0.643538 5.75578
0.332066 -0.418891 0.395326 15.5779
-0.215315 -0.00969409 0.690252 6.68149
-0.0153037 0.0237817 0.68978 0.10757
0.207929 -0.0689186 0.685615 1.76855
0.467992 -0.17576 0.60824 34.639
0.259774 -0.348474 0.524702 15.4386
0.378027 -0.126013 0.660374 22.001
0.457016 -0.120755 0.635441 29.6683
0.368079 0.168606 0.648026 14.9762
0.315734 -0.411123 0.419669 17.0291
0.333219 -0.221845 0.628535 12.1815
-0.0674538 -0.315901 0.560729 0.287688
0.322054 0.204633 0.63847 9.59474
-0.222132 -0.158391 0.661419 4.88543
0.537379 -0.186182 0.556751 60.7395
0.310658 0.188606 0.647812 14.7422
0.365844 -0.203906 0.631258 20.5352
0.19804 -0.00235766 0.690021 1.69884
-0.0294406 -0.0178488 0.689984 0.0224557
0.193442 -0.13261 0.670384 3.67775
-0.15262 0.167911 0.657808 1.99676
-0.0179101 -0.311035 0.56626 0.154743
0.225795 0.0520604 0.687456 2.27419
0.357209 -0.191354 0.639575 19.429
0.117283 0.236529 0.623084 3.37209
0.382448 -0.0838702 0.670096 14.5066
0.00692007 -0.142679 0.667758 0.280671
0.475464 0.0048083 0.645187 30.5075
0.12072 -0.0920248 0.681172 0.520669
0.379027 0.00628322 0.679018 15.5031
0.0204811 0.0567838 0.687047 0.14134
0.225985 -0.0407557 0.688615 1.80849
0.386624 0.374306 0.464639 29.9503
0.557126 0.127974 0.569142 60.0214
0.569143 0.175062 0.535861 75.1634
0.173257 0.27156 0.59989 4.24311
-0.409302 -0.179911 0.631204 22.4264
0.447888 0.238306 0.581996 32.6059
0.339961 -0.272448 0.593607 15.1754
0.354648 0.17363 0.648492 13.9413
-0.0589088 0.265882 0.603509 0.334507
0.457516 -0.12968 0.631633 35.0643
0.344801 0.347188 0.51891 17.9288
0.20838 -0.056165 0.686562 1.94489
0.115814 0.10154 0.679138 0.469245
-0.143608 0.244929 0.617643 5.29527
0.490621 0.000544369 0.636757 26.8143
-0.0079825 0.0920851 0.680549 0.00311634
0.388599 -0.175463 0.639733 21.1655
-0.224607 -0.0195303 0.690372 7.78924
0.107063 -0.232161 0.626353 1.88597
0.435974 0.250551 0.579531 41.0583
-0.0511626 -0.0279817 0.689453 0.0860346
-0.00273841 -0.16764 0.658149 0.0266182
0.417831 -0.065942 0.662547 27.0653
0.202323 0.0311578 0.689803 1.44844
0.175465 -0.21747 0.63481 2.302
-0.13211 0.0981654 0.680005 2.98831
-0.00536782 0.0436862 0.688835 0.0384082
0.187877 -0.255155 0.610591 2.84507
-0.157539 0.0246253 0.689667 1.70402
0.330217 -0.107715 0.674236 11.9774
0.367718 0.118066 0.665489 21.0148
-0.0144837 -0.121534 0.673595 0.000132272
0.244007 0.34455 0.529852 5.8568
-0.112572 -0.170326 0.657166 2.02238
0.0581957 -0.131881 0.670742 0.628926
0.435567 -0.238614 0.588248 34.888
-0.413996 -0.0845751 0.660788 24.6334
0.0534885 0.0370888 0.689314 0.14825
-0.0659713 0.350946 0.522245 0.162822
-0.197411 -0.406086 0.433505 2.91588
0.405282 -0.156249 0.642947 18.2014
0.590655 -0.132762 0.535631 75.3634
0.315321 -0.0122234 0.688289 3.07654
0.192269 -0.0994726 0.679441 2.04722
0.620929 -0.0121317 0.530794 81.7906
0.564098 0.08106 0.577849 53.8589
0.341276 -0.131893 0.665561 10.493
-0.0786092 0.326967 0.549223 0.772515
-0.148432 0.0891767 0.68123 5.25014
0.20669 0.150065 0.664551 2.74521
0.407121 -0.111004 0.657419 20.3362
0.269935 0.0929183 0.680756 5.02516
-0.231154 -0.301487 0.574875 7.82588
0.220353 0.140328 0.667575 3.15957
0.274601 -0.148436 0.66532 10.3072
-0.103722 -0.235846 0.62427 2.27791
-0.0149224 -0.117853 0.674707 0.0787899
0.148768 0.102077 0.678336 1.06745
0.27096 -0.0709247 0.685114 3.16976
0.051832 0.248703 0.614951 0.105125
0.582737 -0.226697 0.481606 73.3727
0.0419613 -0.297221 0.578579 0.715053
0.560928 0.0966673 0.576526 55.9652
-0.277504 -0.0188835 0.689996 9.90019
0.331713 0.262153 0.602554 14.6528
0.477085 0.134499 0.621168 37.8013
-0.196361 0.310126 0.566536 5.95053
0.0314778 -0.145667 0.66667 0.862621
0.220052 -0.00378418 0.690433 1.86207
-0.416968 0.267193 0.575225 16.2956
0.629336 -0.170033 0.463822 80.1827
0.377065 0.059091 0.675638 8.64017
0.129804 -0.180906 0.652438 2.15164
0.19704 0.109663 0.677027 2.54217
0.0627543 0.125528 0.672309 0.05222
-0.122274 0.255895 0.610686 1.03198
0.487527 0.0183302 0.637989 48.1213
0.487729 0.0471738 0.635057 31.376
0.200691 0.208377 0.639091 3.79004
-0.0453528 -0.0866797 0.682444 0.106226
0.493809 0.230074 0.560988 54.4096
-0.458468 0.182431 0.610071 23.0841
0.418029 0.0602644 0.663452 21.2804
0.598949 -0.16291 0.509404 72.1149
0.342522 -0.276232 0.589403 22.0229
0.23179 0.179766 0.65269 6.88028
0.380959 -0.213018 0.623188 21.228
0.0758418 -0.0931733 0.680792 0.327168
0.278413 -0.431197 0.370754 9.99139
0.513736 -0.19299 0.570982 52.2223
0.665102 0.135118 0.425959 81.942
-0.218696 0.0831691 0.683119 5.83876
-0.0198045 -0.346874 0.527809 0.00104694
-0.170021 -0.304469 0.571379 3.53856
0.4439 0.0789208 0.651335 21.6898
0.284674 0.277876 0.593751 8.64442
0.463397 -0.126873 0.629965 27.1089
-0.0601401 0.304175 0.5716 0.0214187
-0.0153519 0.0207877 0.689983 0.0105319
-0.116656 0.30668 0.57026 1.52179
-0.0728961 0.0420892 0.688288 0.208038
0.15139 0.0913628 0.6808 1.65743
-0.0497373 0.090111 0.681463 0.15329
0.609593 -0.0607141 0.538265 86.9593
0.16557 0.16462 0.659358 2.89606
0.443339 -0.0407112 0.65707 22.907
0.266868 0.0536626 0.687361 2.12664
-0.104052 0.140348 0.66816 0.702426
-0.0631384 0.164078 0.659536 0.136118
0.566821 0.0737219 0.577612 72.36
0.185883 0.0398816 0.688945 2.57556
0.25482 -0.0279384 0.689773 2.87661
-0.00307294 0.0113188 0.689977 0.287341
-0.301236 0.289629 0.584384 14.7931
0.474356 -0.0775586 0.637701 32.7842
0.394335 0.11253 0.659898 20.9678
-0.311008 0.211507 0.63636 10.9691
0.520009 0.0156841 0.618978 37.9218
0.000528887 0.130931 0.671542 0.020086
0.395162 0.307858 0.546751 28.9176
0.0312281 0.275398 0.596136 0.851596
0.0742994 -0.328215 0.548132 2.62638
0.465428 0.355924 0.441676 40.9771
0.47448 0.248492 0.559641 43.624
0.0175949 -0.169209 0.657791 0.176667
0.146676 0.128222 0.67153 0.998765
0.387366 0.210912 0.622788 29.2852
0.0211554 0.248665 0.615134 0.0583566
0.506823 -0.0490571 0.624834 51.919
-0.330787 -0.311265 0.560731 13.9558
0.00476395 0.211305 0.637946 0.298802
-0.116939 0.22243 0.631165 0.884426
0.241191 -0.145939 0.665831 7.01971
0.368282 0.0168344 0.680507 7.89201
-0.0556445 0.31846 0.558807 0.38702
0.409575 -0.353626 0.48487 29.2823
0.391562 0.191721 0.630969 20.5405
0.644756 -0.0976783 0.48111 80.1678
-0.346458 -0.0977563 0.674397 22.8441
0.0593827 0.152521 0.66371 0.803323
0.231262 -0.0412834 0.688986 1.8388
0.590374 -0.169419 0.51666 69.0978
0.220969 0.177874 0.654215 8.21186
-0.156852 0.223684 0.631115 2.91154
0.0472966 -0.0240446 0.69008 0.171806
0.0567308 0.0295854 0.689223 0.571834
0.599946 0.112768 0.533983 76.1703
0.312335 -0.171676 0.655074 7.69216
0.11714 0.0243606 0.690139 1.08323
-0.0651859 0.0148257 0.68996 1.32016
-0.273521 0.0153156 0.690416 12.5465
0.422102 0.14902 0.639345 23.0524
0.440863 0.133188 0.637916 25.1088
0.649448 0.0365392 0.491569 80.8023
0.17833 0.112852 0.676336 3.68866
0.33277 -0.108449 0.673455 9.51792
0.37798 -0.303113 0.55772 27.4601
0.537428 -0.287625 0.468623 51.0481
0.0687648 0.246767 0.616445 0.406047
0.238823 0.36937 0.498141 9.40925
0.143438 0.341243 0.533627 2.60476
-0.208197 0.220512 0.633139 10.5373
0.497608 0.0359053 0.631081 35.617
0.285661 0.168643 0.657705 6.61753
0.0965047 -0.172361 0.656272 1.50387
0.351836 0.113314 0.669129 11.5266
0.540506 0.218922 0.532548 56.0645
0.123354 0.155129 0.663158 3.03186
0.265464 0.133907 0.669681 8.51769
-0.010507 -0.212455 0.636691 0.00547949
-0.210698 0.114612 0.676026 10.231
-0.0365922 -0.109891 0.676373 0.214325
0.0913405 -0.137634 0.669161 1.42832
0.240303 0.146174 0.666333 7.00919
0.284734 -0.22566 0.629894 8.07695
0.144164 -0.0275625 0.689279 0.99675
0.31028 0.279867 0.591752 15.7879
0.363213 -0.189217 0.639857 21.7201
0.257178 -0.236282 0.622892 8.19351
0.037226 -0.210458 0.638492 1.01485
-0.229568 0.327962 0.548296 4.51066
-0.0156069 -0.0276085 0.689936 0.00243161
-0.377879 0.255263 0.596883 18.9605
0.221311 0.0857584 0.681991 2.2621
0.10946 -0.115394 0.675339 1.32511
0.350803 -0.101181 0.673178 9.51081
0.131994 0.393902 0.457047 1.11947
0.466513 -0.0063131 0.649396 38.081
-0.426058 -0.200448 0.615355 22.2736
0.32248 -0.023411 0.687486 3.64314
0.00189808 0.185269 0.651051 0.390844
0.503344 0.0849016 0.620765 33.1431
-0.417999 0.113309 0.652936 24.1001
0.608858 0.168211 0.494557 75.2203
0.280199 0.257163 0.609748 13.4388
0.306728 -0.230302 0.62573 14.4029
-0.226159 -0.0186068 0.689772 7.52145
0.298004 0.162082 0.659431 10.6991
0.213487 0.186025 0.650399 4.20983
-0.444632 0.112409 0.642935 26.948
0.122356 0.312942 0.563476 1.02571
0.175249 -0.251432 0.614114 5.92397
-0.200346 -0.0825639 0.68258 3.60169
0.40771 -0.165968 0.637864 24.7353
-0.0668216 0.0156486 0.69014 1.7116
0.465192 0.105751 0.636114 31.0489
0.201605 0.13409 0.669654 2.48251
-0.279953 -0.324275 0.552836 9.63737
0.401058 0.217435 0.614732 26.5084
0.242832 0.391161 0.462084 11.7601
-0.0933492 0.0976854 0.679514 1.0202
-0.375214 0.145097 0.654998 20.9961
0.0929045 0.0164944 0.690265 0.33072
0.277837 -0.163914 0.659526 11.2363
0.110889 -0.136221 0.669593 0.896819
0.345818 0.291176 0.577405 17.1332
-0.159375 -0.0887825 0.682019 2.82849
0.461774 0.11065 0.636272 24.4516
0.338818 -0.0390295 0.684222 9.89604
-0.107477 -0.0366213 0.688639 1.08222
0.224036 0.257728 0.609182 4.86252
-0.0161522 0.00347407 0.69082 2.43428e-05
0.132807 -0.289912 0.584097 2.7993
0.0203453 -0.152833 0.663636 0.0165373
0.134415 0.326985 0.549049 2.02149
-0.18624 0.180831 0.652485 5.03597
0.428713 0.117004 0.647527 20.4118
0.515339 0.0254573 0.622252 52.1884
-0.483434 0.0487022 0.637561 27.0118
0.463018 -0.0637751 0.645467 29.0882
2.41223e-05 0.0679575 0.68544 0.22034
-0.15084 -0.00437088 0.690322 2.36482
-0.255322 0.273477 0.597255 6.69457
-0.213699 -0.262552 0.605894 6.44306
0.608889 -0.0878111 0.532549 77.1124
-0.0881583 -0.172065 0.656571 2.3422
-0.206312 -0.0798392 0.68289 9.85756
0.334836 0.336903 0.533126 20.0493
0.472642 0.195339 0.595564 48.2053
0.464692 0.210952 0.591639 36.1493
-0.335054 0.142506 0.663953 21.855
0.0141526 -0.256667 0.609985 0.147921
0.0116634 -0.123224 0.672791 0.00839017
-0.0602917 -0.290646 0.58428 0.0819854
0.365696 0.0487449 0.678751 8.92007
-0.0022598 0.366552 0.501868 0.00937674
0.636037 -0.0220756 0.511654 77.1731
-0.356595 -0.293325 0.571869 12.9907
-0.293652 -0.0751819 0.684211 13.1729
-0.152635 -0.202059 0.64229 3.50728
0.384717 0.10474 0.664595 14.4107
0.448482 -0.0583356 0.652448 36.7896
0.109526 -0.0748222 0.684327 0.5659
0.0781057 0.236055 0.623118 1.92002
0.502681 0.123579 0.610445 35.6923
0.245322 0.080169 0.682915 2.82257
0.151203 0.272648 0.59798 4.78876
0.562538 0.000609033 0.588366 54.2338
0.292761 0.0535409 0.687077 5.16879
-0.253595 -0.10601 0.677578 7.71579
0.198735 0.322929 0.55326 3.43524
0.197871 0.238155 0.6227 8.82239
0.329417 -0.0724584 0.681563 10.5018
-0.0468579 0.187942 0.648876 0.312799
0.359253 -0.109745 0.669172 11.5962
0.0112577 0.0208429 0.689912 3.74829e-05
0.42686 0.00433325 0.66472 16.4266
0.032702 0.276317 0.595633 0.820223
0.428237 -0.221172 0.601986 28.6571
0.378104 0.179977 0.640438 22.178
0.0731228 -0.181897 0.652057 0.120264
0.462269 0.217487 0.589014 31.5286
-0.267924 -0.152073 0.663837 8.5169
0.630358 -0.0743574 0.510333 82.924
0.0247856 -0.188279 0.64871 0.069069
0.443776 -0.152462 0.629462 31.337
0.302764 0.252436 0.612633 15.0514
0.286799 -0.384011 0.474108 10.4378
0.175555 -0.126182 0.672887 1.87123
0.190355 0.2371 0.622707 3.39394
0.301745 0.403188 0.437963 9.95679
0.399002 -0.0946314 0.663369 17.203
0.324895 -0.18155 0.649618 10.2191
0.568104 -0.222948 0.501503 63.4097
0.0580626 -0.388741 0.466302 0.364509
0.136931 0.131234 0.670702 2.06783
0.0683676 -0.383052 0.476877 0.624738
0.0711195 -0.0158069 0.690088 0.163665
0.124304 0.299401 0.576694 4.90797
0.435568 0.10993 0.647351 26.9605
0.2506 0.0819648 0.682638 2.34785
0.108947 0.293711 0.581359 2.86785
0.127297 -0.00961543 0.690603 0.649131
0.0456884 -0.141374 0.667652 0.341155
0.247919 -0.288785 0.585716 8.98263
0.451823 0.252629 0.5693 31.1818
0.291778 0.38471 0.47439 13.2707
0.483789 -0.0740075 0.633146 34.3321
0.488648 0.0744316 0.630832 46.0005
0.159068 -0.227414 0.629141 3.6228
-0.0959808 -0.0931271 0.680322 0.994968
-0.340621 -0.0721515 0.680154 17.5448
0.264904 0.135523 0.669109 4.06805
-0.0617496 0.0884259 0.681416 1.83701
0.376616 -0.0581871 0.675689 14.541
0.405639 -0.335854 0.511615 36.6075
0.286755 -0.14882 0.665168 8.72578
0.396375 -0.237526 0.604204 29.2858
0.153811 -0.0389231 0.689001 1.62933
0.255159 -0.297238 0.578934 8.97423
0.484636 -0.0644087 0.634818 29.3218
-0.193602 0.107954 0.677178 4.0772
0.368915 0.0483496 0.678986 7.26226
0.0607429 -0.176651 0.654603 1.15765
0.173653 -0.212802 0.636937 2.82953
0.166707 0.0927743 0.680823 1.86782
-0.0979825 0.176383 0.65501 0.961612
-0.305836 0.00729358 0.689977 14.9235
0.0424562 0.122445 0.673616 0.203165
0.199435 -0.0160669 0.69016 1.52393
0.0408619 0.185878 0.649906 0.149602
0.365265 -0.0372822 0.680747 11.8566
0.564984 0.141499 0.556808 58.981
0.531137 0.0460185 0.609079 48.041
0.624318 -0.210614 0.43437 75.0674
0.485395 -0.0460951 0.637164 40.9051
0.303871 -0.132154 0.670368 6.03564
-0.356203 -0.240362 0.613004 14.8715
0.416138 0.0925171 0.658417 15.2818
-0.0462598 -0.0494696 0.687814 0.417449
-0.0190634 -0.0512574 0.687886 0.0018569
0.219099 0.302622 0.573134 7.10039
0.278073 -0.1915 0.648095 9.55954
0.511748 0.0653914 0.618913 40.1812
0.278061 0.184911 0.650721 5.93094
0.158775 -0.0953423 0.680364 2.38203
-0.186134 0.153497 0.663165 3.59894
0.125465 -0.229202 0.627646 1.98357
-0.123523 -0.0761638 0.683975 2.37576
0.461872 0.19913 0.599451 36.3532
0.351308 0.166694 0.651456 11.6736
0.580371 0.0578006 0.568484 64.7861
0.381684 -0.196141 0.63225 22.0812
0.362839 -0.0396587 0.680221 9.21155
0.075976 0.147739 0.665745 1.12095
0.154498 0.206765 0.639963 1.97931
0.484414 -0.274884 0.530645 44.5297
0.545484 -0.197178 0.543807 60.8068
0.507258 0.219498 0.559871 53.952
0.364273 -0.252135 0.603373 20.6963
-0.196726 0.391859 0.462165 4.13844
0.368733 -0.199791 0.633738 16.5738
0.318399 0.0222715 0.687946 3.98386
0.0746878 -0.260605 0.607 0.269836
0.504248 0.055243 0.625845 39.8201
0.159731 0.0417477 0.688567 1.73559
0.416212 0.105273 0.655991 17.3603
0.512183 0.0545037 0.62006 43.5849
-0.0696901 0.160081 0.661028 0.249818
-0.276165 0.0564578 0.686494 15.3235
0.0870766 0.371377 0.495178 2.50599
-0.188165 -0.013704 0.690068 5.71166
0.165158 -0.169234 0.657139 4.06307
-0.384987 -0.0712468 0.671765 25.8979
0.125809 0.127164 0.672196 2.56443
0.350476 0.216085 0.628142 18.4069
0.583383 0.146183 0.536907 66.6755
0.410351 -0.0123554 0.67044 19.6048
0.0366128 0.0980328 0.679536 0.0108446
0.37584 0.230144 0.614794 25.1939
-0.111668 0.133873 0.67051 0.666553
0.22585 -0.225098 0.629719 6.84452
0.199833 0.177382 0.654397 3.13894
0.107117 0.048212 0.687559 0.725717
-0.073237 0.289393 0.585571 0.558604
-0.000384716 0.0498009 0.687593 0.0194987
0.143137 -0.0936773 0.680471 1.30001
-0.271566 -0.0319591 0.689678 11.3896
0.498977 0.051509 0.629392 36.892
0.309959 -0.28313 0.588216 16.6945
0.404045 0.170563 0.637556 29.2536
-0.124775 -0.317761 0.559608 4.21418
-0.214758 -0.1954 0.645771 5.30174
-0.16523 0.160215 0.660911 4.31312
0.323341 0.0424252 0.685742 7.51324
0.506815 -0.05062 0.624717 44.8075
0.277055 -0.152342 0.663716 4.88644
-0.321267 0.109895 0.674355 17.6323
0.252153 0.259345 0.608546 12.34
0.136217 0.108212 0.67735 1.46223
-0.182626 0.333322 0.543323 4.45108
0.424438 0.102519 0.653601 19.3459
-0.00439402 -0.0270241 0.689758 0.0310897
0.233653 -0.245582 0.618037 9.50407
-0.26234 -0.308201 0.568536 8.49604
0.343685 0.194764 0.640283 13.9429
-0.305071 -0.052867 0.686881 12.2736
0.226543 0.223761 0.630844 5.18526
0.468707 -0.0775629 0.64014 31.7674
0.162265 0.139885 0.667893 3.79303
-0.0122244 0.0768425 0.684368 0.00796679
0.455694 0.208683 0.59674 34.4383
0.139444 -0.167761 0.657775 3.1084
0.548917 0.1519 0.565193 58.7683
0.0981873 0.0401581 0.68834 0.781032
0.120022 0.0945273 0.680243 1.80732
0.33935 -0.044599 0.683809 11.681
0.129212 0.0859988 0.68188 1.70937
0.537324 -0.0120817 0.60802 58.5567
-0.0603464 0.287328 0.586836 0.23334
0.126334 0.135918 0.669094 1.05652
-0.0705382 0.319957 0.556399 0.0549401
0.0629771 0.278403 0.594456 1.18505
0.35202 0.341692 0.523563 27.5365
0.0705622 -0.234506 0.624214 0.717693
-0.106346 0.0422595 0.688966 1.00443
0.509831 0.0941911 0.614752 43.135
-0.155072 -0.0220226 0.689937 2.85522
0.196787 0.0032495 0.690972 1.58917
0.123937 0.0016237 0.690613 0.715813
0.430685 -0.260089 0.574696 31.0398
0.292504 0.212679 0.636542 11.6558
0.0873171 0.108021 0.676918 0.58131
-0.0727615 -0.0775124 0.683458 1.8904
-0.0955494 -0.0158639 0.690566 1.73434
0.475656 -0.0572962 0.640716 40.9315
0.503433 0.0221861 0.628817 35.816
0.292732 -0.0365605 0.688882 3.67001
-0.185728 0.0683967 0.685532 2.90887
0.0303238 -0.171952 0.656254 0.0150553
-0.292669 0.207471 0.639196 12.1751
0.117172 0.267335 0.602006 1.74401
-0.218693 0.0420479 0.68841 7.0383
0.479192 -0.281127 0.52785 38.8476
-0.319511 0.245249 0.615289 16.6603
0.3426 0.113912 0.67113 12.9164
0.260659 0.030831 0.689374 5.40146
-0.100909 0.110529 0.676685 1.5217
0.196393 -0.185064 0.650179 4.84738
0.0735828 0.131249 0.670749 0.736926
0.411855 0.162555 0.637626 21.1504
0.290794 0.0666768 0.685688 4.5906
0.230951 0.283787 0.590375 8.2128
0.507254 0.00104904 0.62703 35.5295
-0.130548 0.0771331 0.683425 2.38595
0.143807 -0.0543119 0.687112 0.984895
-0.222495 -0.293262 0.581669 6.14985
0.636296 0.0174563 0.510903 81.1177
-0.188624 -0.199646 0.644167 8.5586
-0.0491193 0.0112252 0.69026 0.139093
0.378623 0.31519 0.544988 28.7362
-0.120205 0.284238 0.58901 2.3454
0.197427 -0.0248941 0.689824 2.06653
0.0194528 0.171665 0.656078 0.0778743
0.458392 -0.145189 0.625886 26.5654
0.474192 -0.199147 0.592664 35.6867
0.377475 -0.0407183 0.67769 9.27437
0.547819 -0.0121329 0.60021 60.4042
0.348294 -0.155637 0.657301 9.73909
-0.0597754 0.0621755 0.685978 0.0195471
0.278796 0.124755 0.673125 5.1173
0.135212 0.0669837 0.68547 0.736807
0.232912 0.342077 0.533045 10.4829
-0.144582 -0.0495305 0.687635 5.25749
0.398138 0.241849 0.600398 22.9242
0.471586 0.0830294 0.63757 30.1243
-0.0370492 0.103793 0.678559 0.195454
0.448563 -0.160698 0.624578 29.4932
0.180866 -0.0998593 0.679283 1.59499
-0.00283511 -0.0644707 0.685427 0.301535
0.592523 -0.227427 0.467867 66.6606
0.237165 0.191 0.648297 7.73383
0.502273 0.0526979 0.627147 40.125
-0.135074 -0.00902301 0.690585 1.71775
0.40751 0.00356078 0.671666 19.0889
-0.234669 0.1761 0.654409 10.2706
-0.250786 0.0757704 0.684295 9.69947
0.0603159 0.135035 0.66958 0.469392
-0.11624 0.407951 0.431495 1.01848
0.112357 0.312491 0.563659 4.07993
0.374116 -0.428156 0.339719 18.6123
-0.420056 -0.159526 0.636701 22.5985
-0.0557578 -0.000706727 0.690367 0.423224
0.0348897 -0.354511 0.518307 0.118008
-0.0531809 -0.378454 0.48453 0.00374747
0.413815 0.153577 0.640494 17.8104
0.196891 0.106603 0.67791 2.47436
0.331445 -0.139861 0.665138 9.3584
0.36264 -0.212052 0.628489 16.1137
-0.0386359 0.0922776 0.680488 0.318002
0.436673 -0.157713 0.631209 32.5527
0.528911 0.348406 0.373388 39.1338
0.57369 -0.2918 0.411829 59.3483
0.616119 -0.121889 0.511249 85.8593
0.108811 -0.184677 0.650576 0.866366
0.0212937 -0.091799 0.681193 0.207931
0.420605 0.0588129 0.663314 15.3274
0.085142 0.160925 0.661021 1.99586
-0.0706366 -0.320482 0.556536 0.676507
-0.125913 -0.0304643 0.689352 2.79322
0.302605 0.165128 0.657929 13.7301
0.200106 0.33144 0.544821 4.04051
0.0261522 -0.344242 0.529885 0.887659
0.268508 -0.149381 0.664693 4.41115
0.120554 -0.0689328 0.685599 0.606698
-0.0124587 -0.137928 0.668564 0.177601
0.207521 0.111145 0.676839 2.1338
-0.199121 -0.0943327 0.680703 3.64195
0.177434 0.129455 0.671505 3.73367
-0.000926769 -0.0719462 0.684478 0.114795
0.0542125 -0.308475 0.567769 0.595141
0.0705204 0.148568 0.664798 1.19063
0.666501 -0.0740034 0.453573 86.917
0.349879 -0.157303 0.655416 14.5661
0.374272 0.133452 0.659014 19.0376
0.0695961 -0.221884 0.631534 0.830949
0.240184 -0.0969199 0.679569 2.7247
0.142656 -0.165427 0.658654 1.58979
0.0998801 0.176114 0.654559 1.63744
0.631118 0.0685801 0.509979 88.476
0.404362 0.152197 0.64464 18.0854
0.47416 -0.137534 0.621087 31.5708
-0.361571 -0.073709 0.676852 21.9448
-0.145439 0.0206284 0.690479 1.3345
-0.019277 -0.0890635 0.681418 0.02364
0.0924219 0.250676 0.614105 2.21547
0.553124 -0.172969 0.551528 54.5752
0.418491 -0.136492 0.64599 21.6539
0.197229 0.267324 0.601895 5.91703
0.41127 -0.25697 0.584554 26.6022
-0.175445 0.270313 0.600206 5.22381
0.535449 -0.280327 0.480063 53.3984
-0.204256 -0.179081 0.65386 3.69843
0.00485471 -0.0299906 0.689115 0.0799102
0.298044 -0.138183 0.668036 6.05183
0.1763 -0.219191 0.633609 2.90383
0.234438 -0.224468 0.630659 8.69458
0.430988 0.0535483 0.660302 17.4689
0.0399392 0.0428925 0.688105 0.546267
-0.0627573 -0.140823 0.668046 0.0891502
-0.111332 0.335639 0.540309 2.40049
0.405947 0.0318818 0.670414 12.6029
-0.346152 0.260677 0.601342 16.2458
-0.282757 -0.323745 0.553043 8.74106
0.111433 -0.0754172 0.684215 1.3384
0.0594885 0.355782 0.51563 1.85754
0.31334 -0.183808 0.649721 13.0013
0.360166 -0.122555 0.665434 10.5744
-0.331545 0.178505 0.650359 18.2583
0.155659 0.0739995 0.68411 1.50518
0.52396 -0.106514 0.601425 47.0875
0.406383 0.0896425 0.662364 21.9029
0.160615 -0.24906 0.615729 3.37709
0.610517 -0.104582 0.525078 76.0622
0.273094 -0.20833 0.639273 7.65144
0.0795539 -0.142564 0.667027 0.119403
0.0639355 0.0306976 0.689024 0.374228
0.408621 0.146215 0.645019 20.8678
0.215354 -0.206003 0.641125 6.10352
-0.29381 0.281599 0.590789 11.2241
0.013165 0.0836088 0.682892 0.107955
0.370101 -0.0830898 0.672732 19.9035
0.447743 -0.0553296 0.653039 22.5083
0.118856 -0.0790642 0.683898 0.597901
0.418591 0.279244 0.563428 34.3201
0.383522 0.0897451 0.668877 19.1033
-0.116536 0.0149614 0.689767 1.51242
0.541358 0.0142256 0.605094 61.5836
-0.215741 -0.21767 0.634052 5.29381
-0.348883 0.154982 0.65651 18.8192
0.373286 0.186151 0.639399 16.5744
0.656852 -0.0171387 0.481747 86.214
0.621955 0.0202005 0.529005 89.0713
0.452155 0.066253 0.650332 30.2761
0.219939 0.0656999 0.685509 1.95438
-0.00343535 -0.0962093 0.680007 0.042913
-0.0057193 -0.0365488 0.688705 0.0399967
-0.0549053 -0.0248662 0.690015 0.0196669
0.155118 -0.160772 0.661253 2.30442
0.277286 -0.19879 0.644226 9.99358
0.65143 -0.0159763 0.491358 92.094
0.679095 -0.0564291 0.434882 88.0984
0.00687149 0.167912 0.657465 0.00996906
0.13164 0.193309 0.64683 2.61672
0.417851 -0.0149591 0.667595 25.5658
0.170871 -0.0922486 0.68052 3.23922
-0.264773 -0.0884587 0.681556 7.9664
0.036462 0.106132 0.67772 0.457471
0.420929 0.0306576 0.665547 20.1643
0.612505 0.104707 0.522711 68.6837
-0.295979 0.176908 0.654364 12.6123
-0.393557 0.118068 0.658775 25.868
-0.412046 0.00757994 0.670376 23.6201
0.235951 -0.088605 0.681239 4.1378
0.0177117 0.0490558 0.687722 0.0566676
0.034587 0.0043767 0.690188 0.0396453
0.143414 -0.197135 0.645176 2.42714
-0.267861 -0.0378806 0.688439 9.39988
0.343203 -0.0603802 0.681247 5.21937
-0.291613 0.0860533 0.68222 13.9701
0.214839 0.0774831 0.683991 2.07141
0.393043 -0.194834 0.629371 28.8926
0.0750621 0.0908872 0.681468 0.141966
0.554935 -0.0258188 0.593365 58.272
0.316224 -0.317104 0.556901 15.5189
-0.304452 0.128076 0.67099 13.4651
-0.0366512 0.0186313 0.689818 0.0862316
0.495378 -0.131591 0.611919 45.5113
0.0622411 0.200422 0.643271 0.537321
0.433667 -0.108855 0.648369 21.1925
0.382548 0.292444 0.565917 20.1829
0.121765 -0.0787736 0.683602 1.70895
-0.297137 0.294366 0.58018 10.5206
0.441396 0.0776306 0.652632 31.3971
0.501494 0.00494661 0.630605 36.8242
0.651118 -0.0382241 0.489215 88.8711
-0.154239 -0.28091 0.591771 6.32439
0.0419597 0.0924261 0.680752 0.636467
0.0166603 -0.0126473 0.689911 0.123022
0.331887 -0.13436 0.666199 8.25041
0.131217 -0.213421 0.636544 2.65986
0.361783 -0.187794 0.640441 15.1295
0.146383 -0.144351 0.666315 2.01784
0.289482 -0.291766 0.58276 11.5584
-0.0252895 0.328059 0.547969 0.00775602
-0.204894 0.139988 0.667686 7.29096
-0.113456 0.0624549 0.685656 3.68272
0.414891 0.343466 0.496222 33.03
0.390895 -0.167844 0.642141 16.8171
0.325406 -0.149876 0.661835 9.62461
0.458101 -0.0950893 0.641366 32.9146
0.386866 -0.152741 0.649651 15.0835
0.296948 -0.0877216 0.681343 7.74312
-0.224067 0.161205 0.660832 7.28287
-0.30183 -0.0431724 0.687573 19.4242
-0.401445 -0.158457 0.642738 24.6955
-0.240258 0.229024 0.627403 5.80387
0.222365 0.101511 0.678722 2.25682
0.295057 0.382293 0.476487 14.2987
-0.0404078 0.131944 0.671005 0.378313
0.20174 0.182171 0.651966 3.779
0.173043 -0.0530181 0.687091 1.53243
0.387048 -0.141256 0.65333 16.0339
0.0589315 -0.242996 0.618737 1.22906
0.38149 -0.331514 0.526449 22.0541
0.265315 0.373975 0.491589 12.0449
0.515288 0.036459 0.620552 39.0088
-0.0699323 -0.260822 0.607008 0.0717205
-0.256931 0.0743217 0.684211 11.9401
0.139104 0.276243 0.595441 4.96233
0.191668 -0.171785 0.656316 2.67573
0.00854984 -3.07001e-05 0.690826 0.000260739
0.43604 0.0928644 0.650839 20.2278
0.299579 -0.014388 0.690153 3.19576
0.0201224 -0.0405711 0.688777 0.0531581
0.648726 -0.124402 0.462365 80.8335
0.349457 -0.404724 0.424401 14.2539
0.377813 0.152615 0.651427 17.0559
0.318081 0.117204 0.673169 5.93261
0.512919 -0.0834457 0.615027 41.0804
0.311444 -0.0716954 0.682961 4.30502
0.213683 0.256131 0.610983 5.3082
-0.0974507 0.190566 0.647725 2.75811
0.115058 0.207126 0.639615 3.20321
-0.438559 0.00372212 0.660664 26.6392
0.0353167 -0.0995382 0.679265 0.243058
0.0846318 0.22277 0.631958 0.407159
0.376807 0.202303 0.630519 15.4737
0.31839 -0.231028 0.624119 16.9722
0.599896 0.11566 0.532634 70.1615
0.44084 0.134617 0.637677 27.1352
0.486021 -0.0794657 0.631513 32.9529
-0.0391162 0.0943801 0.68094 1.137
0.451945 -0.0713433 0.648849 23.7116
-0.149208 0.221114 0.632896 3.70469
-0.0213873 -0.107423 0.677171 0.0882962
-0.0323542 0.158349 0.661614 0.273878
0.570963 -0.296786 0.408232 56.3826
0.371142 -0.0637065 0.676122 18.9005
0.436638 0.0144755 0.66143 18.3744
-0.0978203 0.0761413 0.68385 0.373119
-0.0450614 -0.123915 0.673468 0.444222
0.404575 0.234305 0.602722 29.9287
0.488153 0.118488 0.620619 36.9503
0.174895 -0.210244 0.638297 2.15611
0.490678 -0.0741947 0.629975 37.8508
0.380672 0.253057 0.597754 19.8147
0.419894 -0.176095 0.629498 29.0222
-0.0265714 -0.113305 0.675799 0.420177
0.569634 0.147426 0.549729 72.13
0.649352 -0.11086 0.468612 85.0992
0.277861 -0.0850916 0.682011 6.09764
0.395544 0.188788 0.631812 23.053
0.425031 0.20888 0.611041 25.0384
0.393666 -0.0838759 0.667613 15.6446
0.294536 -0.367871 0.498749 11.9017
0.248927 -0.156863 0.66207 9.0293
0.0163237 0.149083 0.665416 0.318429
0.330411 0.00446688 0.687791 6.55745
-0.0732066 0.0199653 0.690314 2.08723
0.128848 0.319012 0.558267 1.7544
0.0298038 -0.292232 0.582092 1.99619e-05
0.452928 0.104325 0.641578 29.0538
0.168871 0.207146 0.640092 3.73383
0.102361 -0.131126 0.671302 1.24978
0.0946066 0.0721973 0.684729 0.874855
0.348957 0.275819 0.588214 20.1353
0.473711 -0.00655288 0.646015 26.6593
0.435631 -0.0628351 0.656938 21.074
0.182357 0.062529 0.686154 3.3435
-0.0272735 -0.0691272 0.685027 0.0624634
-0.0809054 -0.141116 0.667681 0.372315
-0.42994 0.00414323 0.663763 28.6226
0.570379 -0.0236113 0.582032 58
0.212921 0.26129 0.60724 7.72159
-0.0471815 0.287714 0.586599 0.825391
0.620107 0.173785 0.475487 75.1692
-0.244492 -0.190838 0.647681 6.86535
0.0948155 -0.242955 0.619823 1.03408
-0.118973 -0.137922 0.669275 0.652771
-0.0176764 0.00788767 0.690846 0.0223622
0.410206 0.222762 0.607981 28.4151
0.145063 -0.320459 0.556372 1.9958
0.355325 0.17975 0.645933 20.1464
-0.385384 0.0752271 0.671091 23.4132
0.138765 -0.160315 0.661187 3.00545
0.278417 0.0845697 0.682868 4.06976
0.554633 -0.119643 0.574392 71.1643
0.00433414 0.222431 0.631556 0.159488
0.471032 -0.0413877 0.644637 37.5007
-0.0469096 -0.328555 0.548522 0.154966
0.0272622 0.187885 0.649289 0.426287
-0.288998 -0.361188 0.509048 6.86979
0.566784 0.0477827 0.582189 58.6811
0.458658 0.0787838 0.644794 34.2548
-0.0212143 -0.00198488 0.690197 1.14011e-05
0.197468 0.0964949 0.680504 1.81812
0.323961 0.206918 0.637513 10.9529
0.645583 0.153266 0.448416 83.1335
-0.180924 -0.152435 0.663442 3.73308
0.168552 0.163148 0.66019 4.38848
0.0550162 0.323653 0.553289 0.908289
0.125629 0.0651495 0.686231 2.39658
0.640828 -0.056008 0.499674 81.9833
0.483846 -0.179492 0.597438 43.1891
0.248368 0.212413 0.637279 10.7912
0.00659944 0.260867 0.606974 0.0305851
0.288492 0.32203 0.554072 11.3785
0.123827 -0.0356648 0.689018 1.47202
0.358755 0.0824297 0.675054 12.7341
0.392578 0.0744699 0.669422 11.4078
0.14798 -0.0926879 0.681191 2.22212
0.282093 0.0506771 0.68795 3.25692
-0.301588 0.0743737 0.684049 19.5702
0.293173 -0.406137 0.433673 13.2359
-0.175883 -0.393712 0.45856 3.11549
0.0502861 -0.0351574 0.68954 0.292232
0.456566 0.0166496 0.652842 31.3844
0.294884 0.415649 0.411659 12.1247
-0.214244 -0.148001 0.665983 8.54735
0.380797 0.132375 0.65752 16.5201
-0.0614077 -0.0394621 0.688473 0.156788
-0.0362357 0.0116932 0.6907 0.0598455
0.184628 0.0769771 0.68366 3.60631
0.177709 0.199253 0.644428 2.30229
-0.295682 -0.130185 0.670817 10.9917
0.485836 -0.0996102 0.626935 40.3886
-0.364761 -0.0948018 0.671206 24.4869
0.414837 0.0769524 0.661667 19.8148
0.433168 0.032725 0.661145 17.7457
0.187538 -0.0432758 0.687946 2.97853
0.155795 0.146857 0.6663 1.95982
0.0883824 -0.139135 0.668972 1.17038
0.0575082 0.0952279 0.680345 0.456741
0.289238 0.00366751 0.690057 3.61737
0.18778 -0.135739 0.669319 5.47659
0.423722 -0.0933679 0.655609 20.0532
-0.260479 -0.336672 0.539015 5.78855
0.199613 0.317662 0.558684 7.23364
0.348698 0.169002 0.651193 12.1899
0.530556 -0.152404 0.579914 46.9816
0.110504 0.00491183 0.690635 0.995497
0.137898 -0.111243 0.67647 2.50721
-0.282284 0.164763 0.6591 14.3716
0.111554 0.20147 0.642883 0.844891
0.413538 -0.151724 0.6412 18.1752
-0.148313 -0.0732801 0.684656 1.97411
-0.326022 -0.041941 0.685669 16.6897
0.150489 -0.390267 0.464957 2.39041
0.269368 0.0803097 0.683038 4.23714
0.362178 -0.148527 0.656669 11.3936
0.388817 0.0604811 0.671913 21.9925
0.442106 0.0829167 0.651033 30.9558
0.304253 0.322756 0.553533 20.0781
0.225264 0.149259 0.665072 7.8036
0.089313 -0.397338 0.451731 0.822229
0.474449 -0.206216 0.589104 34.602
0.223735 -0.0700291 0.685034 2.85446
0.118494 -0.116818 0.674789 0.856149
0.281881 -0.0628948 0.686011 3.87161
0.00175343 -0.360465 0.510536 0.217386
0.267722 -0.113134 0.675703 4.5088
-0.348039 -0.201127 0.637279 15.0247
-0.191737 0.298092 0.577126 8.31169
0.00213804 0.0845562 0.682907 0.00283298
-0.149142 0.162216 0.660421 1.46846
0.439445 -0.071333 0.654479 25.8933
0.192876 0.31104 0.565858 7.18734
0.123174 -0.252345 0.61295 3.86608
0.47879 0.0353385 0.641723 27.0832
0.63784 0.0738718 0.499116 87.9182
0.519802 -0.0140062 0.620049 43.0194
0.208557 -0.104522 0.678334 4.16339
-0.0824169 0.161976 0.659919 1.08125
-0.243606 -0.351679 0.521908 6.93604
-0.299305 0.295781 0.578862 12.8045
-0.00110449 -0.277088 0.595214 0.0307547
-0.0629066 0.388046 0.468542 0.590241
0.356748 0.120069 0.666747 16.0784
0.42507 0.281879 0.55947 35.359
0.474261 0.145751 0.617648 33.6764
0.158266 -0.3277 0.548806 2.01537
0.498587 0.0778762 0.624791 47.5708
0.184334 0.130764 0.670563 4.99202
0.406125 0.157179 0.641698 17.3261
0.144337 -0.195794 0.646057 3.81485
0.100876 0.180745 0.65257 0.660417
0.28631 0.226322 0.629202 8.71147
0.00841493 -0.0761887 0.683977 0.000305761
0.419009 0.134346 0.645645 26.4853
0.109683 -0.1239 0.673195 1.98997
0.598155 -0.018363 0.556256 81.8871
0.00361422 0.304108 0.572307 0.00461845
0.257896 0.361682 0.507587 7.24699
-0.300237 -0.247719 0.614933 12.9304
-0.470278 -0.168542 0.61092 25.2316
0.204051 0.140879 0.667506 6.62667
-0.00874733 0.0576958 0.68642 0.0419256
0.104958 -0.0208929 0.690109 1.496
0.395827 0.253142 0.593678 25.3619
-0.038381 -0.208034 0.639101 0.101746
0.345619 0.174178 0.650112 16.5107
0.584695 0.256904 0.446132 70.8545
0.257419 0.22183 0.631936 10.2388
0.1894 -0.0772952 0.683478 1.49517
0.2165 -0.253945 0.611597 5.27436
0.247385 -0.0609059 0.686094 3.49923
0.423853 -0.292576 0.549069 33.8078
-0.0642398 0.0669623 0.68515 0.0906634
-0.42564 0.0410808 0.663962 28.5818
-0.252235 -0.216789 0.634724 8.62767
0.186744 -0.334413 0.54232 4.22429
0.507921 0.160449 0.592234 50.3876
-0.0806264 0.303778 0.572898 0.662285
0.127293 -0.364668 0.504869 2.17296
-0.016098 -0.147384 0.665179 0.00154595
0.132117 0.38403 0.474798 3.01256
-0.0275176 0.160617 0.661337 0.0422184
0.171544 -0.375742 0.487898 6.91595
-0.161956 0.302477 0.573387 2.04183
0.538131 -0.309517 0.437966 53.6895
0.445948 0.0323862 0.656972 21.3263
0.350839 -0.138058 0.662024 14.8807
0.155383 0.133644 0.67024 3.09126
0.135564 -0.146593 0.666473 1.34671
0.317464 0.209963 0.636134 11.302
0.487204 0.112148 0.622178 36.2298
-0.0959477 -0.0649489 0.685475 1.98647
0.13469 0.0574894 0.686507 0.74058
0.146577 0.165644 0.658752 4.44181
0.37708 0.135465 0.657859 14.7205
-0.425429 -0.0384272 0.663573 26.3258
-0.0367125 0.0774744 0.683577 0.310939
-0.00442033 0.0911881 0.681613 0.00702128
-0.182313 -0.011926 0.690585 4.71818
0.362165 0.0645235 0.677927 15.0411
0.246414 0.334726 0.541938 10.0587
0.112368 0.0071159 0.690528 1.44507
0.0794664 0.0675672 0.685184 0.239331
0.437822 -0.0440108 0.659145 17.7588
0.0374516 -0.0190655 0.690506 0.242029
0.107864 -0.109584 0.677188 1.92349
0.170188 0.108526 0.677304 2.86428
0.45229 -0.0504322 0.652145 23.7731
0.32666 0.0710106 0.682466 9.74483
-0.406705 0.0852332 0.663297 24.9447
0.477777 0.0945723 0.631775 32.9263
0.0125117 0.177602 0.653855 0.0835059
-0.250712 -0.0419716 0.688557 7.07808
0.178552 -0.220677 0.632474 2.83361
0.254123 0.201344 0.642744 11.8416
-0.0867411 0.0887995 0.682132 0.651573
0.464517 -0.0372278 0.647963 27.5813
0.163042 -0.31786 0.559658 5.92292
-0.129608 0.360073 0.510412 2.29579
-0.132214 0.190399 0.648179 3.61258
0.520989 -0.089212 0.608894 44.5465
0.419261 0.274156 0.568484 31.881
0.413995 -0.0291816 0.668134 26.3501
0.179134 -0.0362755 0.688957 2.45618
0.196871 -0.0442198 0.68824 2.8064
0.1979 -0.0340147 0.689023 1.77436
-0.016431 -0.0883411 0.681437 0.0378482
0.509813 -0.014215 0.625479 39.3958
0.271256 -0.0206629 0.689792 2.84941
0.428338 -0.0268025 0.66343 13.4295
0.544339 0.00171031 0.603451 47.4085
0.411316 -0.283295 0.564235 24.9514
0.326328 -0.218827 0.63081 20.6435
0.436106 -0.19043 0.615906 39.9417
-0.273278 0.250614 0.614235 9.32124
0.377954 -0.185553 0.638358 21.258
0.425593 -0.171013 0.629597 33.782
-0.236182 0.334214 0.542516 6.91093
0.192449 0.144073 0.666363 3.21996
-0.189196 -0.00919326 0.690047 4.28269
0.0135174 -0.315407 0.560901 0.288615
0.489215 -0.161649 0.602768 42.9279
0.341377 0.290629 0.57791 18.7815
0.282533 0.0238065 0.689505 2.95398
0.347805 -0.231107 0.620378 18.5051
0.366447 0.298487 0.565432 29.7901
-0.291255 0.0362145 0.689243 11.1345
0.0744572 0.0896143 0.681053 1.05138
0.540728 -0.183622 0.555935 66.1621
-0.0189158 -0.0613087 0.686348 0.113714
0.484007 0.232715 0.565614 44.1193
-0.0283335 -0.0200957 0.689824 0.250971
-0.278649 -0.263728 0.604977 11.4065
0.241946 0.232261 0.625863 10.8738
0.392907 0.122226 0.658474 18.9044
0.137251 -0.137497 0.669358 1.15897
0.044417 -0.00334905 0.69069 0.207072
0.504281 -0.0285082 0.627673 42.1929
0.214131 0.151451 0.664315 2.89219
0.0530451 0.217328 0.635037 0.0082659
0.107682 -0.244156 0.618276 0.648061
0.342335 0.281312 0.585131 14.7793
0.650479 0.0146501 0.492752 81.3528
0.0192545 -0.200947 0.642999 0.050236
0.064989 -0.225419 0.629628 1.47821
0.116563 -0.124123 0.672769 2.33817
0.332924 -0.25329 0.608053 20.1672
0.163359 -0.340563 0.53527 2.1904
0.32844 0.0953288 0.677409 10.2665
0.14942 0.203432 0.642148 1.90282
-0.161696 -0.264653 0.60391 4.4847
-0.133396 0.0674061 0.685778 1.83257
0.415617 0.163203 0.637035 25.7481
0.339116 0.143491 0.662432 10.3912
0.240492 -0.115835 0.675734 5.43017
0.0594295 -0.0772581 0.683324 0.00462112
0.594728 -0.137194 0.52932 75.6998
-0.0623295 -0.0252805 0.689714 0.225852
-0.033635 0.0356567 0.688588 0.0569275
0.203812 -0.211449 0.638268 3.21436
0.0981116 -0.153772 0.662884 1.23091
0.455229 -0.15261 0.625005 38.9948
-0.137349 0.279877 0.592814 2.43304
0.414138 -0.202684 0.618749 21.2523
0.107104 -0.0481897 0.688208 1.00575
0.266712 -0.023206 0.689778 2.81576
0.584962 0.00244047 0.569493 63.6986
0.373753 -0.074926 0.673165 15.9877
0.194629 0.0970117 0.680219 1.95333
0.292748 0.0959595 0.679711 4.91591
-0.213539 0.0856393 0.682604 7.78092
0.495699 0.049086 0.630677 43.3849
0.297603 0.161656 0.660244 6.1208
0.249923 -0.1319 0.670407 4.31882
0.422902 0.108069 0.652829 22.0446
0.151968 0.350534 0.523418 2.42435
0.286377 0.277805 0.594264 11.9014
0.428071 0.353305 0.474514 28.6057
-0.206386 -0.248817 0.615154 5.92869
0.306731 0.158429 0.660438 7.15362
-0.124116 0.0582736 0.686683 0.873861
-0.170474 0.249436 0.614795 6.29049
0.333809 0.0913311 0.677146 8.60345
0.0553509 -0.258477 0.608436 1.19737
-0.430707 0.151092 0.63524 26.0869
0.551208 -0.230591 0.513966 61.3381
-0.378609 -0.153805 0.651178 19.4721
0.256031 0.14781 0.666041 7.83627
0.358755 -0.333235 0.531844 29.4649
0.281732 -0.2059 0.641053 9.91951
-0.17126 -0.355803 0.515574 3.6187
-0.0333339 -0.0699045 0.685122 0.0451017
-0.00852339 0.116766 0.675227 0.255245
-0.102264 0.1334 0.670107 0.864286
0.246668 -0.146205 0.666436 3.81088
0.27114 0.139854 0.668093 4.7947
0.282801 -0.141263 0.667939 9.3972
-0.404469 -0.0145829 0.671546 26.1147
0.000969019 0.0953423 0.680516 0.130418
0.278343 -0.198369 0.644277 13.3673
0.317773 -0.24103 0.618002 11.8177
0.241114 0.162726 0.66032 4.56364
0.109212 0.245099 0.617396 1.81214
0.171827 -0.0385479 0.688729 1.13763
0.0559459 -0.138444 0.668568 1.01393
0.269543 0.242978 0.619741 12.364
0.0515421 -0.010303 0.690032 0.0547235
-0.368016 -0.0120419 0.680927 20.2579
0.172262 -0.258436 0.609445 3.10033
0.396374 0.129657 0.654755 16.3405
0.0235841 -0.0444809 0.688613 0.0798072
0.47556 0.047841 0.641379 23.769
0.609671 0.198526 0.46982 78.9559
0.262706 -0.0637476 0.686346 5.6077
-0.323395 -0.264233 0.601963 17.1186
0.458641 -0.295549 0.527288 48.8422
0.566411 0.296133 0.418093 57.3058
0.0103608 0.274382 0.597596 0.00714195
0.470252 -0.0283259 0.646326 37.284
-0.358566 -0.14088 0.659638 18.3039
0.0879266 -0.184738 0.650661 1.81505
0.291087 0.0209537 0.6901 5.19523
0.406247 -0.134024 0.650709 23.1919
0.221195 0.247068 0.616664 9.75604
0.566253 0.0776584 0.577305 59.9515
0.503301 0.222004 0.560877 50.6588
0.0487546 -0.0911161 0.681008 0.107361
0.374674 -0.121433 0.662724 12.272
0.0325953 -0.152264 0.664058 0.252471
0.308262 0.157683 0.660808 8.77131
0.472049 -0.0896733 0.636336 42.1627
0.155834 0.112855 0.675696 2.48825
-0.107864 0.335488 0.540872 3.37501
0.0238501 -0.11387 0.676235 0.0577668
-0.125375 0.136384 0.669697 1.5937
0.280384 -0.00670901 0.690004 3.04188
-0.228262 -0.0189045 0.689636 6.42796
-0.322686 -0.135535 0.667739 17.2142
0.331236 -0.279101 0.589564 15.1346
-0.0779859 0.00990455 0.69075 0.711604
0.0948138 -0.158738 0.661134 1.34049
-0.33238 -0.319913 0.551792 15.1191
0.495704 -0.192576 0.584154 39.5556
-0.0721743 0.0163458 0.689921 0.374601
0.00175443 0.21571 0.635378 0.0513594
-0.0384002 -0.120384 0.674429 0.610329
0.27733 -0.240046 0.621177 7.61923
0.61966 0.0448517 0.528849 75.8714
0.340378 0.177396 0.64902 19.0221
0.161284 -0.224627 0.630291 1.99213
0.557881 -0.305051 0.416839 46.7421
0.590618 -0.162475 0.520185 67.9595
0.16335 -0.255235 0.611064 6.54727
0.0928349 -0.336338 0.538847 1.17157
0.346515 -0.25021 0.607767 15.8371
0.455126 -0.0519011 0.650764 30.3824
0.109441 -0.218403 0.634331 0.870715
0.0299347 0.271384 0.599184 0.374974
0.210462 -0.272596 0.599086 4.74909
0.461672 -0.178918 0.609841 30.3795
0.403775 -0.108812 0.658493 21.1609
0.160702 -0.149573 0.664817 2.88701
0.177305 0.149326 0.665049 3.79444
0.0204322 0.102175 0.678389 0.283693
-0.200868 -0.132557 0.670472 5.1637
-0.111339 -0.270277 0.599886 1.28481
0.223256 -0.0344015 0.688759 1.85567
0.310623 -0.256608 0.608836 17.0802
0.422437 -0.0587057 0.662834 19.9196
0.334505 0.102251 0.675257 10.2782
0.379848 -0.0278206 0.678334 7.46618
0.140949 -0.191632 0.647875 2.29476
0.105764 0.406636 0.434007 1.34516
0.318507 0.145465 0.664555 9.89807
-0.0759255 0.287511 0.5862 0.106111
0.632366 -0.112643 0.49383 88.3435
0.0729409 -0.217094 0.634458 0.736789
0.525732 -0.261766 0.509177 53.8289
0.208445 -0.280491 0.591955 3.9711
0.457713 0.0275718 0.652079 35.7023
0.410488 -0.0889251 0.66113 27.5691
0.483408 -0.152152 0.611114 35.8811
0.390969 -0.17837 0.637897 19.0854
0.090226 -0.251803 0.613509 1.03839
-0.180122 -0.367725 0.4997 4.34273
-0.327479 0.252725 0.60982 13.1369
0.171431 0.122891 0.673899 4.63963
0.208519 -0.0756824 0.684499 1.75779
0.430506 -0.25229 0.579937 32.1429
0.519949 -0.22671 0.544819 58.8784
0.117506 0.341539 0.533286 2.53672
0.300923 -0.374457 0.488943 15.4363
-0.295284 -0.382635 0.477569 6.79486
0.613843 0.110852 0.518782 78.881
0.560085 -0.269697 0.464416 62.0916
0.123336 0.0478006 0.687574 0.914436
0.18934 -0.262074 0.606081 4.40624
0.0671518 -0.108945 0.676859 1.41379
0.442942 -0.172855 0.621629 36.5814
0.42559 0.122457 0.646939 33.9162
0.302103 0.0949538 0.679446 5.40368
0.286441 0.116193 0.675655 8.18823
0.0166733 -0.0414293 0.688697 0.000944769
0.575224 -0.0158379 0.578127 64.1004
0.287032 0.188273 0.648904 8.06337
-0.415069 0.0862808 0.659781 23.4282
0.255565 0.356426 0.515407 10.8368
-0.0976239 -0.181348 0.65181 1.36829
0.0463718 0.0640735 0.686082 0.00246656
0.0254017 -0.10058 0.679069 0.123809
-0.0468387 -0.0386787 0.688338 0.390566
0.574727 0.107844 0.560272 64.5803
-0.00950217 0.0254292 0.689906 0.0232123
0.387504 0.22458 0.614176 24.1987
0.620056 0.110698 0.510849 78.3246
0.396134 -0.318 0.536689 22.1995
-0.169515 -0.162873 0.659678 5.58327
-0.153923 -0.181174 0.652204 2.86392
-0.168643 -0.0728602 0.684668 2.74134
0.570179 0.012919 0.581736 57.9514
-0.0203018 0.237354 0.622233 0.154932
0.210376 0.070792 0.685289 1.81828
0.0958167 -0.312482 0.564114 0.512324
0.209584 -0.196092 0.64563 8.26344
0.638576 -0.0563297 0.503604 91.7381
-0.131836 -0.0318297 0.689263 1.84928
-0.0511395 0.217609 0.634904 0.289665
0.425598 -0.354651 0.475322 33.6297
0.0129931 0.035341 0.68877 0.00434019
0.316032 0.176441 0.653013 15.0818
0.148692 -0.0418217 0.688613 1.43219
-0.260972 -0.317627 0.55913 6.43275
0.265581 0.0846526 0.68282 4.24116
0.185132 0.13152 0.670347 3.16345
-0.19917 0.140686 0.667805 4.86932
0.522782 0.104635 0.602889 51.7931
0.0801038 0.112762 0.67582 1.77274
-0.175491 -0.023515 0.689937 4.61062
0.146237 -0.139771 0.667844 1.72826
0.293728 0.0708758 0.684206 5.33038
0.147383 0.000560651 0.690321 0.987533
0.602878 -0.0426427 0.549023 72.618
-0.196234 -0.314631 0.562627 6.63944
0.0620781 0.352574 0.519421 0.482581
0.247828 0.35765 0.513314 8.90684
0.421307 -0.0757298 0.659657 26.5815
-0.037795 -0.38765 0.469912 0.000255129
0.4459 -0.113946 0.642156 25.0702
0.152346 -0.0536468 0.687428 2.31689
-0.191764 0.14955 0.664824 6.70898
0.153251 0.177816 0.653677 4.45271
0.378396 -0.0626376 0.674287 8.23037
0.279195 -0.33827 0.537572 15.2452
0.36755 0.172232 0.646578 19.4976
-0.114885 -0.0334808 0.689698 0.849903
0.531427 -0.00461966 0.6119 43.1216
0.286052 0.0522317 0.687397 7.02589
0.423146 -0.304992 0.537184 35.1377
0.13309 0.193775 0.646182 0.9695
0.046941 0.352936 0.519 0.000224504
-0.0781071 -0.111535 0.676496 1.13568
-0.271868 0.153345 0.663384 11.9063
-0.034338 0.287637 0.586234 0.211425
-0.425874 0.0273566 0.6644 27.9728
0.58569 0.0563001 0.563117 66.8288
0.53034 -0.0600273 0.607827 45.7876
0.446742 -0.285382 0.544543 41.8095
0.331359 -0.101247 0.675915 5.76156
0.412487 0.085312 0.661636 13.9382
0.552969 -0.0672904 0.59006 50.75
-0.129159 -0.381056 0.480753 2.13319
0.355261 0.0401305 0.68216 12.5698
0.470408 -0.0630668 0.64218 36.3588
0.578348 0.0331709 0.57406 65.5661
0.473007 -0.0590577 0.641098 30.1837
0.196989 0.200683 0.643658 7.80559
0.355203 -0.146302 0.658766 9.9532
0.302701 -0.13782 0.667736 6.89822
0.230808 0.214624 0.636571 6.33892
0.430897 0.245959 0.584519 39.3925
0.255305 -0.291794 0.582559 8.59409
0.456095 0.113914 0.637065 26.0346
0.0364514 0.0561927 0.687248 0.00663616
0.326632 0.255669 0.606998 15.221
0.16821 0.417754 0.406907 3.71935
0.5937 -0.0548281 0.555836 64.1445
0.444779 -0.152564 0.629202 40.0367
-0.037456 0.223217 0.63074 0.126481
-0.154171 0.124833 0.673117 5.45039
0.0741336 -0.00728973 0.689945 0.320048
0.00692121 0.148244 0.665249 0.252507
0.170467 -0.0854286 0.682069 1.84332
0.530213 0.225939 0.53585 56.1005
0.198583 0.184854 0.651185 4.40495
0.482815 0.0537468 0.63739 30.6088
0.236056 -0.160452 0.660392 5.12307
0.0654961 -0.0747819 0.683954 1.25828
-0.293221 0.25701 0.609256 12.5556
0.0907946 -0.164148 0.659399 0.340842
-0.130807 0.0951937 0.680546 2.62064
-0.0278744 -0.145847 0.666582 0.174125
-0.194611 -0.140308 0.668457 3.78285
0.469548 -0.00814806 0.647513 24.1958
0.196362 -0.322177 0.554126 6.64916
0.026194 -0.0602264 0.686115 0.0440445
0.231252 -0.356024 0.515355 8.8745
0.395906 0.0536957 0.67129 16.6516
0.471587 -0.0502167 0.643031 33.5847
0.435285 0.191147 0.616109 30.9568
0.313875 0.11088 0.674911 10.4773
-0.142781 0.312124 0.564509 2.96744
0.303117 0.282466 0.59001 10.9861
-0.0616589 0.127747 0.67249 0.53808
0.272637 -0.16382 0.659279 6.86445
0.634523 -0.0027778 0.514851 91.1782
-0.190327 0.000532322 0.690619 3.72179
-0.0213806 0.399718 0.447588 0.00191922
0.500807 0.294958 0.497143 42.0059
0.15195 -0.268361 0.602076 2.95965
0.326527 -0.0243068 0.686963 4.31479
0.467611 -0.27045 0.54603 40.0319
0.687516 0.0775365 0.409298 84.3999
0.508265 -0.163206 0.59111 41.1756
0.286294 -0.0771 0.683659 8.25737
0.305561 0.280338 0.590804 10.8987
0.383621 -0.063936 0.67294 15.5775
0.241753 -0.146032 0.666078 4.10238
-0.0312502 -0.0054582 0.690287 0.203222
0.197118 -0.0511725 0.687998 1.38951
-0.0532321 -0.0157499 0.690441 0.114445
0.547222 -0.164532 0.561503 62.137
-0.0368913 -0.00731657 0.690026 1.0294
0.359742 0.196923 0.637225 17.5459
-0.0253409 0.0415588 0.688443 0.527992
-0.390471 0.14303 0.651687 22.5131
0.0724605 -0.0186254 0.689881 0.0845465
0.53338 0.0288401 0.609818 54.1366
-0.108458 0.181729 0.652638 2.33032
-0.196331 0.195321 0.645385 3.67926
0.569294 -0.182146 0.530474 62.339
0.356882 0.0350422 0.682111 11.3008
0.491361 -0.0236415 0.636042 37.1556
0.506754 -0.271667 0.516078 49.1244
0.0474558 0.21793 0.633972 1.31946
0.0323248 -0.090956 0.681204 0.192564
0.164823 -0.219167 0.633657 3.03724
0.318814 -0.383041 0.473463 20.153
0.142201 -0.227052 0.628889 1.51118
-0.0870622 -0.206459 0.640348 0.241577
0.194497 -0.269848 0.600433 6.69468
-0.31776 -0.0619123 0.684269 12.4003
0.276844 0.25922 0.608327 16.0033
0.490085 -0.0570393 0.632851 49.4815
0.606908 0.0528967 0.543332 74.7035
0.420128 0.136565 0.644491 27.518
0.238851 -0.220613 0.632734 5.97456
-0.124206 -0.0851036 0.682413 2.08798
-0.0799368 -0.074951 0.683721 1.78592
0.396958 0.174033 0.638063 27.3037
-0.102179 -0.180935 0.65278 0.407869
0.0618168 -0.165668 0.658507 1.53809
-0.0747031 0.0613699 0.686347 0.841591
0.349486 0.124673 0.667243 10.5774
0.421757 0.120443 0.649601 31.6599
0.37462 0.153881 0.652057 22.5577
0.114587 -0.158622 0.662051 2.81078
0.161169 0.0298639 0.689953 0.966957
0.326664 0.140576 0.665173 7.65101
0.262323 0.367717 0.499893 12.5623
0.195348 0.195891 0.645077 7.11596
0.266706 -0.0167053 0.690626 2.03437
0.60078 -0.0669504 0.546038 79.8751
0.592944 -0.116565 0.539279 79.5448
0.0379444 0.328797 0.548366 0.264685
0.315025 -0.352726 0.518153 18.4693
0.0744047 -0.111008 0.676103 0.776465
0.0654768 -0.0155251 0.689747 0.661691
-0.00141543 -0.128081 0.671732 0.350737
0.174931 0.0272065 0.689787 1.36129
-0.157327 0.191354 0.648015 2.2764
0.484444 0.261587 0.542383 45.7159
0.512977 -0.0509451 0.620439 52.618
0.138269 0.00330598 0.690901 1.71834
0.0479306 0.106927 0.678023 0.855283
-0.334582 0.302166 0.569314 13.3567
0.477689 -0.00579721 0.642993 28.789
0.402452 0.0861617 0.664575 13.1654
0.549806 0.233401 0.512996 59.1807
0.308055 -0.00186424 0.68994 6.79498
-0.0514568 0.0131742 0.689828 1.08769
0.659535 0.0141919 0.478222 86.6782
-0.222482 -0.374641 0.490368 4.87703
-0.0783788 -0.134817 0.669512 1.00311
0.011459 -0.151465 0.664166 0.0219443
0.0657891 -0.170074 0.657617 0.169242
0.380514 -0.186109 0.637229 22.1884
-0.00879963 0.0586116 0.68705 0.211663
0.297091 0.180788 0.652127 10.7479
0.330187 0.419706 0.394697 13.8059
0.242359 0.115651 0.675661 6.03321
0.467601 -0.255905 0.558251 41.9477
0.548801 0.089964 0.588112 67.5972
0.167121 0.00809791 0.690296 1.95741
0.416397 -0.257026 0.583429 27.64
-0.259781 0.258744 0.609112 11.9763
0.167392 -0.0633232 0.686525 1.24479
0.449974 0.00195434 0.655815 31.174
0.0405315 0.167027 0.658247 0.150895
0.0976667 0.199615 0.643451 1.85633
0.532689 -0.0826188 0.602349 51.7443
0.399476 0.165364 0.640742 19.6359
0.0696505 -0.0243764 0.689454 0.663889
0.355367 0.197933 0.637413 16.9038
0.268527 -0.00531257 0.690558 3.23179
0.389604 -0.193851 0.63096 19.0083
0.23242 -0.0177974 0.690343 2.94864
0.470137 0.261885 0.552077 40.8562
0.0186504 -0.207278 0.640195 0.494309
0.366898 -0.0593966 0.677892 14.2327
0.164937 -0.044862 0.688478 1.14784
0.142856 0.343134 0.531644 5.06327
-0.17766 -0.242664 0.619185 4.71502
0.182047 -0.0323552 0.689272 2.50893
0.443195 0.185037 0.616281 42.6573
0.127399 -0.0977148 0.679386 2.66549
0.152452 0.102888 0.678832 2.38012
-0.186929 -0.155206 0.662857 4.87725
0.428351 -0.0129502 0.663994 25.1847
0.552122 0.218188 0.523025 65.644
0.345842 0.24061 0.615163 21.1263
0.0013722 -0.0233684 0.689575 0.0490321
0.362573 0.142525 0.659287 13.6903
0.25156 -0.0792434 0.682974 2.44141
0.345849 0.295043 0.573975 24.051
-0.301994 -0.215298 0.635302 17.8296
0.0516201 -0.114615 0.676161 0.0521182
0.185573 0.110503 0.676633 2.3332
0.24441 -0.222014 0.632188 6.39852
-0.115723 0.211167 0.638385 1.31832
0.2675 0.218012 0.633949 12.8232
0.581517 0.0366391 0.5703 58.4906
0.248278 -0.25708 0.609705 7.11804
0.0834952 -0.316981 0.559231 2.3387
0.440902 -0.189477 0.614241 39.3732
0.0279555 -0.0594811 0.686652 0.048905
-0.0748525 -0.152195 0.66386 0.575731
0.295662 0.408662 0.428236 14.2109
-0.0849485 -0.0848598 0.682418 0.424062
0.36063 -0.0892141 0.673379 7.95888
-0.00120806 0.0663872 0.6855 0.0194589
0.221256 -0.276705 0.594873 9.83941
0.0799841 0.24122 0.620158 0.260407
0.125342 -0.111704 0.676006 1.62087
0.150412 0.0693686 0.684812 0.927124
0.430519 0.0303126 0.662691 30.7619
0.363648 -0.0283928 0.680853 15.1612
-0.398164 0.157583 0.644672 24.2745
0.459386 -0.0642255 0.646675 27.2225
0.0247893 -0.0650992 0.685993 0.0980415
0.0988285 -0.0907452 0.680872 0.385254
0.0490873 0.155503 0.663062 0.0591782
0.369286 -0.110554 0.666466 9.34646
0.481077 0.134863 0.618256 36.7031
-0.070379 -0.28261 0.590204 0.914015
0.165035 -0.126287 0.672103 1.96474
0.482479 -0.0810647 0.632563 43.7156
0.281832 -0.169359 0.656915 9.60993
0.515877 0.0306925 0.620746 40.2932
0.270041 -0.418217 0.406065 13.643
0.135656 -0.431009 0.369604 3.58372
-0.417666 0.0766978 0.660763 23.9291
0.471425 -0.13143 0.624197 35.4164
0.232173 -0.162914 0.660081 7.2427
0.44613 0.167866 0.622773 28.268
0.0451839 -0.170618 0.656968 0.745315
-0.163421 0.0747989 0.683906 6.10153
0.181269 -0.200362 0.643268 6.068
-0.422977 0.0356094 0.664517 28.8237
0.222488 0.0674371 0.685611 4.31049
0.205528 0.221204 0.632662 8.73931
0.0989853 -0.124049 0.672868 0.95963
0.061782 -0.260462 0.607768 1.56205
-0.0614254 -0.0731159 0.684515 0.111868
0.295241 -0.127308 0.671854 9.79695
0.0762515 0.0179638 0.690291 0.497998
0.00867268 0.213153 0.636337 0.0165494
-0.0975557 0.315359 0.561852 3.42365
0.0412484 -0.147844 0.665036 0.236954
0.243476 0.243117 0.619183 5.87825
0.537162 -0.0716024 0.601642 53.5653
-0.394278 0.075204 0.668646 21.5703
0.111703 -0.144253 0.666656 1.13972
0.544091 0.0561311 0.598281 55.7466
0.405635 0.163188 0.639868 20.4917
0.550899 -0.0504461 0.594214 60.8408
0.100938 0.159018 0.661631 1.39696
0.0602704 -0.105258 0.677609 0.24649
0.265908 -0.214411 0.636232 8.39721
0.299398 0.210952 0.63706 10.0314
0.325776 0.33318 0.53946 23.8592
-0.286999 0.0186626 0.689558 16.2239
0.0600538 -0.00200533 0.690372 0.206613
0.414396 0.0117532 0.669435 20.8333
0.554786 0.113621 0.576515 58.8303
0.636563 0.0423808 0.507853 77.0127
-0.183249 0.399643 0.448296 2.20746
0.0303231 -0.00110396 0.690565 0.250883
0.112931 -0.0864826 0.682499 1.8234
0.431611 0.190754 0.617473 31.2288
0.295261 -0.255098 0.611342 10.9758
-0.15553 -0.0819189 0.683033 6.00122
0.4253 -0.046922 0.663051 29.0316
0.20094 0.316397 0.56006 5.44413
0.36507 -0.322636 0.542076 21.6185
0.0201891 -0.199212 0.643872 0.0659237
-0.277412 -0.195466 0.645961 9.03959
0.456264 -0.0285163 0.65206 21.3151
0.136112 -0.116985 0.674904 1.81402
0.0141304 -0.0953514 0.679773 0.233535
-0.290778 -0.168726 0.657548 16.6516
-0.00782599 -0.21239 0.637636 0.332399
0.248361 -0.115766 0.675068 4.90165
0.527968 -0.213265 0.548072 52.2605
0.0843603 -0.309598 0.566896 1.27886
0.116575 0.104419 0.678266 0.748569
0.305033 0.0717154 0.68395 5.60593
0.657738 0.0197306 0.480799 91.4405
0.162806 0.149634 0.665036 4.06872
0.337348 0.0438205 0.684563 12.87
0.341779 0.196762 0.640563 21.5542
-0.00671651 0.0969648 0.679718 0.139208
0.393169 0.143002 0.651294 16.3902
0.351809 -0.0520716 0.680779 8.65902
0.364687 0.0892225 0.672721 12.2188
0.541193 -0.0381178 0.602819 50.671
0.262426 0.129612 0.671643 4.02173
0.110977 -0.0168255 0.690367 0.664408
-0.358177 -0.262514 0.597316 16.5555
0.116844 0.257514 0.6093 1.60945
0.430573 0.114019 0.648203 23.5322
0.227466 -0.160286 0.660949 3.38112
0.141266 0.223442 0.631626 2.09209
0.179722 0.0795019 0.683406 3.76153
0.350889 -0.24485 0.610431 22.0417
0.00462874 0.0261966 0.69008 0.132586
0.120993 -0.131347 0.671121 1.70025
0.434476 -0.215738 0.603337 28.4871
-0.0765949 -0.164898 0.658711 0.438474
-0.0313067 0.102622 0.678311 0.00974427
0.321372 -0.085356 0.680426 4.69876
0.239568 0.0916135 0.681501 3.46953
0.296649 0.211651 0.637075 9.65234
0.434618 0.0892027 0.65217 29.8733
0.144728 -0.210023 0.638439 2.84877
0.489176 0.306225 0.492749 38.4382
0.0819914 -0.0777904 0.683611 0.470329
0.410535 -0.290434 0.557949 25.7423
0.546189 0.246094 0.504197 61.3561
-0.170249 -0.330525 0.546388 2.14487
0.673891 0.0289355 0.452722 86.6805
0.0859993 -0.247939 0.616146 0.899053
-0.192134 -0.0987856 0.679955 9.16208
0.136854 0.0448677 0.688332 2.01986
0.141256 0.00518567 0.690732 1.12025
-0.368044 0.0805099 0.673853 17.7159
0.483283 0.362948 0.408551 37.7893
-0.352755 -0.158811 0.655192 16.0139
0.518319 0.101392 0.607493 39.5699
0.417312 0.0680807 0.663122 21.9288
0.485035 0.109543 0.6248 38.4873
0.19217 -0.205323 0.640517 6.22535
0.00259606 -0.0688872 0.685667 0.00111354
-0.0745013 -0.0943448 0.680357 1.14548
0.0836409 -0.400545 0.445524 1.05792
0.062191 -0.0645042 0.686206 0.338992
0.365143 0.0259323 0.680833 5.62722
-0.282736 -0.0946086 0.680417 8.98408
-0.449529 -0.126414 0.636409 24.5407
0.0883906 -0.263348 0.605731 1.20222
-0.236713 -0.0325386 0.689169 8.57803
0.035025 -0.308222 0.568063 0.141854
-0.184284 -0.00206813 0.690842 4.39564
0.181854 0.280545 0.591932 4.33092
0.110894 0.0512455 0.687193 1.56132
-0.356924 -0.0630424 0.679225 23.9506
0.456417 -0.0859367 0.644476 27.0709
0.40373 -0.293545 0.557245 34.1223
0.363909 0.254451 0.601215 19.294
-0.186137 -0.30869 0.567804 4.00747
0.517061 0.03861 0.619424 39.9451
-0.0612053 -0.140606 0.668478 0.309643
0.276636 -0.126289 0.672176 4.41163
0.142655 0.0571608 0.687037 1.35234
0.279304 0.224561 0.630328 9.15157
0.155285 -0.0535521 0.687556 2.02478
-0.268088 0.23945 0.621881 9.26925
0.358137 -0.120653 0.666754 8.59517
0.044731 -0.0503362 0.68733 0.00734235
0.131045 0.434309 0.357465 1.79225
-0.0694597 0.186732 0.650045 0.0949604
0.166297 -0.0823994 0.6833 1.19208
-0.120496 -0.0985035 0.679374 1.01276
-0.0731045 -0.240017 0.621362 0.387042
-0.064287 0.33005 0.546469 1.65882
0.373028 0.0182512 0.679964 11.8768
0.351856 0.248316 0.608739 15.8924
0.177868 0.169904 0.656761 5.15375
-0.065448 -0.390593 0.464699 0.838714
0.260117 -0.212898 0.637132 11.2479
-0.250767 -0.280174 0.592814 7.4184
-0.179981 -0.0810071 0.683475 6.43227
0.123072 0.0367683 0.688848 2.03703
0.349838 -0.0397263 0.683355 10.8023
0.143014 0.132338 0.670691 1.63601
0.304631 0.19604 0.644392 7.93252
0.340299 -0.0218128 0.685489 5.7349
0.129746 0.150152 0.664566 1.41975
-0.0302172 -0.0322573 0.689579 0.00495026
0.0294137 -0.12277 0.673811 0.440776
-0.246496 -0.133855 0.670371 6.82824
0.5445 -0.262305 0.489614 58.1606
0.486019 0.212024 0.578191 39.1456
-0.101967 -0.210539 0.638481 0.397954
0.0241731 -0.139351 0.668819 0.343758
0.144855 -0.0416719 0.688211 2.35576
0.508106 -0.0362742 0.625175 44.2599
0.535164 -0.29981 0.45553 56.8694
0.094457 0.16325 0.659631 1.3754
0.482665 0.00491714 0.640524 27.6269
0.233944 -0.189144 0.648628 5.71631
0.175863 0.229575 0.627585 4.7502
-0.443783 0.0440886 0.656483 25.6202
0.100944 -0.397089 0.452977 1.53019
-0.124791 0.283938 0.589255 1.24926
0.38259 0.41467 0.380344 22.5028
0.146216 -0.0465566 0.68796 0.853428
0.606273 0.0528805 0.543247 81.7364
0.117588 0.18446 0.6514 1.37415
0.278661 -0.181797 0.652587 7.53454
0.439837 -0.13833 0.636744 28.4135
-0.125896 -0.137585 0.668959 2.39
-0.0471403 -0.0428457 0.688047 1.25943
-0.0887088 -0.03989 0.688289 0.550527
0.512819 0.162462 0.587467 54.8604
0.566678 -0.11238 0.5661 62.9802
0.37307 -0.337679 0.522767 24.1303
0.341454 0.0804005 0.678693 13.9692
0.540502 0.270916 0.485158 62.665
-0.138111 0.152053 0.663766 2.27753
0.253801 0.274026 0.59724 10.3748
0.37656 -0.211754 0.625264 21.7966
0.045295 0.00317296 0.690703 0.515972
0.17232 -0.142496 0.666861 2.16063
0.290415 -0.18058 0.65242 6.35875
-0.241119 -0.126816 0.672575 7.76423
0.598275 -0.158183 0.514036 70.6176
-0.0892139 0.123753 0.673412 1.17961
0.100391 -0.20459 0.641031 0.535056
0.160589 -0.131731 0.670293 1.34906
0.322303 0.0341339 0.687077 10.2256
0.00935297 0.377112 0.48532 0.0124593
0.249875 0.0565528 0.686684 3.63574
-0.088788 -0.273676 0.597107 1.74108
0.0890588 0.179246 0.652926 1.53752
-0.095398 0.303354 0.573146 0.3355
0.09155 -0.313223 0.563418 2.08563
0.12875 0.212304 0.637027 3.30838
0.390558 0.27065 0.581841 24.3539
0.0377562 -0.314344 0.563146 1.26859
0.358557 0.178899 0.645505 16.8969
0.104901 0.0443365 0.68826 1.42036
-0.207821 0.184028 0.651675 5.16303
0.564409 -0.122995 0.564475 70.655
0.310552 0.125118 0.671684 7.64599
0.0801409 0.352379 0.519973 1.35673
-0.119757 0.101402 0.678599 3.28329
0.103524 0.00613964 0.690798 0.87713
0.225547 0.230974 0.626771 5.01638
0.167415 0.294251 0.580793 2.44691
-0.142821 0.0451632 0.68813 3.35897
0.608225 -0.0207332 0.544713 72.8323
0.470013 0.321104 0.490964 38.8638
0.125228 -0.219333 0.633262 3.86703
0.196496 -0.120554 0.67382 2.39078
-0.0820515 -0.0272317 0.689544 0.185504
0.274554 -0.263266 0.604943 11.8347
-0.32198 -0.0491292 0.685126 17.0318
-0.136575 0.20638 0.64089 1.24799
0.0904884 -0.0166147 0.690679 0.244732
-0.478942 -0.00161227 0.643033 27.7274
-0.0569785 0.156908 0.662475 0.609958
0.368604 -0.123187 0.663141 20.9765
-0.0059014 0.330993 0.544958 0.0118192
0.323602 -0.157219 0.659675 9.97422
0.0804683 -0.119428 0.674103 0.860857
0.201481 -0.396121 0.45451 8.95254
0.0403966 0.273198 0.598434 1.11332
0.145874 0.272877 0.598106 3.24596
0.60316 -0.128494 0.522865 75.172
0.0720373 0.165989 0.658694 0.767954
-0.285431 0.0170984 0.689614 9.88439
-0.377255 0.00374679 0.678946 24.0801
0.0220456 -0.316267 0.561096 0.282025
0.385144 0.147608 0.651901 14.8068
0.389716 -0.0276508 0.675636 14.0567
0.460807 -0.126384 0.631289 43.6949
0.131481 -0.393553 0.458416 1.52897
-0.109652 -0.0294528 0.6892 1.01826
-0.339892 -0.359751 0.503291 11.7981
-0.222835 0.0847151 0.681976 4.94868
0.354361 -0.0609686 0.67947 16.2652
0.178288 -0.330129 0.547009 2.9503
0.502661 0.278491 0.512988 51.9076
0.295518 0.381079 0.479188 13.1804
0.192128 -0.33256 0.543647 8.92007
0.500454 0.142907 0.604028 39.3399
-0.149003 -0.0523746 0.687242 1.82299
0.621801 -0.0530052 0.52528 73.5447
0.177942 0.244163 0.618517 4.57915
0.298967 -0.0126682 0.689885 3.15134
0.255042 0.0482394 0.687461 4.05047
0.0151344 0.00735298 0.690527 0.2896
0.514584 0.117153 0.604634 43.6351
-0.174399 0.0194898 0.689897 5.11179
0.121774 0.0450512 0.688653 1.07625
0.577737 0.127203 0.550269 66.2221
0.130437 0.192363 0.647288 1.42405
0.483072 0.145068 0.6137 38.4248
-0.120744 -0.0667497 0.686013 3.40281
0.218595 -0.105398 0.678244 4.05785
0.103771 0.340476 0.534763 1.13371
-0.0103686 0.171621 0.656104 0.0476757
0.192579 -0.0727193 0.684916 2.16543
0.0867335 -0.0421159 0.688401 0.128035
-0.266776 0.18299 0.651686 13.1553
-0.167029 0.0394056 0.688462 4.26789
0.0129433 0.20503 0.641266 0.270855
-0.293403 0.140844 0.667485 13.4002
0.194526 -0.101433 0.679392 1.8228
0.326529 -0.279409 0.590444 19.5
0.00176427 -0.136872 0.669066 0.00453732
0.458125 0.0952648 0.641546 34.1444
0.140661 -0.273668 0.598077 3.46842
0.488499 0.27032 0.532326 43.7631
-0.00119057 0.126299 0.672895 0.140281
-0.115168 0.30548 0.570742 1.23453
0.232986 -0.0974385 0.679623 2.35965
0.508963 -0.170965 0.586669 49.8321
0.129642 -0.292391 0.583216 1.46602
0.65491 0.0870585 0.468781 88.3976
0.373224 -0.178811 0.642516 15.7906
0.265662 -0.0801128 0.683276 2.41929
0.445861 0.133557 0.635484 22.6026
0.212268 -0.176207 0.654382 4.05223
0.477186 -0.135538 0.620153 33.7375
0.6424 -0.0449337 0.500693 78.1508
-0.0488303 0.0859808 0.682703 0.191419
0.0246986 0.405941 0.435662 9.32172e-05
0.35082 0.0890457 0.675209 16.4963
0.141639 0.126818 0.672714 2.39266
0.212723 -0.098842 0.679265 2.30706
0.500513 -0.362324 0.387959 38.0141
-0.193756 0.169584 0.657552 3.4848
0.117694 -0.0868275 0.681867 0.638983
-0.127301 -0.111126 0.676793 4.66112
0.257447 -0.36692 0.501241 13.0129
0.397157 0.29109 0.562779 24.6014
0.340804 -0.163265 0.655155 12.3696
0.27838 0.360293 0.509383 11.8078
0.63674 -0.0196191 0.511445 81.8962
0.352091 0.128483 0.665659 10.1106
0.233385 0.107701 0.677044 2.59149
0.574079 0.0535153 0.575213 58.1384
0.211903 0.304201 0.571489 11.0826
0.231868 -0.236289 0.623208 11.1483
0.188897 0.256116 0.610376 4.87998
0.245172 0.234938 0.623802 7.28681
0.609008 -0.0073925 0.545285 68.9597
0.0579727 -0.266668 0.602439 0.334859
0.132874 -0.105197 0.677897 3.09203
0.0371904 0.208 0.639974 0.0494074
-0.195633 0.161733 0.660408 6.57631
0.590017 0.00657271 0.564253 63.6349
0.406579 -0.093023 0.661115 21.4551
0.158152 -0.0557633 0.687165 0.964874
0.393629 -0.0547412 0.672334 17.1849
0.277226 -0.104346 0.677788 8.20069
0.398874 0.0100934 0.673639 9.35625
0.451987 -0.164871 0.620716 31.6496
0.292709 0.152932 0.663817 6.86975
-0.126933 0.146611 0.66635 2.06794
0.0101674 -0.309102 0.567543 0.465981
0.277751 0.393913 0.459052 13.8956
0.0943526 -0.204232 0.641453 0.291183
0.031743 0.00842942 0.690272 0.00496622
0.346913 0.0123015 0.685459 8.69514
0.443453 -0.138072 0.635578 32.309
0.23237 0.197559 0.644744 10.0967
0.452601 0.136191 0.631689 32.1807
0.582475 -0.0281615 0.570195 67.5981
-0.118869 0.0352356 0.689544 3.73789
0.680457 -0.016847 0.440475 88.3224
-0.342983 0.088357 0.676628 16.7098
0.283385 0.227273 0.629326 9.30302
0.630003 -0.13501 0.485269 77.5367
0.383076 0.33335 0.523705 22.9329
0.0164052 0.0056513 0.689969 0.123899
-0.139322 -0.248403 0.616266 1.59783
0.334283 0.203624 0.637722 16.7423
-0.0236368 -0.103078 0.678711 0.831077
-0.0388742 -0.29849 0.577078 0.301517
0.499573 -0.147869 0.602628 52.839
-0.257203 -0.00787244 0.690572 8.99597
0.0901268 0.120197 0.674045 0.714754
0.441015 -0.11222 0.64488 29.3046
0.0504634 -0.170509 0.657141 0.560597
-0.0359981 -0.124558 0.672934 0.0284603
0.332882 0.11784 0.670869 14.6781
-0.0892022 -0.360116 0.509867 0.427918
-0.418197 -0.0412874 0.666024 23.4677
0.552859 0.0876061 0.585958 66.576
0.266911 -0.34809 0.526416 12.3222
0.0690442 0.313873 0.562531 0.136444
0.497097 -0.214185 0.569336 50.1488
0.2503 0.0690717 0.685385 2.19364
0.591575 0.0140197 0.563175 76.4467
-0.0733338 -0.017455 0.689817 1.26116
0.517144 0.333401 0.425993 52.8558
0.440112 0.0237535 0.659692 19.9529
0.0425951 -0.164524 0.659735 0.210819
-0.307525 0.0158084 0.689109 11.248
-0.0169531 -0.145802 0.66668 0.0385876
0.114981 -0.227166 0.628972 2.07295
0.42499 0.115425 0.649872 21.9961
0.56123 0.122308 0.567078 53.2368
0.406309 -0.0910097 0.66164 21.931
-0.342131 0.0300157 0.685112 15.2641
0.0119102 -0.208077 0.639532 0.00494608
0.391116 -0.0364418 0.674662 17.611
0.232758 0.145156 0.66597 3.53348
0.0673398 -0.185153 0.650994 1.18625
0.060404 -0.0743524 0.683867 0.0811516
-0.0759028 0.036502 0.688623 0.983508
0.031834 -0.0603263 0.686204 0.174892
0.180483 0.0919931 0.681396 1.68111
0.13326 0.148176 0.66526 1.32855
0.677516 -0.0717877 0.434594 89.5529
0.250537 -0.00117684 0.690844 3.5747
0.0876787 0.395386 0.455777 1.72652
0.392822 -0.298422 0.556614 31.2352
0.133917 0.0294456 0.690022 1.07745
0.0795939 0.0281621 0.689855 0.245274
-0.0509458 0.0264413 0.689699 0.0463411
0.0260147 0.0337273 0.689364 0.072836
-0.199916 -0.132533 0.670804 5.19805
0.11652 -0.116478 0.675189 1.18036
0.0990413 -0.322174 0.554136 0.937011
0.0359277 -0.153834 0.663735 0.0831528
0.200764 -0.0771199 0.683745 1.64483
-0.226659 -0.355226 0.517213 4.86778
0.0550286 -0.20643 0.639996 1.17454
0.536513 0.20747 0.544321 56.2624
0.151352 0.24126 0.620766 6.00153
0.439019 -0.136233 0.637956 32.8667
0.405288 -0.185805 0.629741 21.8564
-0.0957125 -0.0916591 0.681566 0.684482
0.229881 0.32733 0.549543 8.26709
0.322346 0.040287 0.686692 8.18377
-0.477256 0.143132 0.617543 26.2693
0.332722 -0.196613 0.64202 13.484
0.430822 -0.39377 0.395394 34.6551
0.0623986 -0.102838 0.679049 0.657653
0.407255 0.165126 0.63875 18.1428
0.32989 -0.318637 0.554097 16.2043
0.485998 0.0410082 0.637622 46.6941
-0.0407634 -0.134935 0.670161 0.00419138
0.656663 -0.188235 0.394352 73.4085
0.250868 -0.00749667 0.690792 2.18211
0.423354 -0.0421435 0.664136 17.2574
0.222038 0.250542 0.614282 8.77019
0.375187 -0.251827 0.6001 30.7938
0.464151 -0.0104988 0.650216 31.0002
0.373022 0.00185419 0.680329 14.4622
0.418958 -0.162066 0.635923 23.6977
0.369011 -0.28171 0.579198 28.8935
-0.0552439 0.211115 0.637682 0.648023
-0.0438656 0.00362601 0.690552 0.0996386
0.47864 -0.040823 0.641419 29.9331
0.366933 -0.0628613 0.676692 12.8775
0.323519 -0.111619 0.674156 11.3245
0.0862154 0.201144 0.642989 1.38833
0.326724 -0.0522905 0.68451 5.89731
-0.0744157 -0.00446114 0.69015 0.804026
-0.0768198 -0.080948 0.68277 1.77657
0.260564 -0.129193 0.671398 6.85647
-0.0607946 -0.123101 0.673582 0.903839
0.418503 -0.392362 0.409265 30.2446
0.112596 -0.0534443 0.687764 0.803117
0.328278 0.190179 0.644782 9.77202
0.0545008 0.106358 0.677353 0.710529
0.0344866 0.0429539 0.688144 0.0240658
-0.282876 0.0850878 0.682159 10.4138
0.386826 0.131952 0.656594 19.9918
-0.00544576 -0.057043 0.686492 0.000115911
-0.335338 0.174386 0.651427 18.3316
-0.323423 0.121837 0.671424 15.5431
-0.0425272 -0.0321697 0.689134 0.141803
0.31801 -0.117352 0.672762 11.0083
0.296127 -0.285993 0.587714 15.6037
0.510836 -0.365664 0.360193 40.5684
-0.271199 0.0330794 0.68904 15.8586
0.564156 -0.122328 0.564964 69.0285
0.143095 -0.12314 0.672967 1.4681
0.179396 -0.34904 0.525039 5.54458
0.201261 0.0314526 0.689292 1.49371
-0.271156 0.162448 0.660466 10.0736
0.181281 -0.0590183 0.686358 3.28268
0.00365039 -0.051601 0.687353 0.0234948
0.457949 0.346771 0.464407 42.8155
-0.216993 0.0334314 0.689111 5.25419
-0.0311638 0.0852725 0.682619 0.190658
0.260009 0.335721 0.540419 14.1417
0.251139 -0.08701 0.682139 2.79984
0.551803 0.197622 0.537386 52.3107
0.314252 0.00553301 0.689255 4.13017
0.0218553 -0.158163 0.662089 0.311918
0.126961 -0.197132 0.644668 3.11525
-0.358475 -0.0907373 0.674211 18.528
0.330364 -0.173854 0.651699 12.8371
0.202944 -0.201238 0.642833 3.59067
-0.21569 0.278732 0.593476 5.55076
0.046192 -0.0899879 0.681716 0.430405
0.318069 0.100403 0.677473 5.23888
0.456507 0.00623427 0.653397 22.6232
0.463194 0.0288949 0.649346 26.0459
0.378452 -0.36842 0.479187 22.1452
-0.0991393 0.0976383 0.680147 0.339797
0.0298374 -0.112655 0.676584 0.379308
0.461063 -0.0158099 0.651431 26.1916
0.0504911 -0.349017 0.52454 1.10336
-0.388246 -0.00835549 0.677077 26.3438
-0.275983 -0.107039 0.677736 9.53045
0.299625 -0.23894 0.621704 15.8815
-0.142617 0.109435 0.676616 2.82822
-0.348454 0.141279 0.661473 20.0692
0.460489 0.0316125 0.65057 21.0045
0.0102741 -0.226611 0.629071 0.10693
-0.0292572 0.0129407 0.689927 0.145544
0.140643 -0.0846444 0.682719 0.833716
0.453266 -0.13594 0.631576 41.7693
0.0594737 0.106028 0.677437 0.0601712
0.10887 -0.0715067 0.684699 1.56024
-0.00998552 0.139011 0.669008 3.49762e-05
0.539768 -0.0948923 0.593753 47.084
0.263732 -0.110062 0.676687 4.98263
0.373492 0.128936 0.660465 10.6989
0.651218 0.151469 0.441266 72.9956
0.314798 -0.149672 0.6632 15.2109
0.15711 0.124807 0.673277 1.4045
-0.0562649 0.369204 0.497759 0.0316759
0.152477 -0.325404 0.551184 5.73408
0.307476 0.276539 0.593638 19.0594
0.272421 0.134309 0.669494 6.54758
0.569835 -0.291414 0.421021 55.5943
0.0423176 -0.243164 0.618567 0.275463
0.0681785 -0.359283 0.511972 0.0569839
0.136967 0.120621 0.674191 1.18817
0.0324945 -0.228807 0.628333 0.199446
0.210194 0.101905 0.678559 3.67878
0.0317171 0.161127 0.660792 0.00459083
0.0417313 0.22286 0.630954 1.08411
-0.02413 0.0391408 0.689153 0.02708
0.0853023 0.0163624 0.689972 0.673328
0.209924 0.225371 0.629669 3.49443
0.328683 -0.12971 0.668751 9.9561
-0.113794 0.202469 0.642301 1.13325
0.188819 -0.233687 0.624822 2.7441
0.0124729 -0.103756 0.678068 0.0269401
0.520729 0.113536 0.601923 60.6736
0.270412 -0.079462 0.683844 2.64422
0.252527 0.148283 0.66534 4.37247
-0.220853 0.151013 0.664369 5.56218
0.550389 0.0519872 0.594645 63.9668
-0.141516 0.362561 0.507676 1.96914
0.386267 -0.0876642 0.668481 16.0071
0.395159 0.0951202 0.664609 12.5993
0.469391 0.152753 0.617322 35.8202
0.200813 0.129518 0.670961 2.23297
0.463183 0.0994171 0.638533 33.5972
-0.300302 0.356674 0.5136 8.98111
-0.327003 -0.327819 0.544188 12.0364
0.110402 0.162452 0.659929 2.31718
0.148303 0.155528 0.662595 3.13305
-0.0360443 0.122988 0.67319 0.13986
0.362559 -0.139161 0.659821 15.5806
0.413736 -0.0497613 0.666011 17.2209
0.390049 0.101465 0.663815 20.8034
0.212052 -0.059968 0.686468 1.61185
0.288107 -0.376382 0.487099 13.5827
0.018542 -0.113824 0.675654 0.091372
0.64042 -0.0664672 0.498143 81.5162
0.410182 -0.165182 0.63763 17.5357
0.324412 0.0641598 0.683645 8.47435
0.566345 0.0287965 0.584789 56.2876
0.167909 0.227093 0.628811 4.38789
0.392527 0.0398308 0.673937 18.1771
0.250406 -0.421284 0.399294 8.25617
0.121391 0.16596 0.658526 1.21895
0.11647 0.110431 0.676533 0.54037
0.152276 -0.0706333 0.684792 1.52813
0.214885 0.128779 0.672137 5.6715
0.0832015 0.217623 0.634693 1.99988
-0.0817902 -0.0836493 0.682407 0.685108
0.23227 -0.256868 0.610437 7.19841
-0.0915265 -0.0438255 0.688506 1.36429
0.238432 0.0995136 0.67908 6.50038
0.303711 0.185536 0.64952 12.6885
0.463062 -0.304881 0.51466 38.4017
0.00143415 0.128525 0.671769 0.0427517
0.318492 0.301127 0.572579 18.6633
0.149737 -0.124729 0.673275 2.47169
0.56701 0.0420623 0.582132 63.9946
-0.344823 -0.150672 0.658874 19.8775
0.637481 -0.0768813 0.500307 84.2737
0.418322 -0.255756 0.58341 27.1323
0.554688 0.0588382 0.589969 65.265
0.334421 -0.30765 0.564089 16.6701
0.421507 0.0643356 0.662358 19.0506
0.351633 0.0322057 0.682796 6.51295
-0.431854 -0.0476642 0.66092 27.167
0.513631 0.113069 0.606563 39.1584
0.309794 0.132632 0.668953 13.908
-0.247093 -0.314726 0.5625 7.39968
-0.369607 -0.255473 0.599358 18.8054
-0.181255 0.261269 0.606455 3.76434
-0.105635 0.184019 0.651494 0.93733
-0.155501 0.0297562 0.689315 3.37298
0.325794 0.0600761 0.683427 4.14681
0.32126 -0.208694 0.636995 16.7944
0.0923835 -0.177035 0.653818 0.522701
0.0976944 -0.12011 0.674342 1.34757
0.430884 -0.290056 0.548496 37.4519
0.297204 -0.213333 0.63613 11.6719
0.379385 -0.301692 0.558703 27.9849
-0.097884 -0.0270251 0.689848 1.34711
0.468512 -0.0332526 0.646789 32.8282
0.0256926 -0.312394 0.564032 0.088511
0.397059 0.204159 0.623673 23.2485
0.393606 -0.0343891 0.673991 16.1559
0.052783 0.269497 0.600291 0.914931
-0.0249177 -0.324282 0.552657 0.137053
0.0497597 0.0863972 0.68163 0.327298
0.270868 -0.247199 0.616728 9.3861
0.100334 0.264175 0.604693 3.011
0.133214 0.100302 0.678732 1.12853
-0.0563636 -0.353529 0.518396 0.174398
-0.0690308 0.308274 0.568839 0.281632
-0.0548469 -0.116206 0.675448 0.255893
0.356218 -0.0865661 0.674924 14.0744
0.534616 0.0264942 0.608341 44.5929
0.11557 0.133095 0.669852 1.6482
0.521387 0.21448 0.552057 48.5245
0.112107 -0.183117 0.651576 3.32491
0.620446 0.0446719 0.528905 79.4191
-0.336188 0.214213 0.631945 15.4349
-0.0242634 0.00588773 0.690486 0.00863501
0.544371 -0.127869 0.580132 62.7445
-0.243082 0.358409 0.51336 6.13613
-0.347788 0.0518478 0.682221 17.0024
0.485349 -0.346398 0.439446 40.0242
0.0657376 -0.207532 0.639784 1.62371
-0.131153 -0.0267242 0.689855 1.54752
0.0873938 -0.317489 0.558711 0.348991
0.440079 0.203808 0.606935 37.5811
-0.231831 -0.277399 0.595134 8.36043
0.126255 0.13495 0.669982 1.04009
0.222772 -0.0639822 0.685741 2.14466
0.490951 0.106057 0.622172 40.5724
0.113489 -0.0768256 0.683522 0.73383
0.113749 -0.161678 0.660163 1.12472
-0.153485 0.0349 0.689326 4.02873
0.0480038 -0.222721 0.631328 0.21268
0.245076 0.0501915 0.688031 4.46119
0.251017 0.144401 0.666869 7.77253
0.425464 -0.341981 0.493518 39.9487
0.284488 -0.312826 0.563919 16.4514
-0.243001 0.0143655 0.689957 11.5046
0.181351 0.0260208 0.689401 2.84223
0.123551 -0.266751 0.603342 3.18866
0.540858 0.0567266 0.600665 53.5768
-0.0436321 0.0624328 0.686191 0.580219
0.515869 0.110913 0.60591 57.799
0.368641 0.244774 0.607265 16.6597
0.161982 0.308201 0.568887 6.79176
0.052357 -0.0647023 0.685704 0.0668407
-0.228686 0.0823272 0.68258 5.57887
-0.262665 0.277469 0.595324 11.242
-0.0193453 -0.271906 0.599208 0.0947553
-0.219967 0.0165151 0.689965 6.44192
-0.240085 0.0454927 0.687917 6.81575
0.333394 0.0798975 0.680248 10.5613
0.354271 0.230965 0.618572 14.286
0.136753 -0.00712861 0.69004 0.858856
-0.299425 0.110619 0.67578 11.3259
-0.0176861 0.0944172 0.68092 0.659279
-0.164873 0.0968868 0.680072 3.30347
0.368411 -0.0752893 0.67438 10.0171
0.104509 0.0129766 0.690551 0.671601
0.644223 0.238523 0.344564 63.308
-0.12895 0.189546 0.648362 1.76094
0.173654 0.416333 0.412336 5.39591
0.116372 0.176198 0.654031 2.44308
0.338213 0.000240793 0.686339 4.04368
0.386077 -0.0448093 0.674984 8.28893
0.0280122 0.0763244 0.684066 0.101545
-0.415639 0.0066115 0.6685 26.3572
0.0741884 -0.0736274 0.684515 0.224395
0.43507 0.0107788 0.661402 26.6853
-0.25813 0.0976609 0.680118 9.56324
0.298368 0.404782 0.43684 9.72847
0.191366 -0.144138 0.667252 3.91223
0.428122 0.0820444 0.656432 18.0225
-0.228008 -0.176184 0.654718 6.23471
0.425531 -0.255226 0.580156 33.9076
-0.150602 0.00156734 0.690785 3.35066
0.371042 -0.0842923 0.672241 12.5228
0.23374 0.203307 0.642493 6.07527
0.394276 0.000321642 0.674741 14.6288
0.274845 -0.131984 0.67108 7.26735
0.132265 -0.0567757 0.687241 1.81226
0.522526 -0.133812 0.593983 51.4883
0.321255 -0.359675 0.507976 21.2032
0.422723 0.153631 0.63746 34.5577
0.341398 -0.105868 0.672694 7.62415
0.624903 -0.104536 0.507182 78.0209
0.199522 0.161128 0.661066 2.97067
0.441119 -0.226606 0.592815 36.3922
0.650192 -0.00294775 0.492528 93.3061
-0.297037 -0.182394 0.651392 18.1476
0.089464 0.0117601 0.689848 1.30696
-0.310238 0.23641 0.622398 13.0678
-0.12472 -0.327009 0.549815 2.06386
0.272341 -0.389252 0.466105 15.136
0.505105 0.0146706 0.628597 31.3625
0.464298 -0.0330411 0.64806 24.34
0.362496 -0.156446 0.654175 14.7925
-0.0666079 0.0164514 0.690397 0.585184
0.0614865 0.136599 0.668878 0.257257
0.301785 -0.267764 0.601472 11.6757
0.412692 0.111602 0.655046 17.2169
-0.0464484 0.204798 0.640806 0.0634322
0.161268 -0.235888 0.623525 4.70702
0.580041 0.0683147 0.566546 63.6945
0.321747 0.010561 0.6884 3.26293
-0.159368 -0.288042 0.586616 2.24842
0.29868 0.137662 0.668101 10.6249
0.00825125 -0.21584 0.634791 0.318239
0.226396 0.262551 0.606037 5.261
0.286919 0.228785 0.627435 9.59366
0.346849 0.0329862 0.683777 7.9191
0.447926 0.117708 0.639534 23.1948
0.33321 0.348229 0.520176 15.6059
-0.359449 0.141107 0.660199 22.0243
-0.0418439 0.308489 0.568439 0.00598183
0.171902 0.0595183 0.686836 1.91771
0.140889 0.294647 0.580049 5.14214
0.501573 0.200582 0.575955 45.3561
0.049444 0.0991929 0.679523 0.656487
0.205224 0.123958 0.672807 5.04333
0.225266 0.219139 0.633593 7.70562
-0.341787 -0.221282 0.626711 16.3778
0.366764 0.0441514 0.679271 6.20515
0.564649 0.138036 0.558969 59.7473
0.298481 0.14074 0.667605 8.75289
-0.0379355 0.0894556 0.681926 0.292895
0.185328 0.267281 0.603135 5.56696
0.269358 0.0955375 0.679753 3.9453
0.200598 0.136805 0.669176 3.07877
0.461737 0.147556 0.623876 42.6637
0.0312377 0.181336 0.652872 0.346816
0.391767 0.296771 0.559001 29.7369
0.551946 -0.127647 0.573847 53.998
0.409115 0.258445 0.584765 26.0636
0.032659 0.137132 0.669417 0.44992
0.446923 0.102199 0.645233 26.4635
-0.240082 0.221164 0.632673 11.4445
0.28174 -0.130185 0.671372 7.85406
0.0743411 -0.145326 0.665925 0.667019
0.515553 -0.140533 0.59595 51.9728
0.457839 -0.0262943 0.651553 30.2964
-0.0811843 -0.426665 0.382316 0.360596
0.419089 0.0503271 0.664249 23.1906
-0.119204 0.0790358 0.683671 2.94553
-0.0545251 -0.107136 0.677314 0.427115
0.189889 -0.158125 0.661439 4.96377
0.368656 0.230005 0.61645 20.6097
0.438726 0.155493 0.63099 34.5572
0.536305 0.0646943 0.603125 43.5185
0.23023 -0.0669514 0.685428 5.00967
0.0149137 0.109045 0.677294 0.183748
0.492689 0.166727 0.599159 44.7788
0.0846379 -0.113191 0.675746 0.386471
-0.110819 -0.416081 0.412861 1.35636
0.428851 -0.292675 0.546328 34.8322
0.258606 0.190976 0.647632 7.37997
-0.146955 0.000243574 0.690989 2.32552
0.535094 0.069096 0.602893 47.0195
0.470048 0.275595 0.539212 36.6355
-0.223707 0.1449 0.666136 6.26982
0.356691 0.0973411 0.672364 16.9187
0.0485314 -0.116507 0.675005 1.0229
0.242627 0.0924398 0.68109 4.54636
0.195998 0.25868 0.609077 5.25906
0.128375 0.250004 0.614971 3.88328
0.267557 0.113696 0.6764 7.05207
0.0304404 0.156245 0.662523 0.123945
0.0960154 -0.0504232 0.68786 0.293786
0.0428142 -0.0461521 0.68849 0.229793
0.0310989 0.0345572 0.689496 0.0669967
-0.00212146 0.135028 0.669768 0.270953
0.0897752 -0.156085 0.662222 0.690147
0.0879767 0.138873 0.668168 0.852498
0.442431 -0.279551 0.552726 34.4094
0.490946 -0.0496927 0.634025 29.494
0.19236 0.0119041 0.690295 1.51639
0.248831 0.000624467 0.690704 2.3491
0.301953 -0.273739 0.597254 15.1627
0.622144 -0.105949 0.509884 85.9806
-0.293131 0.156818 0.662488 17.4062
0.409221 -0.163095 0.63842 22.5319
0.0176005 -0.337959 0.538007 0.206755
0.467729 -0.135274 0.624961 46.1614
0.447433 -0.214331 0.597489 44.6014
0.134853 0.0622496 0.686189 1.05452
0.151242 0.303879 0.572013 4.05049
0.652782 0.199767 0.388273 75.0084
0.400674 -0.0598932 0.669681 21.0158
-0.33169 0.0439231 0.685217 19.113
-0.241476 -0.189642 0.64893 5.91492
-0.0381473 -0.0175836 0.690442 0.0566813
-0.503137 0.11563 0.612871 25.946
0.355117 0.219555 0.625578 19.8927
-0.153673 0.138326 0.668473 2.38109
0.360923 2.92887e-05 0.682791 8.14013
0.10216 -0.113806 0.675629 0.812685
0.534139 -0.199725 0.551597 50.7312
0.288674 0.0809884 0.683416 4.24531
0.514445 0.269746 0.511335 60.0224
0.104119 -0.251874 0.613432 2.00345
0.313148 0.125459 0.671173 6.45321
0.231377 -0.321384 0.555955 6.55827
-0.366026 0.243172 0.608579 20.6577
0.303393 0.0738122 0.683559 10.0156
0.293403 0.109497 0.676917 4.53615
0.568058 0.106124 0.567416 62.505
0.549002 0.143343 0.569868 58.19
0.0649254 0.0796962 0.683508 0.854719
-0.0325825 -0.0267948 0.69011 0.00459851
0.461241 0.145041 0.62486 33.0533
-0.315717 0.0680455 0.683919 14.605
0.170117 -0.266533 0.603508 5.10974
0.372527 0.0638202 0.67544 9.26316
0.139674 -0.0197037 0.69009 0.830038
-0.274472 -0.146814 0.666399 10.2162
-0.232314 0.0876331 0.682083 7.07749
-0.152806 0.097376 0.67981 3.99625
-0.258228 -0.158352 0.661378 7.69718
0.338491 -0.121913 0.66938 16.326
0.0890616 0.0981899 0.679629 0.803707
0.557621 -0.192073 0.535232 59.7591
0.116939 -0.125986 0.672733 0.837079
-0.0870758 -0.0152752 0.689994 0.528152
0.157884 -0.125227 0.672832 3.12037
0.173671 0.403826 0.438631 4.31917
0.07008 -0.00202782 0.690479 0.221574
0.393371 -0.284849 0.568652 25.5729
-0.210153 0.16301 0.660454 6.95755
-0.127641 0.167408 0.658188 1.93033
0.0578657 0.232728 0.62595 0.561563
0.393546 -0.189704 0.6312 22.2554
0.437258 -0.210775 0.604176 29.9405
0.341797 0.157705 0.657182 11.2297
0.283652 -0.247384 0.616417 7.72307
-0.0673559 0.357149 0.514713 0.163402
0.443297 0.112605 0.643971 21.9741
-0.373586 -0.159767 0.649826 24.4154
-0.000218373 0.00338724 0.690132 0.0190854
-0.0386074 -0.0508542 0.687698 0.0340988
0.558846 0.0592147 0.586189 62.9401
0.464991 0.106068 0.635465 31.5192
0.237703 0.285862 0.588135 11.0957
-0.231152 -0.0963902 0.680147 8.32941
0.102932 -0.248424 0.615155 3.22925
-0.0947904 0.11046 0.677092 0.967451
-0.422806 0.0273404 0.665729 27.1776
0.342956 0.0611895 0.681165 5.41911
-0.0101061 -0.0570036 0.686385 0.000154961
0.0691547 0.143354 0.667217 0.558975
0.44147 0.0602638 0.654839 30.3329
0.0329869 0.181471 0.65258 0.117772
0.105456 -0.00201137 0.690723 1.24401
0.364707 -0.162619 0.650647 14.6683
0.233986 -0.394616 0.45676 5.76389
0.351301 -0.162439 0.654032 17.5472
-0.0161766 -0.00835463 0.689923 0.00024347
0.351752 -0.110339 0.670011 10.1808
0.258891 -0.230092 0.626768 9.87262
0.0746976 -0.322208 0.554427 0.915554
0.313608 0.164264 0.657985 10.2774
-0.216558 -0.175329 0.654828 7.83383
-0.141615 -0.330283 0.546127 2.53414
0.0956114 -0.0162569 0.690651 0.540776
-0.195462 -0.106328 0.677925 7.15419
0.364798 0.390187 0.447885 22.2114
0.57315 0.0303602 0.579006 67.1892
0.412948 0.0443125 0.667626 11.3594
0.272843 0.363104 0.506315 11.6048
0.209631 0.0894544 0.68125 4.28211
0.188239 -0.3554 0.516799 3.60449
0.208146 -0.108833 0.677185 2.12958
0.3577 -0.140817 0.660324 18.7772
0.141159 -0.165652 0.658418 3.31147
-0.0181635 0.0458493 0.688329 0.11179
0.168523 0.243053 0.619027 4.99146
0.495885 -0.188355 0.585772 38.4537
-0.305179 0.137873 0.667655 19.1244
-0.131874 -0.0221512 0.690251 2.64302
-0.420405 0.143288 0.642093 25.4302
0.190482 0.236508 0.623431 2.72198
0.330255 0.134411 0.666219 11.7515
-0.121387 0.159985 0.660706 2.83413
0.170421 -0.141204 0.668149 2.61256
0.0486132 -0.139973 0.668007 0.208565
0.355331 -0.0391383 0.681638 10.0486
-0.380591 -0.0950464 0.667901 20.5275
-0.0764113 0.00130584 0.69043 0.210657
0.262466 -0.0191326 0.690515 1.2088
0.0372146 -0.0456216 0.687932 0.0445069
0.596795 -0.0942601 0.543207 77.5083
0.485124 -0.29977 0.503559 44.2737
0.156349 0.0346835 0.688739 1.44104
0.308555 -0.136288 0.668451 7.32284
-0.301325 -0.368129 0.497401 9.9716
0.47089 -0.0299986 0.646113 43.4043
0.293032 -0.0728827 0.683785 3.13185
-0.211761 -0.192933 0.646813 4.88302
0.547591 0.123165 0.578132 56.6829
0.000801158 -0.102626 0.67836 0.192237
0.27166 0.0545107 0.687379 2.86741
0.600967 -0.125773 0.526293 72.004
0.13881 -0.119606 0.673898 0.849818
-0.223334 0.122269 0.67316 8.50074
0.228128 -0.346184 0.528585 12.7015
-0.00756815 -0.0462792 0.688178 0.0444129
0.375337 -0.384315 0.453795 26.4444
0.345869 0.361242 0.500794 21.4737
0.37682 0.192916 0.634787 15.0024
0.0590632 0.171458 0.656492 0.547051
0.0414157 -0.118917 0.674324 0.17275
-0.114287 -0.321135 0.555626 1.85023
0.447398 0.0833602 0.649084 22.9544
0.279236 0.340252 0.535032 15.0817
0.459604 0.218532 0.588684 37.1049
0.139699 0.211913 0.637478 3.17316
0.453797 0.122971 0.635493 31.9552
-0.184442 -0.136155 0.669104 5.24512
0.42306 -0.06586 0.661675 20.0872
-0.182635 0.341867 0.533774 3.83517
0.373377 0.194271 0.635208 19.7384
0.132086 0.186927 0.650358 3.39139
0.240047 0.0312045 0.689238 2.28266
0.268952 0.0480445 0.687784 2.59851
0.414235 0.242218 0.593977 30.4334
-0.133539 0.0654087 0.685872 1.95838
-0.21288 -0.110307 0.676503 9.66042
0.594286 0.107469 0.541478 67.3967
0.0525908 0.104153 0.678733 0.629598
0.595772 -0.179762 0.503304 75.6486
-0.0413211 0.0679772 0.685048 0.213054
-0.137363 0.0494353 0.687353 2.7502
0.242524 -0.189542 0.648703 5.48558
0.153576 0.0340451 0.688839 2.61849
0.141726 -0.0821844 0.683123 2.77048
0.475673 -0.0156318 0.644704 25.7153
0.228565 0.284168 0.589859 9.78417
0.0738588 0.0209681 0.689746 0.432049
0.257024 -0.339821 0.535236 14.1535
0.117788 -0.0468361 0.68832 1.12732
-0.0387241 0.00709183 0.690488 0.00250567
0.141112 0.101722 0.678757 1.50014
-0.0589889 -0.287694 0.586257 1.4108
0.440317 -0.0977577 0.648639 24.905
-0.19683 -0.237289 0.622582 5.98006
0.197403 0.150139 0.664734 6.20001
0.408053 0.0535999 0.667907 20.8281
-0.172851 0.0675396 0.685399 4.78593
0.328945 -0.190689 0.644505 9.5671
0.256495 -0.143917 0.667349 6.59855
0.568267 -0.023362 0.582997 72.6114
0.103124 0.309899 0.566729 1.66551
-0.201351 -0.0964408 0.679984 5.51757
-0.0165266 0.0212312 0.689624 0.487388
0.240736 -0.290586 0.584159 7.74596
0.308678 -0.198293 0.642734 13.9953
0.314082 -0.384983 0.471433 21.2171
0.35846 0.0963123 0.672068 15.1395
0.520996 -0.0482446 0.616222 59.6283
0.507831 -0.0689794 0.62118 40.2007
0.501423 -0.041977 0.628995 50.184
0.372798 -0.210474 0.626102 17.4266
0.151143 0.1375 0.669182 1.99921
0.508257 -0.0799967 0.618632 52.6444
-0.200109 0.210235 0.63874 4.87304
-0.315162 -0.0382082 0.687202 12.7558
-0.143402 0.144658 0.666926 2.46962
0.135163 0.19668 0.644708 3.19338
0.389843 -0.237326 0.606178 22.63
0.103369 0.0732226 0.685005 0.681172
-0.317211 -0.188048 0.647599 13.6715
0.252585 0.199596 0.643746 8.23344
0.255897 0.302178 0.573514 14.395
-0.287229 -0.153842 0.66313 13.2442
0.277706 0.0565197 0.686683 2.21534
0.608317 0.0913995 0.531395 70.3657
0.553886 -0.260271 0.48213 65.6601
0.420098 0.199851 0.618103 33.1785
-0.0169645 -0.143515 0.667501 0.0661774
0.480773 -0.247868 0.555946 45.3799
0.269154 0.232183 0.625584 11.2614
0.528586 0.1394 0.58717 51.8817
0.0607036 -0.181479 0.652552 0.692033
-0.0132201 0.000307478 0.690397 0.0491663
0.200308 0.307786 0.568726 5.12346
0.296484 -0.118289 0.674567 4.84525
0.0721129 0.0906576 0.681268 0.966212
0.278763 -0.159277 0.661228 5.1636
0.0905013 0.299312 0.576831 1.51116
0.313563 0.235157 0.622084 11.2807
-0.0210939 -0.034827 0.689604 0.19417
0.411159 -0.370215 0.459312 35.0594
0.512487 0.303864 0.474207 57.629
-0.0945918 -0.0446198 0.688707 0.349397
0.453467 -0.0175835 0.654356 34.9391
0.250299 0.221843 0.631503 8.58201
-0.270494 -0.167582 0.65847 10.5977
-0.292443 -0.245342 0.617262 15.405
0.3436 0.203581 0.636425 12.9061
0.433584 0.33703 0.494525 35.7625
0.149346 -0.0503781 0.687506 1.3821
0.560113 0.127539 0.56692 58.3357
0.12809 -0.170654 0.656645 1.63583
-0.460991 0.0639899 0.646107 26.6348
0.0864796 -0.153124 0.663345 1.13168
0.492399 0.118736 0.617194 35.6126
0.423145 -0.117451 0.649782 18.4783
0.387021 0.0626424 0.67217 11.0888
-0.00133259 0.0116507 0.690568 8.36597e-06
0.0442256 -0.00394963 0.690341 0.230644
-0.0220972 -0.232643 0.625345 0.00190669
-0.140012 -0.0244028 0.690277 1.34733
0.489715 0.19188 0.587987 50.2016
-0.277731 0.26536 0.604049 13.4362
0.154874 0.144893 0.666447 3.03093
0.509185 -0.268243 0.518014 45.6111
0.190726 0.0533838 0.686836 3.66219
0.391249 -0.127534 0.656532 16.1141
0.64962 -0.0947308 0.47462 82.5046
0.480632 -0.0939167 0.630706 32.7531
0.410058 -0.392628 0.416202 27.005
0.328623 0.136254 0.66641 7.05826
-0.369962 0.215183 0.624559 17.7477
0.00149967 -0.0398041 0.688942 0.0527479
0.607917 0.22098 0.451399 74.1667
0.0338045 -0.0635435 0.685694 0.612477
0.127511 -0.0544555 0.686958 1.47581
0.413979 0.152285 0.640924 18.9492
-0.378521 -0.283909 0.575073 14.9817
-0.403743 0.128516 0.652686 25.1926
0.117442 -0.39274 0.459344 3.39225
0.284733 -0.116626 0.675178 9.91192
0.514429 0.122376 0.603527 57.3936
-0.045888 0.0551136 0.687372 0.00577569
-0.157765 0.0677152 0.685869 6.16732
0.186846 -0.047004 0.6877 2.31936
0.620751 0.161706 0.483289 77.777
0.0939179 0.0115712 0.690645 0.710698
-0.0648795 0.169252 0.657205 0.466556
0.485909 -0.135428 0.615317 32.2013
-0.0173907 0.328821 0.547503 0.0242612
0.0388933 -0.262614 0.606487 0.69077
0.179178 -0.102121 0.678428 2.95963
-0.158749 -0.403847 0.439749 1.59324
0.236889 0.301907 0.574679 8.07331
0.508728 0.11602 0.608623 45.6943
0.40484 -0.248244 0.593592 25.2295
0.575456 0.199837 0.512792 75.6679
-0.249084 0.400037 0.445665 4.65363
-0.0315391 0.0236523 0.69035 0.149819
-0.10947 0.213725 0.636115 1.82482
0.291713 0.0666327 0.685635 2.97808
-0.0199543 0.225067 0.629831 0.049072
0.105295 0.244543 0.618185 2.16991
-0.187268 -0.0190351 0.689621 3.9112
0.353176 0.166714 0.651593 18.8697
0.276064 -0.123201 0.672942 4.10319
-0.155008 0.00513258 0.690356 5.52661
0.536391 -0.184423 0.558924 49.2718
-0.0864997 0.313934 0.563132 0.633411
0.329725 -0.407683 0.424656 12.1466
0.293891 -0.0643099 0.685595 2.82544
-0.308996 -0.211304 0.636968 17.0223
0.103006 -0.0515334 0.687334 0.558075
-0.319175 -0.0933587 0.679035 15.2026
0.0296843 0.102241 0.678568 0.0417027
0.306853 0.120373 0.672978 9.74369
0.251261 0.013884 0.690443 2.00779
0.691542 -0.028702 0.413615 86.9976
0.150224 -0.417884 0.406697 4.7923
-0.0191569 -0.124148 0.67266 5.90174e-05
0.576333 -0.287115 0.417073 56.9086
0.32131 -0.169138 0.655742 8.93916
0.580463 -0.00486921 0.573613 56.6457
0.307689 0.371957 0.491794 13.0854
0.105762 0.00847045 0.690625 0.475986
0.250198 0.0730397 0.684774 2.58048
0.302483 0.136989 0.668841 10.2965
0.279359 0.0363221 0.689242 4.97301
-4.28886e-05 -0.228205 0.628323 0.0109727
0.653409 0.179818 0.411055 70.8392
0.135479 0.0085371 0.690821 1.2949
-0.0178859 -0.100069 0.679382 0.0566479
0.131818 0.211457 0.637595 2.94469
0.238544 0.0865881 0.6821 4.51431
0.435049 0.102108 0.649346 29.3963
0.505313 -0.186117 0.581606 42.9335
0.072653 -0.0801423 0.683768 0.108722
0.493037 -0.0358959 0.634069 34.8746
-0.236921 0.208446 0.639841 7.04719
-0.382542 0.00741041 0.677831 20.4958
0.391101 -0.150044 0.649738 19.0634
0.073904 0.0592683 0.687015 0.634481
0.107545 0.233071 0.62579 2.91308
0.406233 -0.0263382 0.670819 15.0728
0.609014 -0.0237982 0.544356 74.1396
0.562116 0.065885 0.582759 52.566
0.453695 0.0509902 0.651864 27.4505
0.390767 -0.27664 0.576609 28.5789
0.119684 0.00717955 0.690636 0.702616
0.05731 -0.29282 0.582803 0.0948708
0.463986 0.240496 0.571572 40.3549
0.477644 0.114319 0.627404 30.4809
0.427856 0.206731 0.610394 25.5158
0.0891255 -0.0949774 0.680195 1.50981
0.603702 0.0233564 0.549273 73.0777
0.255228 0.3641 0.505183 14.4458
0.172308 -0.113728 0.676203 2.73612
-0.236559 0.0360474 0.688825 11.6539
0.494912 0.122081 0.614586 41.7092
0.383307 0.113111 0.663431 16.509
0.276574 0.143876 0.667037 4.57307
0.230653 -0.105508 0.67787 5.58008
0.318653 -0.34227 0.52972 17.2283
0.316072 0.203386 0.640119 17.0303
0.0613898 0.0711499 0.684968 0.38094
-0.0281471 0.212373 0.637486 0.278389
0.174261 -0.0831989 0.682247 2.8876
0.183091 0.223877 0.631033 2.81668
-0.0770059 -0.0684719 0.685466 0.656982
0.160327 0.2023 0.642968 5.24326
-0.163578 0.0838582 0.682207 2.71136
-0.380776 -0.132807 0.657644 22.618
0.313003 0.240542 0.619473 10.733
0.159702 0.147595 0.665853 3.21995
-0.0774625 -0.12895 0.671815 0.882888
0.238297 -0.231755 0.626155 10.6351
0.22921 -0.204443 0.641572 7.00453
0.296053 0.228813 0.627225 11.4186
-0.13485 0.119448 0.674379 1.70975
-0.18847 0.0691601 0.68476 3.76233
0.119014 0.0785923 0.68387 0.920305
0.696213 -0.046787 0.400118 84.3364
0.478199 -0.0533447 0.639786 35.3416
0.501464 -0.00695163 0.630436 37.2427
0.334898 0.422894 0.38359 15.747
0.345351 -0.161886 0.654941 10.3738
0.181976 -0.303338 0.573131 3.72341
0.101422 -0.0211704 0.689695 0.400074
0.428074 0.0346277 0.663627 26.2925
0.348333 -0.000139411 0.684448 13.2418
0.61838 0.18391 0.470079 71.2564
0.351383 0.00263419 0.684256 11.4793
0.318902 -0.179281 0.6507 14.4799
-0.342751 0.0521161 0.682796 19.5616
0.257291 0.120833 0.673762 4.68271
0.424475 -0.175864 0.627522 25.7795
-0.0139759 -0.0437013 0.688526 0.0231914
0.0286121 0.287504 0.586956 0.590255
-0.0103111 -0.0488965 0.687738 0.00433416
0.184606 0.131254 0.670678 4.16194
0.547972 0.0974815 0.587157 62.637
0.542661 -0.0298869 0.602845 54.8655
0.0849178 0.0756578 0.684494 1.00115
-0.424296 -0.0549752 0.662263 24.2566
0.555478 -0.102673 0.578852 65.6059
0.459541 -0.0165662 0.652191 24.4194
-0.0920631 0.0166923 0.690578 0.744552
0.19816 -0.0357587 0.689572 2.62994
0.413484 0.358361 0.475793 37.286
0.393364 0.124336 0.657336 17.2325
-0.161093 -0.0663187 0.685759 6.24822
0.363607 0.205228 0.631506 16.2878
0.308435 -0.367154 0.498969 12.447
-0.387959 0.259068 0.591492 18.8004
0.309397 -0.193923 0.645693 15.3738
0.45921 -0.129373 0.631635 37.668
0.553155 -0.00716404 0.596122 67.7984
0.170398 0.410085 0.425511 4.75168
0.0728811 -0.0759753 0.683542 0.0935012
-0.299895 0.00808936 0.690178 11.9007
0.129311 -0.00979786 0.690692 0.986343
-0.264653 -0.0653761 0.686069 9.22576
0.222257 -0.164273 0.658945 6.15594
0.643751 0.00568733 0.50227 89.9202
0.387352 -0.298686 0.559188 26.9921
0.156949 0.117584 0.674781 1.96957
0.508599 0.0898378 0.615577 44.1847
-0.382199 0.224976 0.616413 18.6445
-0.00849478 -0.258071 0.609234 0.0260853
-0.0403881 -0.208603 0.639357 0.00921024
0.474446 0.189973 0.59809 39.3866
-0.343809 -0.133887 0.665501 16.3223
0.565699 0.084219 0.575239 66.5907
0.131309 0.153736 0.663536 0.821071
0.130883 0.273341 0.597736 5.10544
0.24691 -0.0982818 0.6795 4.1882
0.212141 -0.269795 0.600772 10.1498
0.450741 -0.0128196 0.656019 26.7754
0.306194 -0.390417 0.461442 13.2984
0.0766635 0.369206 0.497965 0.394623
-0.296366 0.0525287 0.686768 12.3368
0.211427 0.102567 0.678394 3.98561
-0.124489 0.129044 0.671906 4.64799
0.457991 -0.204972 0.597963 47.0767
0.0775469 0.419321 0.404445 1.53584
-0.0797908 0.189777 0.648826 0.782904
0.500865 0.253078 0.538065 54.0452
0.60415 -0.257134 0.413177 61.8563
-0.158119 -0.197927 0.644946 4.03138
-0.1147 0.255496 0.611194 1.42907
0.252029 0.314226 0.562178 12.9589
0.0601554 0.270626 0.599432 0.72831
0.308462 0.00540421 0.689697 5.30459
-0.321956 0.0953265 0.677836 19.0589
-0.138197 0.0805648 0.682933 3.1588
0.368082 -0.0123123 0.681101 12.6874
0.318978 0.192785 0.645507 13.9413
0.177587 -0.159615 0.66102 3.36782
0.211785 0.0183655 0.689698 1.42252
0.290824 0.128094 0.671478 8.1478
-0.0137495 -0.294649 0.581157 0.181092
-0.0333183 -0.120324 0.674109 0.029133
0.0220846 -0.287868 0.58666 0.0452469
0.020133 -0.0400586 0.68886 0.0460673
0.331789 -0.134093 0.667012 16.4567
0.135397 -0.196453 0.644855 2.34369
0.508371 -0.140973 0.600416 44.773
-0.0311964 -0.0901157 0.681626 0.0659123
-0.0361443 0.352273 0.519942 0.102532
0.2011 -0.136314 0.669394 2.86463
0.356912 -0.057704 0.67998 6.82411
0.045584 0.397815 0.450858 0.623276
0.357363 -0.103559 0.671315 13.6031
0.621874 -0.238599 0.405085 67.5297
0.231719 -0.199231 0.644188 5.96057
-0.360076 0.00573452 0.682833 24.2321
-0.192178 -0.348201 0.525542 4.10606
0.309988 -0.138323 0.667695 9.27883
0.436318 -0.212011 0.604206 29.7019
-0.288095 0.0570786 0.687139 16.8977
0.358243 0.125186 0.664631 15.5984
0.198211 0.193491 0.646253 5.07543
0.248162 0.258993 0.609047 10.1603
-0.344652 0.000341221 0.68535 16.6363
0.123799 0.279342 0.593859 1.11028
0.623589 -0.103195 0.508978 80.3846
0.090258 0.359362 0.510782 2.22075
0.0861459 -0.0983937 0.679297 1.62803
0.49537 -0.206411 0.57606 41.4241
-0.140938 -0.0780789 0.684104 5.00986
0.473859 -0.298335 0.514694 39.9382
0.163849 -0.172064 0.65602 1.69021
-0.178967 -0.414999 0.41574 3.35304
0.077844 0.146914 0.665825 0.481058
0.38913 -0.0891 0.666797 17.1196
-0.204625 0.258079 0.608825 9.59491
-0.160674 0.318543 0.557737 4.87223
-0.132166 0.117212 0.675023 1.27843
0.195717 -0.308469 0.567934 7.04092
0.000877726 -0.0364307 0.68918 0.0289362
-0.118172 -0.0639827 0.685976 2.78393
0.375929 0.121847 0.662878 19.6253
0.480844 0.086916 0.632808 34.0944
-0.15156 -0.11062 0.676719 2.27175
0.362221 -0.330418 0.534086 26.6408
0.326393 0.183549 0.648101 14.5498
0.307712 0.384538 0.47139 17.2369
0.316425 -0.191523 0.646384 8.50466
0.311414 0.125546 0.670981 12.0081
-0.31151 0.307024 0.567143 14.2799
0.554488 -0.313244 0.407608 46.0858
0.0941976 -0.390773 0.463777 1.24405
-0.0403973 -0.330967 0.545969 0.0901225
0.492229 0.0209624 0.635684 28.6993
0.20182 0.0324968 0.689598 1.57197
0.363704 -0.380303 0.464464 23.8751
0.32071 0.00308873 0.688227 7.94275
0.652588 -0.0625163 0.480966 81.1146
0.294308 -0.0770863 0.683906 5.44071
-0.153222 -0.19932 0.644127 6.0683
0.376284 -0.0960352 0.6691 12.8111
0.272516 0.197374 0.644895 7.6244
0.121262 0.0888809 0.681328 1.58842
-0.0190034 0.173692 0.655398 0.000730811
0.163934 0.369493 0.49719 6.79088
0.056488 -0.0713221 0.684733 0.376649
-0.283045 0.151814 0.664166 10.2292
-0.04113 0.0853331 0.68274 0.0274652
0.33218 -0.0255081 0.686012 9.93595
-0.0759992 -0.0767307 0.683489 0.178788
0.349335 -0.171069 0.650234 16.5214
0.251452 -0.192082 0.647262 7.8231
0.166362 0.17141 0.656549 2.78792
0.165969 0.0160563 0.68996 1.03693
0.58282 0.00575277 0.571401 65.3166
0.439851 0.168554 0.624411 28.2995
0.602654 -0.141785 0.518245 76.4222
0.00564922 -0.140039 0.668106 0.0430131
-0.307323 0.351861 0.51874 8.46923
0.425969 0.233246 0.595173 33.2157
0.203203 -0.114705 0.676124 2.72078
0.308797 -0.0576061 0.686209 4.81506
0.0939829 0.0989393 0.679502 0.875805
-0.0684023 0.208193 0.639013 0.490283
0.179018 0.189555 0.648734 4.8286
0.236041 -0.229162 0.62788 10.8963
-0.157981 0.258058 0.608694 4.48493
-0.0864556 -0.0308433 0.689629 0.621373
0.221761 -0.186824 0.650014 4.92938
0.159252 0.234581 0.625001 3.05353
0.0537408 0.241308 0.620876 1.11085
-0.042116 0.0756395 0.684229 0.327138
0.224559 0.262882 0.606175 7.61217
0.409109 0.22312 0.60832 35.5059
0.0760987 -0.108798 0.677547 0.586051
0.527711 -0.11804 0.595745 51.07
0.181961 0.396109 0.455067 5.52243
0.548266 0.238899 0.509205 63.2369
0.0344385 -0.087942 0.681719 0.465127
0.168657 0.270651 0.600581 2.48893
0.173102 0.36349 0.506328 7.80254
0.376207 0.044771 0.677656 9.18023
0.275674 -0.13607 0.669833 5.16071
0.0125428 0.0107538 0.690727 0.195333
-0.142344 0.0136378 0.690293 5.68917
0.348732 0.000307137 0.685042 8.04975
0.428705 0.0875573 0.654776 24.963
-0.148629 -0.137733 0.668786 2.43578
0.0264325 -0.29334 0.5814 0.146607
0.528852 -0.0308568 0.612524 53.1337
0.158807 0.0134584 0.690794 1.07971
0.403666 0.18071 0.63293 19.8529
0.623205 -0.147902 0.487093 79.6665
0.0117739 0.12587 0.672652 0.179038
0.428134 -0.0636339 0.660264 20.5603
0.169224 0.0772852 0.683745 1.32598
0.449214 -0.170701 0.620122 26.645
0.652472 0.0936066 0.472138 83.5879
-0.0863542 -0.166429 0.658844 0.411094
0.488276 -0.136374 0.61386 34.1101
-0.297575 0.249228 0.614221 12.6981
0.204922 0.041082 0.689025 2.28832
-0.0166272 -0.0381587 0.68891 0.0828397
0.179896 0.402335 0.441686 4.02553
0.477662 0.205905 0.587085 37.9568
0.0241675 -0.00374937 0.690843 0.0319112
-0.328395 0.176813 0.650907 16.7651
0.088144 -0.409669 0.427168 1.05069
-0.111852 -0.0999557 0.67944 0.803422
0.414749 0.172692 0.632384 31.3577
-0.151884 -0.260487 0.607007 3.77586
0.0752191 -0.299794 0.575645 1.16383
0.430039 -0.120581 0.646569 26.7474
0.483219 -0.0676392 0.6349 32.8662
-0.179844 0.0604296 0.686424 5.09656
0.469129 -0.108654 0.632728 40.8205
0.401636 -0.197509 0.624851 22.4055
-0.00249219 0.163916 0.65916 0.0291521
0.489571 -0.224007 0.567756 41.4027
0.053107 0.114538 0.67617 0.753543
0.08291 -0.410287 0.42551 0.152801
0.337902 -0.211285 0.633134 16.9639
0.545768 0.164016 0.561973 60.0837
0.0859846 0.00361737 0.690494 0.422678
0.252394 -0.282973 0.590805 14.3849
0.242216 0.301902 0.573966 6.66844
0.504793 0.228856 0.553718 46.3659
-0.285036 -0.0950872 0.680062 13.4212
-0.00659461 0.0435624 0.688133 0.000535888
0.0367986 0.0407164 0.688539 0.0398985
0.515775 0.331669 0.429784 50.1714
0.164094 -0.391667 0.462089 3.38322
0.623433 -0.20304 0.44443 75.1467
0.346491 0.329143 0.539295 21.516
0.565562 0.155932 0.549616 71.5569
0.493514 0.0958572 0.623511 41.3547
-0.101735 0.0370453 0.689319 1.02928
-0.412478 0.107798 0.655878 26.5146
0.528305 0.194656 0.560194 61.9727
-0.0142525 0.143082 0.667347 0.0540778
0.118504 0.211467 0.637757 2.89392
0.155121 0.156164 0.662551 4.35808
-0.0248182 -0.115798 0.675825 0.00243319
0.518622 -0.0653037 0.615092 50.8646
-0.0141633 0.0161881 0.690534 0.550173
0.153779 0.0415195 0.68816 0.979441
-0.0202425 -0.378813 0.482487 0.0753667
0.185772 -0.153539 0.663688 3.74044
0.0802843 -0.146763 0.665574 1.93569
0.504681 0.170522 0.589099 49.9321
-0.0499335 0.291921 0.582512 0.0129448
0.419064 0.0177834 0.667057 21.7052
0.241982 -0.083226 0.682506 5.64695
-0.0436734 -0.310789 0.565529 0.330374
0.320241 0.171288 0.65444 16.2372
0.682076 -0.119755 0.397935 84.4355
0.395811 -0.245608 0.598157 21.3106
-0.155649 0.295096 0.580161 4.60275
-0.393719 0.0936507 0.66484 26.1661
0.411454 -0.177695 0.631973 20.773
0.0792352 -0.148206 0.665373 1.28553
0.171259 -0.014974 0.690405 2.47087
-0.206736 0.174414 0.655738 9.25103
0.344616 -0.324873 0.545037 23.0289
0.328617 -0.192743 0.643427 14.6461
0.65163 -0.00894693 0.490845 93.2737
0.056911 -0.400525 0.445191 1.47352
0.33902 0.253166 0.607802 23.8713
0.0239127 -0.303975 0.572347 0.127726
0.238433 -0.299157 0.576399 11.9118
0.187878 -0.122146 0.673572 2.4164
0.327092 0.274025 0.594436 13.1089
0.113935 -0.136781 0.668824 1.53108
0.0669306 0.179317 0.653091 0.814192
-0.371258 -0.322087 0.541119 14.5973
-0.0950412 -0.0594216 0.686197 0.380593
0.313 -0.147752 0.664257 8.48991
-0.00656951 0.122293 0.67321 0.279541
0.399888 0.0234159 0.673339 14.9301
0.203924 0.146209 0.665794 6.63349
0.457854 0.282711 0.540293 48.2618
0.144746 -0.3284 0.547614 4.58678
0.47279 -0.277427 0.536766 45.0767
0.53133 -0.0695572 0.605696 52.3585
0.407969 0.351018 0.490827 32.357
0.0788946 0.116169 0.675383 0.476656
0.607041 -0.0709045 0.538026 76.9358
-0.164431 -0.187846 0.649514 2.86592
0.413668 0.188604 0.625457 26.5433
-0.340877 -0.0364714 0.684527 17.2206
0.223548 0.126176 0.672371 6.81639
0.528612 -0.108292 0.598227 47.3902
0.0775042 -0.0596 0.686845 0.473302
0.175545 -0.16907 0.658039 2.68676
0.20116 0.0193294 0.689685 1.77282
-0.0753877 -0.0187454 0.690585 1.29638
0.424503 -0.307664 0.534561 28.5725
0.187755 0.098054 0.679258 1.8435
0.39711 0.109015 0.660512 19.9355
0.0834544 -0.035766 0.689015 0.759205
0.261283 0.0757484 0.683634 3.284
0.239076 0.194424 0.646879 4.79465
0.0394669 -0.0646363 0.685802 0.436094
0.066723 -0.386031 0.47126 0.795137
0.288039 -0.04819 0.688036 3.91022
0.503865 -0.261746 0.527982 49.5922
-0.0303984 -0.293609 0.581919 0.00438621
0.334733 0.0744468 0.681022 9.8782
0.478046 0.111676 0.62806 29.9251
0.117836 0.0538236 0.68691 1.10848
-0.138233 0.206542 0.640046 2.90326
0.218772 0.194828 0.646275 4.96741
0.150976 0.230289 0.627207 2.14617
-0.244221 -0.055482 0.686946 10.1318
-0.177362 0.335788 0.540505 6.77736
-0.0679518 0.293325 0.581988 0.211178
0.420435 -0.201635 0.616229 24.6884
0.0441675 0.00575423 0.690334 0.231569
-0.308858 -0.0607144 0.685596 18.7234
-0.172416 0.21445 0.636561 7.47221
0.528156 0.248578 0.51956 60.4023
0.561366 -0.262147 0.471215 66.2395
-0.0894955 -0.235392 0.624144 0.482022
0.0828968 0.0975877 0.679903 0.109841
0.162787 0.247652 0.61621 5.43535
0.0251426 0.137319 0.668643 0.0406288
0.171821 0.202217 0.642833 4.96909
0.583157 -0.117541 0.549116 72.3171
0.243167 0.169694 0.657399 6.39128
0.414919 0.175605 0.630958 23.7249
0.0928655 -0.342151 0.532312 1.32854
-0.101138 0.188982 0.648995 0.93187
0.185466 -0.322466 0.553957 4.65982
0.085557 0.26233 0.605846 0.201406
0.189094 -0.0537443 0.687506 2.80368
0.125489 -0.126564 0.672295 1.41004
0.0988826 -0.397583 0.451653 1.4215
0.477106 0.00688856 0.643747 40.5318
0.627551 0.149434 0.481555 74.0239
-0.157362 0.0597709 0.686197 3.8782
0.417176 -0.0677867 0.663323 15.7705
0.320517 -0.0244952 0.68802 3.62497
0.263085 0.369993 0.496516 9.79116
0.0440558 -0.0111397 0.690512 0.0659193
0.265758 -0.204331 0.641436 7.20296
0.415275 0.0918114 0.659404 24.1506
0.247933 0.198752 0.644515 8.36638
0.0723093 0.00834593 0.69009 0.688959
0.348212 -0.271719 0.592699 17.3444
-0.491949 -0.00982429 0.636445 28.75
-0.0585256 -0.0289294 0.689906 0.91891
0.284444 0.114055 0.675417 6.02592
-0.00784105 0.124943 0.673036 0.072936
-0.0307696 0.176492 0.654364 0.754912
0.449731 -0.147696 0.628734 33.5193
0.284444 -0.159967 0.660936 12.4109
-0.424962 0.0102923 0.665716 28.1809
0.0127803 -0.139984 0.668497 0.0224377
0.374065 0.214678 0.624589 23.3662
0.462944 0.026548 0.65002 38.8793
0.399181 0.0286247 0.672819 13.9079
-0.232958 -0.224552 0.630765 7.17674
0.556866 -0.258151 0.48073 56.3554
0.0413637 -0.374202 0.490251 0.0124987
0.303845 0.113024 0.675683 6.0316
0.249042 0.101015 0.679378 2.96868
-0.0566512 0.019393 0.690085 1.51081
0.180109 -0.0277403 0.68977 1.41967
-0.0836835 0.117462 0.675141 0.940353
0.349616 -0.27198 0.591439 15.6032
0.416252 -0.0670366 0.663208 16.7396
0.237219 -0.340532 0.5348 5.495
0.199639 -0.0453208 0.687852 1.89193
0.104436 0.338704 0.536437 1.0857
0.5249 -0.136987 0.591108 50.9961
-0.413645 -0.246531 0.591391 19.058
0.281715 0.255159 0.610789 10.0514
-0.159598 0.0158139 0.68979 3.53826
0.213098 0.106531 0.677715 2.87327
0.623549 -0.13225 0.49667 85.1269
0.331998 -0.294277 0.577159 16.2642
-0.145666 0.36881 0.498604 3.00689
0.48378 -0.0366605 0.638502 46.5452
0.277987 -0.185459 0.650542 8.22975
0.0622645 0.16816 0.657632 0.366468
0.212446 0.33471 0.540645 10.1267
0.479327 0.00484701 0.642433 30.3238
0.106485 0.191765 0.647777 1.41878
0.0326559 0.0180738 0.690187 0.0506736
0.617019 0.155898 0.490788 75.9362
0.0671347 0.132929 0.669961 0.911717
-0.0334975 0.207421 0.640296 0.000205222
0.0721396 0.0535621 0.687654 1.03995
-0.246169 0.0315516 0.689268 13.3241
0.340552 -0.256945 0.604524 21.7178
0.439405 -0.0479139 0.658008 31.4007
0.502883 0.0433154 0.627937 32.7169
-0.094995 -0.393169 0.458815 1.18294
0.0367802 0.0290981 0.689487 0.0494741
0.504469 -0.141824 0.602657 49.4571
0.482441 0.140487 0.615902 49.6737
-0.185515 0.310165 0.566851 3.18013
0.303221 0.180164 0.652224 10.5131
0.440026 0.25617 0.572265 43.0228
0.071731 0.256717 0.609481 1.20756
-0.102093 0.16916 0.65754 1.85339
0.246941 0.0909469 0.681227 6.85963
0.669416 -0.0371513 0.459012 94.105
0.420808 -0.145386 0.641859 22.8557
0.362051 0.114306 0.666967 18.9769
-0.311265 0.267623 0.601265 13.8419
-0.441586 0.0463236 0.657003 26.8828
0.287248 -0.181007 0.652376 6.78562
-0.385729 -0.0620291 0.673095 26.4793
0.176831 -0.318816 0.557721 5.02362
0.308565 -0.18549 0.649666 13.1658
0.325755 -0.118895 0.672099 9.47656
0.339541 0.0138732 0.686285 10.722
0.13951 -0.0205951 0.689804 0.74022
0.403475 0.116226 0.656158 19.3866
0.143534 -0.277712 0.594267 2.78174
0.122784 -0.124124 0.672827 1.26268
-0.043991 0.0212335 0.690375 0.0446699
0.0804762 -0.189919 0.648507 0.634419
0.470378 -0.113134 0.631542 45.9965
0.19895 -0.0428787 0.68827 1.9831
0.172261 -0.344373 0.530389 2.57767
-0.130805 -0.0371128 0.689026 3.04135
0.0315976 0.384582 0.473825 0.400604
-0.320154 0.333945 0.539593 12.199
0.0289246 -0.0895891 0.681012 8.85632e-05
0.646474 -0.0261058 0.49716 86.3809
0.606762 -0.0472171 0.544066 79.7708
0.527945 0.122197 0.594482 47.8516
0.166753 -0.197303 0.645111 5.94825
0.211221 -0.196028 0.645168 6.29788
-0.289985 -0.192545 0.647237 10.3341
0.126339 0.145555 0.666807 1.82827
0.44488 0.125347 0.638496 27.2314
0.448362 -0.113985 0.640738 31.27
0.295419 -0.213104 0.636394 9.11923
-0.0840329 -0.162591 0.660009 1.78271
0.645771 -0.118289 0.470121 83.1443
0.538182 0.00940054 0.606781 50.2354
0.309768 0.0942314 0.67937 5.86877
0.0187439 0.308305 0.56885 0.130192
-0.00228313 -0.067611 0.685894 0.282929
-0.227739 0.0842674 0.682753 6.42656
0.092576 -0.00188297 0.690349 0.312059
0.302441 -0.223001 0.630834 10.175
0.107982 0.351778 0.521822 0.79957
0.141307 -0.267708 0.602063 3.30126
0.368375 -0.00998785 0.681521 11.5826
0.445172 0.156844 0.627351 31.3194
0.476986 0.0204147 0.643583 43.6264
0.0427137 0.158239 0.661619 0.882852
0.675207 -0.10086 0.426177 86.6056
0.465621 0.219225 0.585751 47.5902
0.30233 0.142781 0.666733 12.0143
0.00619242 0.316483 0.560288 0.370843
0.167008 -0.117366 0.674865 2.23115
-0.184658 0.235222 0.624072 5.67642
0.415507 0.1039 0.65562 14.7495
0.304088 0.158485 0.661058 13.3499
0.405951 -0.193042 0.626624 23.5185
0.387475 -0.0213318 0.675865 20.2272
-0.321214 -0.0301501 0.687731 18.5069
0.304941 0.14396 0.665659 9.68815
-0.324256 -0.205341 0.637959 16.3643
0.0945444 -0.0279219 0.689724 0.296158
-0.35214 -0.0398165 0.682533 20.1404
0.137027 0.369846 0.496353 4.7738
0.164247 -0.127633 0.671922 2.13716
0.189775 -0.22961 0.627017 7.81895
0.390732 -0.0375359 0.674093 11.5918
-0.129275 -0.385558 0.472485 1.60188
0.0753481 -0.10483 0.678134 1.10785
-0.228472 -0.202455 0.642751 5.62722
0.174639 0.0708926 0.684858 3.0274
0.371795 -0.236379 0.611171 24.0549
0.512389 -0.127428 0.602859 44.6351
0.379637 -0.324926 0.534932 27.8941
0.561203 -0.0551549 0.58496 63.164
0.216992 0.222929 0.631566 9.38425
0.649337 -0.191352 0.407724 72.5069
-0.426598 0.108382 0.65109 27.5526
0.43923 -0.114326 0.644918 26.7714
0.017618 0.14868 0.665009 0.050065
-0.0720317 -0.365477 0.502978 0.0640047
0.313352 0.0424307 0.687292 8.4039
-0.276799 0.316075 0.560555 6.98532
-0.0936589 -0.232203 0.626026 2.4054
0.368234 -0.182803 0.641967 15.7668
0.50229 -0.147121 0.601391 50.8704
-0.0153964 0.197889 0.644562 0.0039706
0.334418 -0.128558 0.668206 8.47022
0.381115 -0.08735 0.669917 14.2926
0.249769 -0.350724 0.523106 11.5754
-0.297972 -0.0752714 0.683563 11.2986
0.226894 -0.173432 0.656227 4.03187
-0.076792 -0.0294931 0.689312 1.26615
0.00163929 0.0241316 0.689566 8.26307e-05
0.381797 0.146058 0.653408 14.8245
0.447624 -0.0419839 0.65452 27.051
-0.322345 -0.250352 0.612095 16.3586
-0.0273476 -0.0657581 0.685217 0.076237
0.389651 0.354508 0.493395 29.0526
-0.344263 0.12214 0.668607 15.1571
0.556614 0.282082 0.453691 50.9234
0.151398 0.144311 0.66658 3.52411
0.0678987 -0.11452 0.675777 0.294217
0.161334 0.13666 0.669241 2.00069
0.310042 0.023736 0.688917 7.58225
0.313271 0.309563 0.565093 21.9192
0.660067 0.195205 0.376684 71.9025
-0.157077 -0.318921 0.557847 2.18683
0.104721 -0.0210397 0.690188 0.486226
0.430922 -0.367109 0.450077 36.7038
0.145013 0.199158 0.644382 2.34072
0.421354 -0.0699492 0.661286 15.651
-0.210473 0.047457 0.688272 3.94586
0.446234 0.172775 0.619896 29.6832
-0.173246 0.0738064 0.68439 4.98219
-0.0914193 0.0523087 0.687784 0.762562
0.142956 -0.0497996 0.687421 1.05457
-0.0096981 0.107815 0.677142 0.012984
0.435888 -0.198848 0.612056 32.0401
0.445579 -0.168853 0.622401 28.1212
-0.0556205 -0.0704426 0.684904 0.295881
0.018555 0.232726 0.62548 0.629591
0.00347021 0.317508 0.559826 0.479832
0.391405 -0.21128 0.621542 22.7567
-0.0117219 -0.105656 0.677806 0.00308987
-0.43831 0.157632 0.629652 24.853
-0.107918 0.0126899 0.690511 0.99119
0.177166 0.303898 0.572479 5.27157
-0.0880061 0.392609 0.460916 1.94619
0.520472 0.204229 0.559412 47.0157
0.424894 -0.111579 0.650343 23.7356
0.441946 -0.128316 0.63921 20.8768
0.350814 -0.00868916 0.684308 7.30781
0.251224 0.380262 0.481471 7.97469
0.396394 0.280077 0.571996 24.0275
-0.247563 -0.324802 0.551871 8.79364
0.284286 0.0730532 0.684521 3.60577
0.093806 -0.144063 0.666498 0.887
0.371131 0.051129 0.677323 7.55679
0.330826 -0.143302 0.66376 16.472
0.142291 0.0345305 0.688859 1.19231
0.516942 0.319827 0.448463 53.7269
0.561347 -0.0537302 0.585665 63.0018
0.150238 0.00392809 0.69028 1.61433
-0.142473 0.383736 0.476301 3.20282
-0.0814413 0.3154 0.561777 0.78636
0.0536252 -0.102254 0.678533 0.326366
0.0567081 -0.208556 0.63936 0.036275
0.2883 -0.0213462 0.68962 2.01653
0.596553 0.0180931 0.558126 75.933
0.00841994 0.131262 0.670469 0.12981
0.282329 0.205569 0.640393 10.3293
0.348936 -0.0587859 0.680943 9.53754
0.430871 -0.0695619 0.657757 18.8303
-0.0573454 0.2579 0.609831 0.10225
0.33619 0.0869878 0.678017 5.62215
0.0287247 0.0552971 0.686885 0.108094
0.224214 -0.0455863 0.687996 2.87758
0.449344 0.0967358 0.645398 37.7435
0.312985 0.205304 0.639846 11.7993
0.2921 0.165193 0.658452 7.31895
0.240276 0.161884 0.66023 8.15647
-0.298083 -0.0338124 0.688608 13.923
-0.0903099 -0.276926 0.594629 0.79441
0.0999827 0.0868617 0.681802 1.83534
-0.0321072 0.337125 0.5379 0.0127087
-0.0447859 0.194811 0.6461 0.000837252
0.408368 -0.254358 0.587763 34.9318
0.233259 -0.182296 0.651673 5.87159
0.196605 0.112826 0.67564 3.41743
0.298704 -0.0452021 0.687292 2.7078
-0.381728 0.32148 0.538372 13.9607
0.0536922 0.21389 0.636458 1.17459
-0.231245 -0.0145699 0.689813 10.6097
-0.0296771 0.179235 0.653403 0.687599
-0.0201468 -0.0528957 0.686983 0.0123547
0.220943 0.0169964 0.690548 3.01649
-0.147007 -0.112113 0.676485 2.05258
0.502566 -0.0102519 0.630585 38.0531
-0.0737532 -0.194857 0.646346 0.590387
-0.101335 -0.0646283 0.685604 0.491864
0.540516 0.031669 0.6038 50.7916
0.291507 -0.100468 0.67943 4.05882
0.281198 -0.117186 0.674822 7.23717
0.126738 -0.0139705 0.690315 1.4193
0.376814 0.109452 0.665604 16.5587
0.406412 0.0364076 0.669762 25.7109
0.48549 -0.244465 0.556419 45.9348
0.478205 0.157159 0.610787 42.6395
0.230393 -0.0977206 0.680124 2.43487
0.113801 0.0843997 0.682225 1.58428
0.0355649 0.0789206 0.683755 0.050583
0.399955 -0.120524 0.656945 19.3986
0.294643 0.191303 0.64716 8.61279
-0.160668 0.281766 0.591585 2.54686
0.0771693 0.245137 0.617938 0.170905
-0.11711 0.121852 0.673325 3.45535
0.234641 0.239013 0.62143 10.0003
0.332382 0.257777 0.605456 21.6352
0.237084 -0.134017 0.670526 7.18676
0.391808 0.182763 0.635911 19.3457
0.637668 -0.187988 0.433028 70.5425
-0.0321413 0.018032 0.689702 0.507112
0.293902 0.421805 0.397027 14.6439
0.213968 -0.183444 0.651279 4.14306
0.0762801 0.0775235 0.683813 0.511013
-0.116152 0.0926868 0.68061 2.95012
0.579501 0.0875982 0.562885 66.7895
0.267788 0.0244373 0.690199 3.12895
0.313782 0.245811 0.615876 15.2267
-0.281939 0.109741 0.676641 10.1321
0.605528 0.226272 0.450469 67.3317
0.452224 0.307356 0.519466 39.7787
0.224532 -0.351062 0.521634 5.12639
0.112147 0.125515 0.672798 0.672537
0.0163841 0.231282 0.626508 0.012482
-0.053979 0.0974477 0.680021 0.114761
-0.0172455 -0.0656486 0.68575 0.000288575
0.372165 0.393595 0.436922 25.7585
0.632139 0.0506605 0.513723 90.036
-0.0407825 -0.127398 0.672445 0.358563
0.567805 0.182659 0.531394 68.4291
0.166826 -0.232836 0.625337 4.04557
-0.393655 0.240108 0.603171 20.3765
0.428534 -0.0424641 0.662793 19.6123
0.118822 -0.18653 0.649946 1.28453
0.294877 0.234612 0.624574 10.3288
0.414892 0.0412527 0.667566 19.0943
-0.0298899 0.224335 0.630268 0.353468
0.419047 -0.0811736 0.659944 22.8407
0.27694 0.374029 0.490787 12.3507
0.347126 0.208323 0.632913 23.9545
0.246504 -0.186756 0.64976 8.43489
0.292828 -0.260485 0.606941 16.333
-0.138126 0.0260098 0.689449 3.63065
0.560097 -0.0418544 0.587958 66.8637
-0.258128 -0.0606072 0.686644 7.38468
0.44427 -0.274613 0.556043 35.8854
0.592177 -0.0868316 0.550925 71.7436
0.217516 -0.278845 0.593151 4.29384
0.000849688 -0.0391049 0.689191 0.00748185
0.39776 0.372712 0.462856 25.9158
0.487333 -0.00449433 0.638943 32.6728
0.333588 0.128424 0.667861 15.5858
0.298677 0.00989052 0.689758 5.44089
-0.173961 0.274733 0.596312 5.46601
-0.156345 -0.312971 0.563887 5.32775
0.186429 -0.200512 0.642976 6.4969
0.156697 -0.195228 0.646129 3.72987
-0.41489 0.00773134 0.66847 26.9243
0.0267942 0.0839443 0.683028 0.241989
0.182087 0.0511545 0.687397 1.67771
0.342503 -0.206751 0.635071 14.5371
0.401387 -0.169511 0.638054 24.5421
-0.136055 -0.00730973 0.690889 1.36565
0.328147 0.418818 0.397833 15.3229
-0.261039 0.0446635 0.688775 9.23346
0.502137 -0.36447 0.379371 33.2376
0.552532 0.0404194 0.594721 59.7977
0.545333 0.0390676 0.60004 58.0685
-0.250483 0.0184461 0.69054 7.70184
0.251856 0.0441284 0.688493 4.35249
0.0250221 -0.189403 0.648151 0.0596731
-0.0289205 0.326811 0.549639 0.163542
0.499535 0.262838 0.529849 48.0379
0.231489 0.0989915 0.679511 3.77479
0.129584 -0.359229 0.511192 2.88929
0.137631 -0.284813 0.58938 3.22044
0.439342 0.120212 0.642691 24.7035
-0.197472 0.169305 0.657414 5.9197
0.309963 0.256754 0.609237 13.011
0.368964 -0.37858 0.466819 18.3728
0.444391 0.212539 0.60078 40.031
-0.00606042 -0.214692 0.636009 0.0090065
-0.387187 -0.195776 0.630392 19.2836
-0.224762 -0.102768 0.679026 6.94001
0.111789 0.155235 0.662801 1.04794
-0.318044 -0.342826 0.529699 11.6481
0.152872 -0.0495477 0.687681 1.50133
0.141265 0.0994548 0.6793 0.913235
-0.254862 0.203442 0.642076 7.6865
0.195112 0.347553 0.526049 5.28302
0.260164 0.395593 0.454758 9.6519
-0.01869 0.0916037 0.681455 0.145284
-0.011233 -0.376198 0.486556 0.00964584
0.404662 -0.235022 0.603138 29.9831
0.540752 -0.269812 0.486211 54.1701
0.159095 -0.18545 0.65019 4.809
0.436454 0.0130213 0.661383 30.5885
0.411579 0.218901 0.610011 25.9079
0.0527273 -0.121244 0.674142 0.533157
0.428496 0.0864087 0.655375 24.4064
-0.146252 0.404113 0.438845 1.16551
0.4154 0.262945 0.57831 24.7365
0.16769 -0.104404 0.678144 2.23937
-0.325412 0.298613 0.573638 11.5782
0.0672859 -0.15887 0.661001 1.07892
0.36056 -0.135094 0.661199 15.4435
0.488183 0.0756349 0.631469 33.7906
-0.344195 0.151775 0.658711 19.3135
-0.0115239 0.109161 0.677247 0.108962
-0.213473 0.155597 0.662376 4.91775
0.138458 -0.0596019 0.686888 2.39219
-0.204674 0.22801 0.628271 4.89068
-0.0524378 0.25121 0.6139 0.200248
-0.0527129 0.196344 0.645784 0.201426
0.359192 -0.18339 0.643203 16.0872
0.156261 0.191368 0.648311 3.05159
0.018478 -0.0761328 0.684337 0.104972
0.117648 -0.334376 0.541372 1.70011
0.546922 0.168171 0.559161 57.4994
0.188915 0.21171 0.637696 6.3327
-0.184986 0.241671 0.620424 3.99039
0.132498 0.0914857 0.680851 1.27322
0.0255363 -0.0600999 0.686483 0.0463969
0.23689 -0.130084 0.671653 5.82982
0.439635 0.186928 0.61586 33.4396
-0.300223 -0.180349 0.651671 15.7466
0.317115 -0.139298 0.666842 15.4728
-0.0477952 -0.297594 0.578648 0.000560526
-0.286469 0.331342 0.545041 8.59856
0.0236035 0.266604 0.602792 0.11818
0.0444074 0.0474159 0.687936 0.25929
-0.242731 0.376941 0.485781 5.81409
-0.0343815 0.0987199 0.679289 0.0722347
0.303824 -0.095316 0.679696 8.69154
-0.352525 -0.00489074 0.684095 21.1201
0.45343 -0.0616282 0.649941 28.4815
-0.0658496 0.308546 0.567508 0.674372
0.167111 -0.132335 0.67037 4.34837
0.292208 0.0384941 0.688561 5.52725
-0.151326 0.133353 0.670649 2.04575
-0.24313 0.0608759 0.686737 12.7611
0.372477 -0.240393 0.608631 20.0346
0.0680548 0.10223 0.678313 0.718289
0.188924 -0.213044 0.63699 2.64279
0.334831 0.0865888 0.678621 10.8824
-0.0255867 0.0178978 0.690581 0.0226524
0.0757292 -0.407643 0.432201 1.16575
0.41555 -0.387829 0.421786 27.7503
0.36581 -0.179219 0.643614 19.9524
0.193913 0.113413 0.675527 2.17519
-0.0638222 -0.205663 0.640194 0.107798
0.360574 -0.18383 0.643271 14.7164
0.285234 -0.071724 0.684729 4.18378
-0.346054 0.118546 0.669224 20.5258
0.338638 0.195171 0.641488 13.3983
-0.255941 0.181423 0.652099 13.9663
0.0705838 -0.117255 0.674742 0.967041
0.0692984 0.0335163 0.689315 0.491495
0.398779 0.333465 0.516719 30.7047
0.613879 -0.188716 0.472219 79.2145
0.447284 -0.037428 0.655126 24.5836
0.161458 0.23179 0.626301 5.2207
0.264135 -0.213199 0.636847 10.6273
0.64496 -0.0384139 0.497013 88.3836
0.135726 -0.269032 0.600718 3.77853
0.534177 -0.170338 0.56823 52.9956
0.0437567 -0.134855 0.669764 0.17114
0.567836 -0.0253125 0.583469 61.0453
-0.0393099 -0.176241 0.654939 0.479704
0.48369 0.249844 0.55346 54.4321
0.132349 0.191228 0.647805 1.17445
-0.343823 -0.106614 0.672594 15.3548
0.199927 -0.220253 0.632581 5.01053
0.451431 -0.110452 0.640178 36.3619
0.291715 0.127822 0.672084 4.70879
0.133991 0.212983 0.636978 1.13739
0.368127 -0.100243 0.670244 15.0981
0.48334 -0.226164 0.570623 50.7162
0.119395 -0.320457 0.557108 2.85669
0.197626 0.267133 0.602635 4.12824
0.236277 -0.113234 0.675997 3.19188
0.0502976 0.186404 0.650555 0.320273
-0.0848622 0.0625064 0.686085 0.364603
0.247106 -0.0416723 0.688569 3.32001
0.293396 -0.0391184 0.688349 5.29646
-0.0451801 -0.146589 0.666405 0.179657
0.638889 0.12238 0.479437 81.9275
0.00251213 0.0757956 0.684566 0.00953943
0.486322 -0.147624 0.610759 51.9394
0.351967 -0.317363 0.551264 16.3037
-0.18952 0.0675505 0.685445 2.83018
0.114564 -0.180692 0.652772 1.76778
0.40514 0.0849977 0.663207 24.0551
0.0694342 -0.136864 0.669116 0.257358
0.0803595 0.0975322 0.680153 1.07128
0.171983 0.246813 0.616805 5.30936
0.325224 -0.38057 0.475795 21.7984
0.537255 -0.178207 0.561988 65.0761
0.45063 0.0102945 0.655275 20.112
-0.00428712 0.108677 0.67699 0.058699
0.266349 0.362455 0.50792 7.38462
-0.0804126 0.219392 0.633718 0.39853
0.0522792 -0.11484 0.675373 0.483643
0.478673 -0.172589 0.604373 45.0537
-0.0970562 0.117669 0.675199 1.42343
0.0933457 0.151692 0.664336 1.99869
-0.203582 -0.105885 0.678141 6.18003
0.371582 0.174692 0.644789 13.5476
-0.0510408 0.165384 0.658686 0.159803
0.595063 -0.210735 0.479248 74.0594
0.527708 0.0945441 0.602875 43.6104
0.0371705 -0.150627 0.664969 0.533502
0.550626 0.0571513 0.594166 62.2371
-0.0186975 0.359559 0.510695 0.232063
0.301879 -0.112222 0.675685 5.04931
0.393725 0.20483 0.623495 24.6677
0.101915 0.0151895 0.689906 0.290878
-0.0412694 0.184189 0.650859 0.201005
0.43923 -0.0356692 0.659125 29.8856
0.478219 0.203253 0.588241 45.0847
0.291129 0.199501 0.643662 8.78103
0.598169 -0.0368504 0.553575 73.5406
0.211129 0.207696 0.639815 3.63277
0.482672 -0.0167418 0.640875 29.4407
0.288279 -0.104479 0.678263 5.31865
0.235419 -0.342708 0.531929 9.16998
0.0715675 0.254118 0.611742 1.69338
0.527289 0.0691889 0.608622 39.455
0.250416 -0.236473 0.623826 5.75942
0.160462 -0.207075 0.640191 3.27546
-0.389569 0.182158 0.636979 23.2143
-0.200108 0.223546 0.63081 4.23856
0.1972 -0.0985122 0.67985 2.71387
0.335108 0.13806 0.664991 10.2417
0.00163176 -0.0604359 0.68687 0.0422828
0.32014 0.182461 0.649979 10.585
0.0345812 0.262181 0.606789 0.0538375
-0.128384 0.147561 0.665149 1.86523
-0.370195 -0.0925262 0.67116 25.4722
0.332353 -0.357089 0.509616 25.1286
0.351779 -0.173634 0.6488 22.7511
-0.0479186 -0.187826 0.649768 0.00354916
0.50598 -0.167316 0.590305 43.5278
-0.0708036 0.00357059 0.690808 0.488856
0.526754 -0.0703738 0.608896 53.9274
0.382414 -0.409247 0.396428 22.2057
0.279015 0.0212675 0.689522 3.71081
-0.374835 0.0966183 0.669554 24.2172
0.110125 -0.188277 0.649732 2.76084
0.393533 0.162386 0.643686 17.0166
0.0149548 0.121634 0.67334 0.159692
0.233315 0.176692 0.654736 8.85544
0.204617 0.172522 0.656328 3.00815
0.06242 -0.21777 0.634848 1.02068
-0.338331 -0.13434 0.665905 21.5029
-0.0416897 -0.00332919 0.690466 0.20918
0.0321813 0.00811516 0.690888 0.198299
0.358035 0.373722 0.478739 27.6086
0.351065 0.00932684 0.683902 10.0795
0.212123 0.0579677 0.686292 2.97781
0.648786 0.0502679 0.48945 93.0501
-0.477353 -0.101678 0.630484 26.3814
0.0517779 0.107756 0.677217 0.405636
0.180083 0.0597652 0.686899 1.29996
0.401559 -0.0056564 0.673173 18.2932
0.334368 0.380217 0.474737 18.4771
0.40044 0.0627757 0.669288 12.6363
0.247581 -0.0957668 0.680419 4.60317
0.310516 -0.236415 0.621748 15.005
0.138548 -0.143504 0.667183 1.51794
0.0767859 0.403813 0.438629 1.18024
0.459011 0.0512998 0.649236 32.6956
0.0325325 0.120699 0.67356 0.0237464
0.460908 -0.0479183 0.648207 31.6434
-0.217358 0.189904 0.648876 7.6019
0.00444756 -0.033358 0.689126 0.0054372
0.132464 0.188877 0.649409 2.41012
0.23061 0.226593 0.629814 4.73777
0.330187 -0.1458 0.662615 16.9507
0.366665 0.0326277 0.679912 9.23451
0.401544 0.0712477 0.667699 20.9414
0.216205 -0.198104 0.644882 4.94526
0.33748 -0.3577 0.506684 17.8576
0.165899 0.0671812 0.685761 1.35487
0.189899 -0.068163 0.685598 2.39007
0.476562 0.1469 0.616755 36.2905
0.110494 -0.175954 0.654403 2.1844
-0.163443 -0.112697 0.675837 4.77627
-0.330779 0.239274 0.617412 14.4095
0.0641356 -0.262124 0.606824 1.54065
-0.0194737 -0.0684961 0.685715 0.0273512
0.200439 0.0722067 0.685126 1.64533
0.00599218 -0.099122 0.679031 0.0197861
-0.143005 -0.0501803 0.687644 2.59935
-0.0686935 0.179106 0.653022 1.73221
-0.0989976 0.156272 0.662007 0.859548
-0.23771 -0.0217665 0.690342 5.44972
-0.114071 0.1488 0.665138 1.28856
0.322479 0.165868 0.656738 10.3402
-0.0394305 0.0979546 0.679911 0.000242162
0.0633123 -0.153085 0.663189 0.162133
-0.268608 0.0990646 0.679263 7.78135
0.0235578 0.0572146 0.687208 0.102807
0.303114 -0.258166 0.607934 12.4789
0.107626 0.323874 0.55285 1.74517
-0.324275 0.250994 0.611535 16.4651
-0.163517 0.292415 0.582478 4.28307
-0.0808292 0.150947 0.664501 2.11913
0.180339 0.0864673 0.682166 2.38488
0.147102 -0.0428261 0.688042 2.20137
0.441972 -0.0187546 0.659084 21.2611
0.0195908 0.336822 0.539646 0.159721
0.0515539 0.160555 0.661233 0.510545
0.0441962 0.130534 0.67069 0.0941135
0.434398 0.00443437 0.662218 23.011
0.116803 0.0720245 0.684258 1.02974
-0.156088 -0.167423 0.658483 2.56374
-0.125812 -0.0873212 0.682259 1.79078
0.474644 0.0564431 0.641209 30.7922
0.222217 -0.261988 0.605983 10.3884
0.446268 -0.155844 0.627656 29.3348
0.466719 0.141096 0.623215 28.6796
0.0111461 0.141025 0.668063 0.296191
-0.248047 0.366982 0.50066 6.41864
0.454039 0.00204507 0.654521 32.5401
0.414101 0.0605626 0.664791 21.4631
-0.00932684 -0.250592 0.614812 0.00407756
-0.00439663 0.2195 0.63327 0.0561535
0.157999 -0.149663 0.665042 4.30969
0.0192024 0.105901 0.677457 0.0244533
0.238445 -0.226122 0.62934 6.75899
-0.20982 -0.0298133 0.689107 4.79574
0.65024 -0.00219049 0.493547 87.9203
0.211214 -0.192103 0.647958 3.87161
-0.0828164 -0.15679 0.662281 0.87614
-0.0591394 -0.292936 0.582189 0.215306
0.319141 0.232561 0.623969 14.7836
-0.165605 0.28359 0.589608 2.9507
0.0226085 0.36963 0.497731 0.097663
0.0821603 0.0602164 0.686818 0.562631
0.472335 0.0032615 0.645671 23.6564
0.374899 -0.165631 0.647637 14.986
0.3626 0.00974693 0.681905 10.1218
0.450756 0.0869796 0.646815 25.7672
0.132473 0.353416 0.51863 2.44148
-0.134012 0.0575915 0.686845 1.59662
0.650396 0.210651 0.377934 70.9157
-0.0494012 -0.245576 0.618134 0.00231099
-0.245964 0.0143957 0.689837 8.62488
0.367449 0.282812 0.578611 22.9712
0.502589 -0.236506 0.550253 46.7986
0.175452 0.122907 0.673675 3.45747
0.350301 0.249213 0.608158 16.2606
0.386935 0.159267 0.646866 18.3247
0.135507 -0.175457 0.65503 3.10401
0.500257 -0.110515 0.615337 51.4862
0.256051 0.387628 0.469134 7.22452
0.151158 -0.302122 0.573958 4.81315
0.169966 -0.0639936 0.686412 1.64251
0.43354 -0.266461 0.567561 36.0467
-0.0800256 -0.161437 0.660878 0.300799
0.326871 0.333324 0.538336 22.1767
-0.0180664 0.0241084 0.690182 0.0140094
0.515937 0.0453642 0.619699 55.6982
0.446189 -0.120117 0.640353 26.5794
0.373864 0.152555 0.652532 21.6327
-0.219963 0.327953 0.549313 4.58542
0.291446 -0.287113 0.586294 14.1839
0.071414 0.0747626 0.684143 0.762011
0.42817 0.0293624 0.663054 21.6763
0.157371 -0.147364 0.665403 3.48814
0.173217 0.18567 0.650069 2.25421
0.323894 0.0978046 0.677521 10.0645
0.330389 0.387249 0.46427 17.399
0.38989 -0.189208 0.632942 17.2288
0.541419 0.23389 0.520252 61.3179
0.44324 0.00509661 0.658813 17.27
0.0567831 0.346361 0.528225 1.68666
0.441036 0.0150104 0.659139 30.1806
-0.0616899 0.0798414 0.683805 0.96403
0.495658 0.147418 0.605898 42.5445
0.40262 0.225472 0.60965 33.9053
0.243547 0.0216629 0.690274 1.90357
0.297101 -0.0864638 0.681558 9.26204
-0.0691081 0.329624 0.546579 0.111541
0.0893006 -0.0190095 0.690315 0.338451
0.0735115 0.0452796 0.688597 0.273167
0.29431 0.410038 0.424753 12.6488
-0.0811363 -0.150068 0.664895 0.58258
0.191797 0.139106 0.668534 2.48788
0.390631 0.00557431 0.675561 9.13316
0.307212 -0.133713 0.668984 7.41866
0.0917229 0.0241605 0.689973 0.939871
0.0759435 0.0775208 0.683795 0.356122
0.368186 -0.109928 0.667602 16.9557
-0.0849971 0.195055 0.646569 0.53253
0.36245 0.150695 0.656278 18.6664
0.230638 0.0653574 0.685568 2.23031
0.302489 -0.173045 0.655566 8.13754
-0.107414 -0.248834 0.614947 0.989431
0.349794 -0.107798 0.671474 10.2425
0.335828 -0.048915 0.684187 7.06865
0.439171 -0.0842497 0.651709 28.5993
0.445563 0.034706 0.656303 26.744
0.226277 0.017153 0.690439 1.69475
0.503953 -0.335187 0.438762 44.6707
0.190412 -0.164158 0.659497 5.70533
-0.216189 0.309564 0.567282 7.33637
0.193641 0.0892286 0.681104 3.94445
-0.283896 0.145082 0.66651 9.31177
0.145294 0.176401 0.654968 3.92443
0.180967 0.061276 0.686084 2.36508
0.2647 -0.0916288 0.680562 4.01556
-0.039933 -0.0503525 0.688177 0.00816702
0.0771331 -0.288147 0.585958 1.09658
0.384139 0.142292 0.653746 12.9225
0.598457 -0.0335291 0.554669 65.3392
-0.107338 0.379002 0.482394 1.6002
0.354918 -0.330398 0.53642 20.0942
0.333735 -0.144468 0.662555 11.8493
0.40597 -0.00619407 0.671414 16.3443
0.197406 -0.193773 0.646669 4.54411
0.500255 0.29855 0.493645 48.3823
0.461846 0.00581311 0.651194 26.1305
0.403437 0.0205946 0.672097 22.214
0.0443429 0.080282 0.683375 0.214944
-0.0265555 -0.0269115 0.689425 0.0882586
0.475029 0.0718333 0.638814 31.2326
0.444538 0.314529 0.515484 43.2258
0.00789357 0.0394153 0.68835 0.00121266
0.374647 0.0876008 0.670905 15.2235
0.417491 -0.28202 0.561367 38.2666
-0.0598507 -0.0250846 0.690218 1.60325
0.16871 0.367224 0.500683 6.09092
0.135989 -0.0667721 0.685726 0.883406
-0.194682 -0.0987829 0.679788 8.59458
-0.123884 -0.222988 0.631787 1.23373
0.177543 0.0709625 0.685233 2.76022
-0.0484918 0.134618 0.66985 0.322757
0.430326 -0.115423 0.647772 30.2167
0.0895708 -0.182132 0.651769 0.318781
0.519186 -0.31959 0.44515 48.3386
0.22966 -0.184689 0.650707 4.57778
-0.324917 -0.0878291 0.679552 14.7916
0.0820867 0.230605 0.627429 1.41544
0.263116 -0.206526 0.640704 6.25943
0.405236 0.12326 0.653561 24.0835
0.500356 0.0417253 0.629424 51.4036
0.579408 0.13752 0.544043 74.9661
0.0174768 0.104782 0.678102 0.263687
0.460687 0.146682 0.624683 34.1978
-0.492822 0.057561 0.630961 26.2595
0.017489 0.0117094 0.690635 0.101902
0.0319905 -0.246558 0.617139 0.0687282
0.216531 0.199919 0.643668 7.13318
0.221998 -0.129631 0.671617 5.33891
0.163853 -0.230042 0.626693 4.681
-0.303834 -0.297446 0.577196 12.7325
-0.26187 0.285319 0.588432 9.20308
-0.226492 -0.190064 0.64868 6.58286
0.23111 -0.194928 0.645775 4.76509
0.0259058 0.32082 0.555354 0.236625
0.106073 -0.227399 0.628304 1.77677
0.506646 0.233888 0.549338 43.0018
-0.0500102 0.086719 0.681625 0.0637348
-0.142344 -0.112106 0.676128 2.48279
-0.367444 -0.0246939 0.681195 21.2215
0.184461 -0.17409 0.655504 5.36515
0.00064972 -0.0363274 0.68881 0.0698154
0.228308 0.176414 0.654134 6.27721
-0.227177 0.249386 0.614747 9.22835
0.208893 0.373747 0.490496 7.81385
0.373588 0.0800105 0.672825 13.1285
0.242213 0.197421 0.644856 6.69972
0.159808 -0.0458061 0.688526 2.47205
0.30757 0.194314 0.644806 9.08782
0.239771 0.155724 0.662676 4.33659
0.267572 -0.167171 0.658625 8.61226
0.385396 -0.236022 0.608227 26.3149
0.0494498 0.230192 0.626832 0.0729305
0.103371 -0.247429 0.616468 1.15202
0.41136 0.241439 0.595374 27.2437
-0.285606 -0.182372 0.65187 15.7446
0.214568 -0.364013 0.504891 10.4789
0.132386 0.162608 0.659991 3.31296
0.0570431 0.157486 0.661735 1.04343
0.0227264 -0.0591018 0.686417 0.0464636
-0.235826 0.365047 0.502842 5.56946
0.131293 -0.361985 0.507901 4.83533
-0.211162 0.184557 0.650952 6.75086
-0.271476 0.305395 0.571488 8.40338
-0.0997638 0.267033 0.602992 1.94252
0.340483 -0.129206 0.667429 16.6628
0.21393 -0.141814 0.667862 4.04653
0.218576 0.403058 0.440644 7.29652
0.162098 -0.137995 0.668917 2.91685
0.614364 0.00258987 0.539303 77.9431
-0.212634 -0.0826865 0.682385 7.37155
-0.0448395 0.0309015 0.689449 0.293201
0.240031 -0.342851 0.532472 12.8367
-0.360575 0.104783 0.669852 17.6371
0.133585 -0.174785 0.655154 1.07608
0.145601 -0.240706 0.621284 4.05568
-0.1498 0.309807 0.566405 3.05397
0.286328 -0.0487025 0.687873 4.25873
0.0772083 0.164302 0.658928 1.28878
0.283584 -0.141654 0.668063 7.65881
0.0785763 0.407937 0.429558 0.347503
0.230039 -0.315525 0.561513 9.42345
0.519956 0.211695 0.555453 52.5493
0.346727 0.181625 0.645873 11.8518
0.158154 -0.152923 0.664167 3.91523
0.59965 -0.0495494 0.550419 81.4584
0.383899 0.147904 0.651506 15.4851
0.269263 -0.409368 0.426931 9.81232
0.521518 -0.131471 0.595338 43.548
-0.168188 -0.160284 0.661057 4.8253
0.34172 0.248507 0.610324 18.3783
0.294966 -0.144425 0.666635 7.92958
-0.124118 0.133263 0.670314 3.92031
0.155086 0.305121 0.571065 5.6424
0.077777 -0.00292104 0.690849 0.582558
0.610537 -0.0188175 0.543073 79.1258
0.100716 0.170942 0.656722 2.67373
0.0260466 0.142809 0.667556 0.0192461
-0.185491 0.118171 0.674676 4.86055
0.498682 -0.160685 0.598215 37.464
0.0444164 -0.107437 0.677421 0.072994
0.0989805 0.0258515 0.690171 0.631545
0.249912 0.301968 0.574481 13.2748
-0.124697 0.265356 0.603429 4.40848
-0.082112 -0.0173501 0.689812 0.389013
-0.421129 -0.172359 0.630379 24.2176
-0.385381 -0.119417 0.660247 26.0422
0.0276295 0.149104 0.664645 0.0082516
0.532059 -0.0171133 0.611826 50.8054
0.0660993 -0.125146 0.672506 0.472074
0.47166 -0.0947978 0.634985 30.6419
0.116148 0.206839 0.640228 1.11749
0.616463 -0.00590839 0.537164 74.8237
-0.287846 0.0659922 0.685563 10.8485
0.604128 0.135262 0.518506 73.2031
0.195105 0.190748 0.647872 5.2955
-0.436509 -0.114158 0.645694 24.1021
0.327287 0.386582 0.464481 19.1463
0.178065 -0.122682 0.673502 4.63717
0.486976 0.177744 0.59666 53.7416
0.401501 -0.162013 0.641984 26.0967
0.267097 -0.146562 0.665856 8.10669
0.334367 0.170894 0.653231 10.9698
0.026812 -0.367911 0.498788 0.529184
0.236117 0.179576 0.65264 4.02238
-0.0960876 0.000874855 0.690561 2.83282
0.159482 0.319288 0.558153 3.31591
-0.0745689 -0.0461332 0.688515 0.679195
0.122748 -0.313293 0.563325 2.0746
0.379421 0.358287 0.492689 24.261
0.392868 0.16144 0.644779 22.5904
0.311481 0.0413121 0.687447 2.71449
0.0724386 0.194066 0.646452 1.30237
0.483507 0.053142 0.637037 34.5072
0.0968238 0.18314 0.651881 0.549788
-0.00622633 -0.129399 0.671129 0.0137446
0.519322 0.118946 0.600929 47.252
0.289459 -0.0436954 0.688517 6.79157
-0.203835 -0.184367 0.651071 6.57225
0.125639 0.0232571 0.689712 1.63932
0.450744 -0.121711 0.637323 23.4902
0.07228 0.0550909 0.686919 0.384943
0.279794 0.339409 0.536696 16.1527
0.249785 -0.146904 0.666223 7.38983
0.560694 0.0283995 0.589638 55.5056
0.436149 -0.0475746 0.65869 22.7583
0.428096 -0.0160779 0.664065 27.5284
0.268537 -0.201689 0.642252 6.03636
0.456521 -0.101487 0.640718 28.0532
0.0134092 0.092477 0.681318 0.218559
0.348016 -0.206878 0.633371 15.8795
0.665691 -0.170159 0.391469 80.2874
0.452447 -0.07576 0.647985 29.1623
-0.0101899 -0.0418207 0.689046 0.0638934
0.14903 0.252513 0.613141 2.71092
-0.041682 -0.145363 0.666026 0.00167989
0.0042961 -0.29591 0.578976 0.0836957
0.0328505 -0.261279 0.607412 0.747661
0.00368102 -0.176041 0.654507 0.312211
0.0599272 0.323428 0.552928 0.884883
0.175037 0.383505 0.475165 6.19264
0.149573 -0.129174 0.671191 1.37368
0.0944119 0.0287308 0.690067 0.37801
0.411483 0.0380885 0.66794 19.3244
0.362774 0.110842 0.668073 9.78115
0.378402 -0.195681 0.633246 16.3633
0.197402 0.0571066 0.686567 1.98463
0.213858 0.0349243 0.689392 3.37887
0.165907 0.319125 0.558402 2.12482
-0.176276 -0.271108 0.600047 5.02028
0.401768 0.114438 0.658051 13.2416
0.47781 0.209415 0.5854 39.2984
0.608314 -0.0605432 0.540005 74.3351
0.22942 -0.286278 0.588322 9.38356
0.135251 0.12943 0.671564 1.04738
0.538204 -0.129034 0.583884 48.1425
-0.178552 0.234057 0.625077 2.84111
0.432458 0.086302 0.653822 26.2096
0.435272 0.0840632 0.653685 21.4682
0.21014 0.142463 0.667264 5.93375
0.330224 -0.0860728 0.679003 13.4645
-0.0539352 -0.067152 0.685908 0.358662
-0.0471845 -0.0073908 0.689993 0.409987
-0.0356519 0.0863141 0.682637 0.965275
0.461972 -0.0231005 0.650032 36.9814
0.203777 -0.251916 0.612905 5.14248
0.0339989 0.102215 0.679148 0.0502197
0.376853 -0.24694 0.603115 20.0087
0.535307 0.169922 0.568538 60.3456
0.0444319 -0.350663 0.522465 0.049212
0.30126 0.073476 0.683862 6.1918
0.439035 -0.000383899 0.660997 18.8127
0.417366 0.0594651 0.663634 17.1009
0.286045 0.0536022 0.687014 2.68939
0.231673 -0.2784 0.593588 5.46976
0.482765 -0.0738199 0.633945 34.3635
0.317914 0.3988 0.444412 14.5223
0.0650269 0.0112182 0.690135 0.986258
0.253265 -0.255525 0.611018 7.21508
0.228495 -0.0556736 0.687085 4.00421
0.327395 -0.138762 0.665287 7.57062
0.133652 -0.300564 0.575108 4.9303
0.162204 -0.296853 0.578377 3.4311
0.0236231 -0.394274 0.457406 0.0121576
-0.0589542 0.15739 0.661707 0.166963
-0.192307 -0.33126 0.545357 6.28291
-0.296691 -0.0486238 0.687794 12.5042
0.406848 -0.242325 0.596955 36.0671
0.613693 -0.0207387 0.538868 83.5555
0.0778674 0.319673 0.557263 2.39521
-0.310321 -0.0318548 0.688483 12.2038
-0.19562 0.0431618 0.688682 4.29056
0.0541756 0.00204185 0.690339 0.0508576
0.168299 0.0982748 0.679823 1.76558
0.458161 0.100182 0.640633 28.3582
-0.241289 -0.0362374 0.689283 9.95733
0.535298 0.17795 0.563495 62.6008
-0.0064128 0.0166892 0.689854 0.150079
0.351898 -0.139418 0.662242 14.7061
0.372811 0.0154747 0.680391 9.8175
-0.254633 -0.00396611 0.690826 7.97492
-0.0512487 -0.0494721 0.687538 1.35554
0.196801 0.254687 0.612003 8.76687
-0.0333797 -0.11776 0.675316 0.00249335
0.102847 -0.103847 0.678433 1.12866
0.190402 -0.132068 0.670251 1.93173
-0.339366 0.0179919 0.686379 20.3601
0.0595366 0.140587 0.667545 0.00590689
0.0892303 -0.303633 0.572824 0.587215
0.368694 -0.232918 0.614345 24.9635
0.502005 0.186109 0.582716 50.3344
0.11847 0.0375348 0.688851 1.06978
0.429475 -0.211362 0.607271 24.1231
-0.0280014 -0.106794 0.677849 0.0377832
0.331722 -0.126624 0.669315 13.2948
0.438709 0.322013 0.509616 30.662
0.0438272 0.102837 0.67909 0.00167587
-0.0441669 0.315084 0.561182 0.298045
0.361486 -0.368654 0.483978 24.4712
0.11601 -0.167422 0.657961 1.43688
0.317225 -0.147936 0.663835 13.5125
0.303327 0.266854 0.602504 10.4305
0.414848 -0.0185323 0.668715 26.8233
-0.140848 -0.160568 0.661335 2.1206
0.210196 -0.180118 0.652928 7.61029
0.499785 -0.175811 0.59023 41.4141
0.39311 0.136747 0.653646 17.8878
0.150005 0.187945 0.649609 4.13367
0.0789512 0.247096 0.616669 1.36898
0.19483 -0.385141 0.474097 4.30259
0.408015 -0.0172648 0.670659 17.3945
-0.0451641 -0.157712 0.662169 0.0106399
0.0327992 -0.361696 0.507892 0.797389
0.249896 -0.336289 0.539625 6.85151
-0.0901244 -0.072025 0.685154 0.327143
0.519356 -0.0495881 0.617222 38.3908
0.109325 -0.0873828 0.681806 0.447266
0.470465 0.243315 0.565571 40.2249
0.541894 -0.287032 0.464116 53.2719
-0.0656556 0.0943688 0.680935 0.401755
0.495773 0.00610052 0.633779 41.0646
0.00158341 0.346846 0.52791 0.0010759
0.342006 -0.195413 0.640252 16.4785
-0.133719 0.282883 0.589914 1.6224
0.0451379 0.137563 0.669027 0.305256
-0.0503664 -0.373936 0.491642 0.0182667
0.603006 0.0421991 0.548758 82.2373
0.312692 -0.0571553 0.68519 5.40524
0.23652 -0.118943 0.674009 3.81385
0.505456 0.305972 0.478927 45.5702
-0.0919172 0.167697 0.658413 1.2661
0.326683 0.221562 0.629514 20.8689
-0.109603 0.0817155 0.68281 1.78035
0.613072 0.177594 0.482405 81.7475
-0.472264 0.157849 0.614011 25.5951
-0.382901 -0.107826 0.664279 22.3078
0.407853 -0.00273586 0.671456 16.4113
0.254884 -0.156159 0.662605 5.13086
0.444514 0.0869112 0.64905 23.9192
0.304009 0.0196396 0.689025 4.8325
-0.0383282 -0.015736 0.690576 1.03827
0.297878 -0.0992173 0.679139 3.75432
0.546571 -0.0818945 0.591624 55.6392
0.445871 -0.161334 0.625936 29.3698
0.514009 -0.0723444 0.616349 42.8316
0.15391 -0.319922 0.557205 5.2572
0.0771544 -0.345781 0.529009 2.48292
0.368465 -0.205807 0.629681 16.0353
0.226152 0.181401 0.652153 3.70764
-0.306316 -0.0623626 0.685191 13.1074
0.0863833 -0.125214 0.672286 0.321627
0.16221 0.00628959 0.690173 1.1704
0.388066 -0.193114 0.631398 17.0021
0.202737 0.12858 0.671267 3.62623
-0.372298 -0.202095 0.631494 16.9112
0.0973787 0.282507 0.59077 0.804337
0.535294 -0.0389962 0.606849 58.5055
-0.294415 0.0175943 0.690316 10.7684
0.390147 0.0898058 0.667294 16.4038
0.34811 -0.204415 0.635074 14.0457
0.311242 0.216336 0.633234 18.2644
-0.245338 0.225486 0.630457 7.25269
0.395351 -0.393664 0.424426 23.0772
0.440705 -0.0488136 0.657223 30.7676
0.300342 0.0789316 0.682471 6.37153
0.160369 0.00311919 0.690256 1.18683
-0.0759779 0.188189 0.649034 0.176544
0.293754 -0.131778 0.670554 5.99748
0.155709 0.0410723 0.688998 1.02216
-0.0749384 0.302817 0.573878 0.561478
0.0754053 0.0435993 0.688063 0.410268
0.454296 0.0744435 0.647139 38.3577
0.34985 0.147953 0.659309 10.3543
0.503206 0.139689 0.604032 42.276
0.478176 0.305176 0.503562 43.1238
-0.31306 -0.0506171 0.686207 12.9036
0.46997 -0.239208 0.568981 48.4655
-0.0973065 -0.102522 0.678513 0.899986
0.271917 -0.227908 0.628563 7.03606
0.140477 -0.270574 0.600495 1.77988
0.188509 0.126882 0.671948 2.04309
0.213228 -0.071819 0.685011 2.50732
-0.434211 -0.052665 0.65909 25.809
-0.184253 0.210081 0.638316 2.95848
0.144628 0.0890892 0.68178 1.42616
0.0284863 0.0979312 0.679825 0.337631
-0.152208 0.134037 0.66972 2.26936
0.192924 0.373596 0.491464 9.00633
0.173969 0.296025 0.579317 6.33474
-0.251494 0.08568 0.682059 7.76616
-0.123739 0.0613012 0.685863 3.20567
0.663648 0.111809 0.442933 87.3926
0.384392 -0.343598 0.511529 27.3622
0.512922 0.0134525 0.62393 36.6447
0.227523 -0.00992706 0.690225 1.45803
0.225632 -0.217127 0.634847 5.33617
0.463045 -0.103565 0.637501 35.647
0.0900779 0.293939 0.581095 0.881967
-0.0998787 0.15566 0.662361 2.35334
0.354589 0.236689 0.615489 17.7722
0.307036 -0.0818923 0.682512 4.24883
0.27835 -0.384929 0.473537 8.30684
0.640596 -0.0158512 0.505863 78.8842
0.0624905 -0.0141709 0.690645 0.0375683
0.0450619 -0.00772739 0.690086 0.230197
0.364624 0.111135 0.668185 19.5192
0.309608 0.209335 0.63726 9.08058
0.314414 -0.152687 0.662197 11.9479
0.186874 0.179194 0.653098 2.35926
-0.19548 0.0903811 0.681673 4.77225
0.465996 -0.117149 0.631784 29.317
0.163743 0.110194 0.676692 1.58104
0.235336 -0.0754269 0.684618 5.49931
0.522056 -0.190895 0.566868 47.374
0.150084 0.382925 0.476384 3.9162
0.486449 0.0686871 0.63362 49.1629
0.27687 -0.24199 0.620412 7.65975
-0.297771 -0.0866931 0.681688 11.7356
0.232839 0.282876 0.591093 10.8009
-0.0459961 -0.0466884 0.687949 0.655229
0.0161202 -0.160192 0.661116 0.105369
0.4461 -0.0592652 0.653292 19.8301
-0.198179 -0.303232 0.57241 7.51601
0.363946 0.169194 0.648072 14.3803
0.374172 -0.106449 0.666895 17.1706
0.248528 -0.0879963 0.681615 4.1826
0.297079 -0.0321276 0.688842 5.43853
-0.15973 0.000650501 0.690124 4.56445
-0.0117111 -0.179945 0.65248 0.06477
-0.013443 -0.277977 0.594195 0.000716499
0.529966 0.0327641 0.611363 42.6217
0.112195 0.227494 0.628382 1.66152
0.0647411 -0.0531279 0.687195 0.555129
0.132693 -0.0228301 0.689587 0.899673
0.311521 -0.2285 0.626259 13.4236
-0.257454 -0.269983 0.600803 7.23076
-0.21219 -0.0402532 0.688903 5.22197
0.63194 -0.00642784 0.517724 77.087
-0.0444491 0.335138 0.540836 0.272195
-0.101728 -0.230058 0.626962 2.58193
0.342481 0.146352 0.660727 11.4937
0.366358 0.265727 0.592786 24.415
-0.173333 -0.100591 0.678829 4.48031
0.110205 0.0754669 0.684246 0.437899
0.488555 0.0592333 0.633458 37.8267
0.324163 -0.130501 0.669061 11.1112
0.597846 0.0308852 0.555808 73.2886
0.137366 -0.0196351 0.689722 0.760975
0.394525 0.205668 0.623731 18.9393
-0.180757 0.413807 0.416064 2.60432
-0.150657 0.287482 0.586083 2.70067
0.472368 -0.201937 0.59223 40.6947
-0.0339204 0.121102 0.67405 0.00300766
-0.35172 -0.200721 0.635938 15.0293
-0.103205 0.104764 0.678115 0.355737
0.627197 -0.151192 0.480752 78.7855
-0.12204 -0.0979867 0.679698 2.94726
-0.0505007 0.350707 0.523067 0.286206
0.249506 -0.144173 0.667014 3.88493
0.121876 0.105012 0.678539 1.46864
0.374539 0.0693705 0.674804 13.4262
0.512328 0.110018 0.607985 56.5842
0.592988 -0.0649982 0.554597 63.9332
0.0317362 0.27182 0.59919 0.149831
0.0826695 0.178084 0.653879 0.763053
0.426615 -0.0916246 0.655411 26.8387
-0.273665 0.26117 0.607116 10.2453
0.215008 -0.0020248 0.690539 1.58294
0.338154 -0.20326 0.63739 11.0661
-0.126376 0.0598722 0.686738 0.967911
0.471329 0.101048 0.633943 36.5666
0.200664 -0.175855 0.654936 5.13814
0.104119 0.278099 0.594239 1.96872
0.289956 -0.130757 0.670873 10.3155
-0.387903 0.0723005 0.67044 24.5251
0.0759884 -0.217443 0.634608 0.837569
0.0593093 -0.167163 0.658432 0.0876807
0.0888078 -0.00668323 0.690105 0.524692
0.0721175 0.271369 0.599058 0.24039
0.102833 -0.0638176 0.685649 0.500058
0.561205 -0.0205203 0.589015 56.3743
-0.189119 -0.272233 0.599241 6.3513
0.33664 -0.193513 0.642509 17.4272
0.164935 -0.168085 0.658159 4.11333
0.35448 -0.268849 0.592603 18.9167
0.616635 -0.0651257 0.529634 87.1103
0.353617 0.0452211 0.682229 10.4088
-0.0300488 0.0377499 0.68858 0.0567194
0.020957 0.0880743 0.682164 0.276081
0.313274 -0.271152 0.59787 19.5833
-0.271377 0.064995 0.685677 9.02415
-0.081098 0.0253687 0.690051 0.164907
0.49832 0.145402 0.604226 46.7956
-0.181805 -0.230976 0.626535 3.58712
0.0457195 0.248711 0.614969 0.00688465
0.473552 -0.160272 0.612005 41.9549
0.176928 -0.192427 0.647489 5.61601
0.294985 0.125191 0.67223 5.16403
0.404722 -0.218726 0.612262 24.6276
0.50447 -0.0134433 0.62843 48.8048
0.211211 0.264068 0.605224 8.84687
0.635746 -0.0354748 0.510419 84.7913
-0.281175 0.0233059 0.689637 9.89722
0.138501 0.230309 0.627556 2.01587
-0.322056 0.124878 0.670843 13.3217
-0.135332 0.391458 0.462804 1.71085
0.166655 0.0415552 0.688522 2.00962
-0.184224 -0.149385 0.665062 3.77084
-0.147799 0.0380166 0.689187 2.22851
0.266234 0.204009 0.64177 8.41389
0.154933 0.136623 0.669677 2.38498
0.540137 -0.338431 0.378965 44.5748
0.345736 0.171638 0.650726 19.934
0.0432724 -0.0333642 0.689579 0.298356
-0.183113 -0.0399891 0.689011 5.66396
0.37301 0.397689 0.428084 25.3366
-0.00199809 0.278829 0.594139 0.000891784
0.424064 0.17247 0.629427 29.9452
0.27248 0.097087 0.680354 3.38014
0.463161 0.0950761 0.639114 36.7878
0.207794 -0.219317 0.633249 6.41633
0.537109 0.223901 0.532752 67.0691
0.562676 0.0557706 0.584152 56.4459
0.232141 0.0609521 0.686182 3.14151
-0.404134 -0.0745305 0.665353 24.1055
-0.00125741 0.0569573 0.687198 0.20804
0.0517476 0.153481 0.663995 1.27714
-0.230597 -0.174881 0.654783 11.6611
0.458424 -0.05698 0.648597 31.9141
0.42168 0.284626 0.558334 32.6019
-0.331105 -0.241113 0.616587 14.9258
0.461374 0.339155 0.471468 41.6567
0.377224 0.0608688 0.675284 10.2305
0.234237 0.155763 0.662476 7.10252
0.483475 -0.0370136 0.639327 30.8559
-0.219875 0.239616 0.621655 5.01589
0.234185 -0.119597 0.674776 3.43562
0.41346 0.29565 0.550871 32.7497
0.248418 0.0587856 0.686338 4.83
-0.0297988 0.0896634 0.681852 0.0942565
0.262744 -0.24172 0.619886 12.2695
0.542625 -0.0261812 0.603821 59.5069
-0.149096 -0.151199 0.664123 3.54504
0.218553 0.0066888 0.690066 2.61395
0.226681 -0.100075 0.679415 2.62549
-0.229332 0.0721356 0.684746 10.725
0.422314 -0.17602 0.628551 21.5333
0.459595 0.131149 0.630149 34.5976
-0.0886546 0.0403489 0.688211 0.513017
0.196808 -0.369194 0.49704 3.95594
0.33004 0.06431 0.68253 4.66519
0.400834 -0.0134063 0.672931 9.28118
-0.225164 -0.0800843 0.68369 4.92669
-0.362212 0.154071 0.654883 18.1935
0.5363 0.0422361 0.606365 43.6885
-0.041556 0.292636 0.582447 0.364168
0.235468 -0.215101 0.636165 6.42954
0.393669 0.068232 0.670078 11.2899
0.441606 -0.134903 0.63759 28.2808
0.0580387 0.0278072 0.689882 0.347482
0.53204 0.105683 0.596064 55.379
0.560554 0.183446 0.537885 73.1859
0.547224 0.166838 0.559527 65.4011
-0.23672 -0.0924942 0.680597 7.62716
0.107072 -0.106502 0.678047 0.813798
0.192086 -0.153093 0.663138 5.93624
0.206368 -0.246238 0.616606 5.91108
-0.226827 0.164693 0.659177 11.4135
0.544537 0.255733 0.49796 59.8928
0.441644 0.0367535 0.657454 18.0254
0.347751 -0.385217 0.463191 17.6881
-0.114569 -0.0773772 0.684182 1.46783
-0.00153005 0.00684529 0.690897 0.00473589
-0.217601 -0.131614 0.670543 7.23212
0.469116 -0.180709 0.605405 41.1486
0.364187 0.373095 0.47682 27.4689
0.0441557 -0.0947272 0.680293 0.640266
-0.268059 0.109161 0.677141 9.22489
0.625902 -0.100172 0.507722 75.9564
0.465534 0.12115 0.631375 25.9812
0.113885 -0.14866 0.664839 1.67589
0.37739 -0.0910836 0.669761 16.3796
0.422861 -0.0510119 0.663461 20.677
0.22423 -0.119532 0.673853 3.35637
-0.106097 -0.0989468 0.679508 2.09863
0.0902291 -0.0650905 0.685716 0.85406
0.0996276 0.332013 0.544406 0.418978
0.198131 -0.0386623 0.689134 1.94318
0.557945 -0.176976 0.54483 58.0713
0.33494 -0.0817894 0.678928 8.29212
0.490047 -0.0965366 0.625786 40.7849
-0.0543572 0.145219 0.666491 0.228364
0.274398 -0.056505 0.687007 2.61147
0.290461 0.363366 0.506011 13.7447
0.111016 -0.0347232 0.689343 0.694074
-0.238097 -0.182471 0.652064 6.60879
0.211941 -0.0186085 0.690502 1.24503
-0.35274 0.134897 0.663552 16.2256
0.109337 -0.265159 0.604232 2.6194
0.379562 0.0923144 0.668751 17.4026
0.580078 0.154615 0.535162 60.848
0.505201 0.00175793 0.628864 36.6279
0.371981 -0.158482 0.650774 14.769
0.112142 0.367379 0.50079 3.29656
0.649476 0.0559193 0.4885 83.1783
0.123728 -0.0739424 0.684345 0.66768
0.263172 0.126991 0.67261 4.86595
0.314455 -0.331401 0.542159 16.0141
-0.0474914 0.279716 0.59329 0.355683
0.570752 0.0214842 0.580944 61.862
0.389749 0.106808 0.663352 12.7473
0.0927818 0.182228 0.651755 2.26697
-0.266842 -0.0779202 0.684016 14.5986
-0.185184 -0.239676 0.621148 4.72375
0.537026 0.238704 0.520438 54.6777
-0.411999 -0.0533854 0.666181 24.4121
0.240164 0.0820336 0.682784 3.07818
0.113551 -0.408745 0.429276 1.32113
-0.395674 0.0554688 0.671257 21.1225
0.169155 -0.32233 0.554781 3.40151
-0.1752 0.173992 0.655373 4.11167
0.209276 -0.437121 0.348557 5.4934
0.251716 -0.136331 0.669734 4.12979
0.10116 0.116627 0.675527 1.0916
0.0397144 0.0374054 0.68883 0.144062
0.224236 -0.235928 0.623224 8.05274
0.208866 0.24766 0.61664 8.56804
0.328505 0.0835819 0.680238 7.34715
0.420994 -0.0296068 0.665623 22.5585
0.213317 -0.222895 0.631641 7.12106
0.208385 -0.115997 0.67531 5.75905
0.065783 -0.14445 0.666911 1.41612
0.364897 -0.156091 0.653954 16.7855
0.0847767 0.0680489 0.684961 0.117933
0.194677 -0.243512 0.618342 5.05733
0.339228 0.242127 0.614799 20.7573
-0.231495 0.234544 0.624498 8.97621
-0.234375 0.0301644 0.689624 5.57053
-0.406702 0.233138 0.602713 19.1726
0.283783 -0.156029 0.662911 5.79637
-0.0907768 0.318726 0.558284 0.281723
-0.362531 0.0685506 0.676719 25.3109
0.303193 -0.0982418 0.678741 4.67484
0.578824 0.169026 0.528693 66.4616
0.412499 -0.0105208 0.669307 20.4931
0.036373 0.0935595 0.681153 0.637558
-0.0208903 0.2682 0.601935 0.042961
0.270116 -0.172669 0.656077 8.26316
0.131159 0.105287 0.677515 1.7611
0.327352 -0.293391 0.57842 17.481
0.327722 0.186715 0.646676 11.8557
0.0981229 0.223531 0.631441 2.36934
0.382978 0.0835189 0.670428 19.8788
-0.0986512 0.310485 0.566709 0.942724
-0.0142455 -0.101804 0.678985 0.0166058
0.292704 -0.202207 0.642112 14.0393
0.434226 -0.0679664 0.657302 26.6588
0.357236 -0.372387 0.481056 23.2917
0.238575 0.347649 0.526265 11.5638
0.319444 -0.0148648 0.687852 4.47271
0.00115085 0.0149944 0.689818 0.13841
0.292291 -0.105285 0.677568 8.42431
0.166 -0.0792313 0.68359 1.26697
-0.00782418 0.0386309 0.689094 0.0412445
0.00995627 0.00640995 0.690535 0.0101847
0.165604 -0.210052 0.638623 2.44232
-0.013465 0.0740674 0.684606 0.00804279
0.346358 -0.16114 0.655521 15.3805
0.248514 0.342783 0.531974 9.95895
0.456795 -0.0427498 0.651332 21.1394
-0.303766 -0.0579355 0.686374 15.3606
0.342639 0.123889 0.667806 8.18872
0.161527 0.116263 0.675043 1.9849
0.471909 0.0672634 0.640385 29.9421
0.113228 0.207752 0.639191 1.19424
0.380271 -0.146079 0.653606 15.3016
0.277981 0.168214 0.657487 5.81763
0.371221 -0.199094 0.633194 20.1643
-0.269236 0.274826 0.597433 8.99872
0.403938 0.162253 0.64078 21.2973
0.313856 0.162773 0.65812 9.73823
-0.126208 0.191815 0.648069 1.73344
0.200459 0.0369968 0.689268 1.36834
-0.4435 -0.00550727 0.659288 27.9024
0.00734774 -0.219089 0.633352 0.0386367
0.0947257 -0.0588121 0.686262 1.09031
0.404841 0.14752 0.646045 22.7363
-0.246993 -0.0370703 0.688604 8.00766
0.254766 -0.355589 0.516682 8.27029
0.103263 -0.0720083 0.685192 1.22018
0.607565 0.18038 0.487103 73.6154
-0.241076 -0.0226802 0.689777 11.2382
0.199471 0.345201 0.529218 6.08317
0.370618 -0.0826408 0.67279 12.274
0.601397 -0.0385724 0.550759 65.2682
0.527552 -0.0978291 0.601948 63.2407
0.609881 -0.101147 0.526386 78.8618
0.171403 0.0713503 0.685125 1.94657
0.454656 -0.192438 0.606886 28.727
0.561392 -0.229668 0.502812 64.6298
0.405535 0.024992 0.671038 21.7475
-0.151266 0.269031 0.600811 3.45778
0.120202 0.412934 0.420175 2.56509
0.165764 0.11964 0.674353 4.35591
0.158204 0.100118 0.679503 1.489
0.26118 0.00266654 0.690108 3.33912
0.286894 -0.100929 0.678721 6.41498
-0.142085 0.0304779 0.689824 1.74756
0.201504 -0.202644 0.641791 5.28108
0.0173563 0.174764 0.655608 0.0669086
0.436901 0.266088 0.566731 29.2461
-0.279935 0.103476 0.678637 10.3817
0.174661 0.0806256 0.683313 1.40704
0.172338 0.271994 0.598508 7.16199
0.184457 -0.261611 0.606384 4.7008
0.184317 -0.144121 0.66727 2.27624
0.39127 0.294044 0.561949 28.4809
0.271618 0.331301 0.544352 13.0543
0.0190415 0.142214 0.667956 0.28076
-0.248684 -0.140331 0.668255 6.79265
0.249207 -0.161051 0.661089 7.62007
-0.244853 -0.0533849 0.686881 8.44402
-0.0110841 -0.0947975 0.680913 0.0025927
0.570655 -0.16925 0.537306 59.9541
0.332654 -0.119227 0.670728 11.9203
0.454132 0.0778157 0.647485 23.4542
0.523912 0.0206687 0.616603 42.5863
0.317549 0.0244248 0.688422 8.10835
0.383926 0.185866 0.636058 17.5304
0.528693 -0.150102 0.582298 51.6993
-0.381288 -0.159329 0.648908 20.2637
0.462146 0.109097 0.636708 34.3243
0.474874 0.0844672 0.636495 32.2044
0.360388 -0.101456 0.671495 16.9824
0.388141 0.078093 0.669693 17.5553
0.386273 -0.0213934 0.676952 12.8123
-0.254625 -0.1786 0.653585 14.4641
0.467063 -0.073511 0.642175 23.7465
0.187281 0.30284 0.573098 5.0536
0.521705 0.0250442 0.618092 38.7954
-0.322967 0.295657 0.576562 11.4234
0.338039 0.163549 0.655289 17.0197
0.302877 -0.00171517 0.68982 2.55815
0.51443 -0.0938924 0.610931 38.4188
0.0135907 0.000863274 0.690566 0.018881
-0.131827 0.192484 0.647736 2.81358
0.194338 0.108972 0.677303 4.03724
0.572795 -0.0140749 0.580027 59.0662
0.34507 -0.220379 0.626876 23.7842
0.192099 0.168779 0.658003 4.5647
0.410123 -0.0824387 0.662284 16.9585
-0.129643 -0.283956 0.589286 1.94577
0.585267 -0.184899 0.512018 68.2101
0.433809 -0.0688477 0.656511 31.374
0.297091 0.00233599 0.690313 2.01546
0.479888 0.0902411 0.632632 32.849
0.0419423 -0.00718319 0.690546 0.00645175
0.311996 0.125746 0.671057 6.70366
0.441775 -0.0152218 0.659727 19.3518
0.0590765 0.051729 0.687376 0.122808
-0.198158 0.00845853 0.690018 7.50864
0.0434719 0.23447 0.624878 0.0247244
0.0990076 -0.105975 0.677427 1.08594
-0.107329 0.116594 0.67533 2.6909
0.377989 0.299399 0.561337 30.3961
0.361858 -0.157375 0.653246 21.9671
0.0886254 0.0970845 0.680133 0.791752
0.459575 -0.00622667 0.652159 23.8753
0.487706 -0.00685028 0.638819 28.8819
0.207779 -0.0100337 0.690203 1.31952
0.0159797 -0.155633 0.662533 0.457331
0.0357977 0.0594761 0.686387 0.131296
-0.0683846 -0.261962 0.606011 0.857731
0.243966 0.135502 0.669105 3.57422
0.268397 0.234066 0.624869 6.91219
0.220095 -0.0057738 0.690528 1.68718
0.0402722 0.0108757 0.690062 0.026058
0.314177 -0.215892 0.633427 9.83045
0.141992 0.219094 0.633997 1.12968
-0.0742137 0.201995 0.643057 0.222562
0.00822336 0.209568 0.639127 0.0630472
-0.0877832 0.181286 0.652169 0.811478
0.349766 -0.196525 0.638466 15.6317
-0.292599 0.223455 0.630242 11.1105
0.448852 0.00888246 0.656981 29.4594
0.597625 -0.0744349 0.548586 63.8948
0.0517684 -0.157572 0.661865 0.955143
-0.00683973 -0.0367562 0.688632 0.0720987
-0.0871766 -0.0448116 0.688292 0.518233
0.661641 0.0709593 0.464266 92.5475
-0.209803 -0.283085 0.590476 6.24519
0.695241 0.0980036 0.377189 83.1586
0.349756 -0.20452 0.634259 18.5273
0.330434 0.308949 0.563075 18.2283
-0.0440745 0.368688 0.499348 2.51136e-05
0.542234 0.295828 0.452265 51.1651
-0.185053 -0.0688767 0.685167 6.123
0.0677121 0.152081 0.663549 1.52236
0.385274 -0.231345 0.611039 22.7209
0.226903 -0.0573268 0.686755 2.32804
0.458407 -0.0561577 0.648475 29.4392
0.0299389 -0.0431928 0.688111 0.144208
-0.229422 -0.197152 0.644671 10.7928
-0.0838083 -0.320252 0.556581 0.367374
0.649339 0.03128 0.491564 93.6881
0.319227 -0.423363 0.387371 17.3577
-0.0913545 -0.0731211 0.684033 0.582783
-0.0841652 0.141852 0.6674 2.12559
0.492607 -0.043717 0.633438 47.0333
0.0335082 -0.0324312 0.689237 0.0186343
0.582048 0.0858135 0.560012 74.3705
0.576787 -0.0563745 0.572389 64.6494
-0.429105 -0.20184 0.613166 20.4332
0.0808118 -0.104498 0.677917 0.109253
0.230441 -0.037872 0.689063 2.00205
0.439527 -0.284746 0.549602 33.3105
-0.0336581 0.133627 0.670434 0.00765973
-0.00267605 -0.06177 0.686368 0.00733116
0.414054 -0.0368927 0.667284 14.6336
0.0938664 -0.346371 0.527589 0.979647
0.362257 -0.0943031 0.672398 14.5684
0.0454627 0.0195979 0.690364 0.749522
0.0197417 0.119153 0.674325 0.320434
0.460853 -0.0883256 0.642416 42.1599
0.135805 -0.225481 0.630106 4.50773
0.499121 0.179515 0.58859 46.7137
0.00206859 -0.176833 0.653839 0.213282
0.429408 -0.104424 0.650881 24.4778
0.0116155 -0.277336 0.594564 0.0813648
0.398407 -0.019623 0.673678 17.9981
0.0352772 0.0553716 0.68683 0.20237
-0.20595 0.135615 0.66986 6.32325
0.304037 0.00735337 0.689555 7.73431
0.4148 0.193954 0.622806 23.9852
0.0368521 0.0763375 0.683573 0.209304
0.331233 -0.0667865 0.682442 12.9837
0.581263 0.251296 0.457649 66.3882
0.653371 -0.00166368 0.488735 86.7293
0.552053 -0.0235161 0.596744 68.0095
-0.281489 -0.042208 0.688835 11.9887
0.0746602 0.318519 0.557935 0.144279
0.410231 0.125928 0.652062 29.3054
0.662492 -0.10787 0.448046 83.864
0.338896 0.289761 0.579573 17.1916
-0.00823455 -0.00322244 0.69014 0.0447799
0.212527 -0.262156 0.606041 6.29912
0.441574 -0.129231 0.639671 30.7768
0.337411 -0.0170536 0.686 10.808
0.322892 0.117712 0.672181 8.32148
0.179877 0.0617658 0.686731 1.93009
0.0418078 0.310472 0.566576 0.972357
0.359252 -0.223356 0.62284 23.5009
0.0410539 0.318519 0.557845 0.993382
0.490618 0.14272 0.610694 40.5694
0.0925433 -0.364973 0.503968 0.268207
-0.132174 -0.00568892 0.690925 1.84888
0.349369 -0.158531 0.655683 16.7955
0.464989 0.103453 0.635892 40.9342
0.253631 -0.0715606 0.685119 5.37771
0.285693 -0.150751 0.664099 7.32221
0.346651 0.276327 0.588709 19.0491
0.105491 0.232258 0.626224 2.43543
0.551555 0.043613 0.595259 49.2967
0.239963 0.142304 0.66717 3.98657
0.369328 0.244197 0.606747 26.0378
-0.297126 -0.104348 0.677334 16.2035
-0.24768 -0.288192 0.585693 7.38924
0.362284 0.101503 0.670974 8.55596
0.0788217 -0.0842849 0.68257 0.629565
-0.173326 0.118227 0.67423 4.72253
0.367795 -0.204608 0.631428 22.7049
0.159999 -0.397127 0.451447 4.41694
0.0891569 0.0304918 0.689238 1.18836
0.362327 0.0298059 0.68139 12.6642
0.193292 -0.0756246 0.68414 1.86294
0.610783 -0.0210024 0.542648 75.9581
0.37946 0.183364 0.638743 19.3793
0.0887472 0.30026 0.575346 0.960515
-0.264074 0.109709 0.676913 9.15143
0.25946 -0.082889 0.683275 5.46816
0.0623154 0.044577 0.688319 0.306174
0.115153 -0.0323903 0.688996 0.489799
0.452417 -0.36847 0.431244 41.5878
0.243826 -0.0986936 0.679919 2.75192
-0.0631597 -0.115308 0.675294 0.304475
0.462467 0.34284 0.465841 32.8948
-0.0290015 -0.119702 0.674575 0.000569668
0.211207 -0.0178077 0.690045 1.60024
-0.377319 0.0855847 0.67088 20.7001
0.495886 0.00749517 0.633955 36.948
0.280358 -0.281494 0.591919 11.7455
0.217695 0.180737 0.65315 3.2847
0.326907 -0.162379 0.656742 11.7988
0.0457485 0.027829 0.689567 0.0329661
0.689723 0.0311319 0.418615 84.3307
-0.133674 0.181292 0.65202 2.249
-0.0433962 0.206451 0.640831 0.26632
0.127988 -0.0553231 0.68749 1.28186
-0.037859 0.0112464 0.690173 0.301297
0.345636 -0.123543 0.667599 9.77004
-0.0474397 0.409251 0.428157 0.0235902
0.00891793 0.140917 0.668225 0.320633
0.134727 0.191751 0.647578 3.14014
0.141413 0.0420797 0.688162 1.03693
0.466629 0.0942948 0.638254 33.3129
0.0314346 0.104081 0.677879 0.0745234
0.132647 -0.338124 0.536723 2.95414
0.182614 0.109029 0.677469 1.87963
0.192756 0.202832 0.642195 3.65008
-0.122494 -0.37987 0.482223 1.53784
0.0529049 0.154979 0.662645 0.184423
0.277969 -0.0794609 0.683103 6.48035
0.27102 0.0114421 0.690489 3.51841
0.248251 0.0738715 0.68457 3.06179
0.345373 -0.170951 0.651125 20.2768
-0.255385 0.213863 0.636389 7.43138
0.341508 -0.208158 0.633918 15.1281
-0.286132 -0.0899332 0.681683 10.0114
0.619123 0.182085 0.470835 70.8482
0.00282596 -0.0853135 0.682032 0.136527
-0.0288143 0.0266326 0.689232 0.0520678
0.160542 -0.183687 0.65146 3.65163
0.182174 -0.364286 0.504901 3.66152
0.204041 -0.155405 0.663142 2.97296
0.0270506 -0.141329 0.668034 0.150017
-0.18925 0.127514 0.672161 5.3748
0.136656 0.362364 0.507238 3.11173
0.476718 0.224878 0.575 51.406
-0.0371422 -0.31151 0.56537 0.165438
0.626476 -0.150028 0.481653 82.6969
-0.346395 -0.279324 0.586876 14.7745
0.0582185 0.0779142 0.68331 0.713149
0.278726 -0.198456 0.643879 10.1955
-0.15604 0.0595691 0.686163 2.06961
0.0216236 0.24254 0.620046 0.000431697
-0.254671 0.0379834 0.688722 7.74473
-0.0984387 0.0931251 0.68098 0.444791
0.185778 0.186059 0.650124 4.14499
0.464677 0.0527408 0.645828 26.9781
-0.0906682 0.100571 0.678829 0.853026
0.668533 0.0467664 0.458203 87.145
0.436669 0.0241973 0.660333 18.0442
0.0579377 0.168189 0.657945 0.81105
0.352489 -0.200345 0.636006 15.1261
0.205492 0.142814 0.666794 4.7896
0.413229 0.095896 0.658264 25.6377
0.385538 0.00864036 0.677231 14.2373
-0.186596 -0.127894 0.672462 8.0211
0.408788 -0.144823 0.645518 21.6496
0.144974 -0.209633 0.638972 1.95608
0.156135 -0.132989 0.670579 2.06675
-0.410499 0.127602 0.651346 25.6673
0.138115 0.0889441 0.68128 2.66939
0.42739 0.0838952 0.656579 28.5626
0.541875 -0.216851 0.5327 50.2085
-0.0380658 0.0467557 0.687767 0.213789
0.372353 -0.31534 0.546772 23.5201
-0.443377 -0.0511439 0.655942 25.5828
-0.201401 0.0267151 0.689944 5.86417
0.291642 -0.0820438 0.682248 8.96134
0.254325 0.232493 0.625316 6.10295
0.332879 0.0222814 0.686116 9.10469
0.127367 -0.138501 0.668805 1.0466
-0.207428 0.0600791 0.68689 7.5794
-0.110721 0.318779 0.558716 1.70358
0.324319 0.316873 0.55681 15.4058
0.230101 0.0649257 0.685684 1.96055
0.152662 0.252675 0.61247 2.70776
0.501975 0.0793107 0.622052 40.0861
0.4797 0.224567 0.573352 47.23
0.364726 0.069891 0.676622 16.946
0.393045 0.0655931 0.670537 23.8742
0.124064 0.348795 0.524963 2.09141
0.21114 -0.229111 0.627423 6.43927
0.605838 -0.144068 0.513243 73.0511
0.554873 0.226277 0.513044 59.2384
0.42607 -0.0467609 0.662792 19.6155
-0.0510859 -0.301855 0.574205 0.548728
-0.147052 0.219896 0.633592 2.95147
-0.332106 0.118843 0.670909 20.0285
0.284539 -0.219972 0.633568 7.25907
0.0616087 -0.0356061 0.688678 0.5162
-0.237283 0.298375 0.577817 8.08019
0.423399 0.00305864 0.666104 23.9565
-0.0119453 0.0485025 0.688338 0.066358
-0.106094 -0.25448 0.6122 1.83364
0.0612897 0.27761 0.594192 0.775544
0.107662 0.253214 0.612289 1.3411
0.0114089 -0.30266 0.573531 0.186772
0.33739 -0.338874 0.530599 24.447
0.461558 -0.3385 0.472847 35.1992
0.00219063 -0.158874 0.661221 0.0873135
0.477218 -0.156198 0.612179 36.2806
0.309615 0.0577721 0.685776 5.48954
0.0511985 -0.285475 0.588285 0.0676558
0.469308 0.221863 0.582118 38.0867
0.575482 -0.251001 0.46571 56.4859
0.407121 -0.17927 0.632015 26.0334
0.39863 -0.0691431 0.668662 25.2221
0.370559 0.250219 0.602197 22.7335
0.338767 -0.0535392 0.683066 3.94811
0.285297 -0.107843 0.677655 4.32525
0.291201 0.100877 0.67925 8.92245
-0.23461 0.0402003 0.68889 6.94082
0.0327479 -0.09311 0.680817 0.571248
-0.292453 0.267563 0.601839 8.84002
-0.191507 0.283113 0.590889 4.90334
0.431958 0.320604 0.515681 28.9902
-0.0517047 -0.261745 0.60662 0.0170335
-0.137859 0.0178806 0.690408 3.77614
0.154378 0.415671 0.414162 5.53327
-0.480493 -0.0807002 0.633686 26.1449
0.375133 0.183929 0.638925 14.9786
-0.0126554 0.190808 0.648208 0.0576411
0.484853 -0.0538268 0.636597 44.0752
-0.00598186 0.0125836 0.690493 0.229719
0.373493 0.142158 0.656017 13.1038
0.270703 0.38756 0.469511 15.9145
0.232103 -0.234624 0.624571 5.47951
0.188761 -0.248463 0.615888 3.91
-0.151892 0.291639 0.583103 3.36429
0.351983 0.328469 0.538821 25.4118
-0.120626 0.201268 0.642481 0.925299
-0.163608 0.0250809 0.689604 4.47675
-0.336573 0.0150036 0.686243 16.4272
0.256585 -0.385622 0.472158 6.93743
0.324155 -0.02287 0.687732 9.2491
0.291495 -0.157975 0.6611 5.67651
0.0163486 0.0801756 0.683228 0.000499116
0.505133 -0.142293 0.602068 51.9174
0.00915161 -0.206562 0.64057 0.0063196
-0.258041 -0.0642333 0.686299 8.07053
0.559714 -0.0810428 0.581722 57.9279
0.340649 -0.210972 0.632592 14.5492
0.157969 -0.306265 0.570163 4.80618
-0.0617939 -0.0350975 0.689479 0.200388
0.285246 0.0942329 0.680549 3.77484
0.557064 0.2626 0.476415 56.9888
0.338196 -0.112827 0.672045 15.9901
0.470616 0.134969 0.623719 29.6818
0.244045 0.355707 0.515429 9.59834
-0.0933073 -0.328205 0.548233 0.833183
0.38522 0.197881 0.629889 26.0723
0.119429 0.0886619 0.681292 1.2753
0.427289 -0.165234 0.631539 31.9581
0.141961 -0.327599 0.549549 2.2809
-0.16243 -0.17176 0.65625 1.88855
0.0504516 0.0459482 0.688151 0.242179
-0.428809 0.0299899 0.662979 25.3469
0.000153686 0.073436 0.6847 0.022152
0.135953 0.112187 0.676606 2.14708
0.352682 -0.188173 0.641959 15.0432
0.493048 -0.0842327 0.626072 37.6482
0.363295 0.115359 0.666895 16.4266
-0.0648978 -0.198083 0.644935 1.23907
0.0544418 0.0518825 0.687221 0.296381
-0.0701749 0.404387 0.437238 0.142804
-0.104038 0.0283328 0.689846 1.29068
0.416669 0.255038 0.583683 37.9274
0.692306 0.00207716 0.414452 87.5625
0.188217 -0.00766227 0.690473 1.75711
0.603464 -0.210642 0.469031 70.2969
0.15897 -0.135611 0.670042 3.01772
-0.0641455 -0.154515 0.663057 0.585706
0.275222 0.409732 0.42673 10.9013
0.306243 -0.30362 0.570793 15.0546
0.543663 0.130127 0.578977 55.5792
-0.0177217 -0.0206179 0.68969 0.00501173
-0.012934 0.229085 0.627568 0.0181046
0.329516 -0.280325 0.588889 14.4025
0.237298 0.030393 0.689019 1.92639
0.324632 0.0541452 0.684247 8.11845
0.299443 -0.209625 0.638307 9.35787
0.341467 0.196042 0.640413 15.5297
0.348294 -0.169427 0.651326 17.0724
-0.141207 0.298462 0.576923 2.84351
0.524487 -0.109096 0.600318 49.1967
0.52481 -0.201162 0.557757 50.3705
0.400834 -0.0435857 0.670616 15.2912
-0.0324248 0.089533 0.681307 0.0975065
0.365466 0.135735 0.660052 16.3628
0.137902 -0.0160264 0.689944 2.09722
0.21382 -0.151276 0.664325 3.84487
0.504361 -0.105675 0.614449 45.7522
-0.23133 0.0439742 0.687979 8.95158
-0.187543 0.158897 0.661443 5.52015
-0.191376 -0.132368 0.670669 3.26371
0.259135 -0.212138 0.63711 5.63475
0.0527219 -0.0763928 0.684471 0.221824
0.189326 0.17775 0.653727 5.79152
0.18029 0.20813 0.63962 2.44575
0.169166 -0.274043 0.597581 4.08905
0.00774096 0.0950572 0.680605 0.0123414
-0.0107169 -0.0119387 0.690655 0.000204166
0.375434 -0.0143729 0.67914 10.3121
-0.0856714 -0.137567 0.669141 2.17112
-0.217681 -0.0274648 0.689497 5.80214
-0.0382717 -0.0930422 0.680297 1.09972
0.256691 0.0951846 0.680198 3.42915
0.331096 0.01564 0.687395 10.898
0.183589 -0.060925 0.686207 2.37885
0.167008 -0.176615 0.653958 2.41726
-0.0577403 0.242032 0.619859 0.358981
0.255222 0.0919687 0.680543 3.80027
0.17767 0.233886 0.62438 7.40579
0.0369777 -0.351886 0.521466 0.46012
0.596601 0.0829804 0.547244 67.6127
0.137172 0.198556 0.644605 4.03742
0.231179 -0.0573538 0.686503 2.36855
0.515882 0.0230497 0.621782 41.5705
0.455642 -0.056524 0.650089 35.424
0.496197 -0.0537295 0.629771 35.4527
-0.143555 -0.0701254 0.685505 1.30353
-0.0783571 -0.395928 0.455383 0.587236
0.435715 0.0711341 0.656049 27.4708
0.125581 0.398734 0.449625 1.53112
-0.0757711 -0.247463 0.615777 0.271068
0.485029 0.0396677 0.637947 44.0183
0.484118 0.0694897 0.634392 35.5333
0.250001 -0.193832 0.647168 5.04364
-0.319484 0.0431776 0.686303 14.7443
0.657912 -0.0162451 0.480249 94.0508
-0.0093935 -0.027512 0.689643 0.105858
0.359855 -0.253982 0.602968 16.5622
0.333937 0.231068 0.621957 15.8697
0.0235969 0.216758 0.634454 0.662128
-0.00628852 0.172611 0.656493 0.00794589
-0.23752 0.0608257 0.686195 5.99373
0.305627 0.130779 0.670565 11.5
0.144037 -0.0876556 0.681503 0.912015
0.55315 -0.21418 0.524869 66.649
0.432608 0.0680947 0.657489 18.4269
0.296296 -0.00123902 0.6906 5.09106
0.290867 0.198128 0.644822 9.92132
-0.342905 -0.136181 0.664678 22.5027
0.314688 -0.000515323 0.688906 8.24846
0.0110917 -0.148763 0.665594 0.0167118
0.331205 -0.00606634 0.687132 10.1309
0.0270905 -0.303726 0.572955 0.0394739
0.524727 0.0249972 0.615691 56.6037
0.201865 -0.115739 0.675771 5.377
-0.168414 -0.0229392 0.690327 3.71865
-0.149954 0.186178 0.650541 3.77694
0.113593 0.293031 0.582146 2.35945
0.101859 0.173206 0.655594 1.76267
0.290439 -0.290169 0.583649 14.3598
0.359778 -0.148434 0.657121 13.2769
0.172497 -0.0355116 0.688643 1.10956
0.590068 0.187549 0.5039 70.795
-0.184846 -0.263835 0.604708 4.87722
0.308749 -0.125526 0.671629 7.24258
-0.0643631 0.343852 0.530861 1.75774
0.654206 -0.139003 0.444085 76.8597
-0.347137 0.0827652 0.677077 22.098
0.29226 -0.105675 0.677499 10.2501
0.468078 -0.00808244 0.648548 38.7441
0.225858 0.0750063 0.684457 2.22241
0.0152906 0.00138654 0.690774 0.00994747
0.486664 -0.215935 0.575934 45.018
0.342046 -0.27992 0.586894 15.3966
0.492176 -0.216794 0.570827 39.1358
0.205298 -0.310147 0.566688 8.92641
0.183724 -0.287214 0.586592 7.54776
0.431404 0.0817466 0.654961 26.032
0.329298 0.153969 0.659819 11.8412
-0.0134518 -0.0388655 0.688769 5.03587e-05
0.226098 -0.301904 0.573711 8.10095
0.368791 -0.175525 0.644329 14.7189
0.279129 -0.0963386 0.679629 7.47483
0.0785943 0.0426959 0.68863 0.13072
-0.0791845 -0.170263 0.657169 1.58363
0.533547 0.0156922 0.609905 43.7189
-0.22445 0.208987 0.63945 10.7709
-0.0548027 0.0616058 0.685904 0.34197
0.481166 0.0141098 0.642019 33.0154
0.0940621 0.0262854 0.689272 0.349835
0.453219 -0.190715 0.608809 32.0974
-0.04278 0.0624252 0.686583 0.00740806
0.221079 -0.0330931 0.689448 3.30941
0.201319 -0.189024 0.64888 6.17861
0.479275 -0.0123208 0.643022 44.3597
0.248158 0.160581 0.661332 4.7338
0.393085 0.0341134 0.67439 21.6999
0.662751 -0.0230565 0.471263 86.0115
0.406384 0.196752 0.623729 26.5635
0.473158 0.113651 0.629888 46.9498
0.364659 -0.317599 0.546916 20.4343
0.513745 -0.0609356 0.618691 45.1628
0.356501 0.169564 0.649743 12.7676
-0.212787 0.135673 0.6693 6.34024
0.445061 -0.0132782 0.657523 32.5957
0.281346 -0.245637 0.617251 13.7533
0.29177 -0.36011 0.50989 12.6264
-0.357215 -0.0560918 0.680235 17.4996
0.084111 -0.351931 0.520148 1.34587
0.413425 0.0449206 0.666697 27.1888
0.458188 -0.103722 0.639679 26.0176
-0.0474564 0.0203682 0.690044 0.0920294
0.120114 0.170765 0.656946 1.21245
-0.260776 0.141061 0.667294 9.44948
0.382358 -0.0875395 0.669578 20.7892
0.483938 -0.217406 0.576811 41.7185
0.282973 0.00137054 0.690533 2.7349
0.32795 -0.152725 0.660585 8.49898
0.353754 -0.0942766 0.673554 12.088
-0.0912423 0.311328 0.5661 1.44484
0.00410796 -0.157999 0.66177 0.00778547
0.517085 -0.0146173 0.621065 47.0853
0.258322 0.214541 0.635949 6.87272
-0.19581 -0.162323 0.660247 7.71996
0.475516 -0.0437362 0.642251 29.2219
0.5937 -0.128739 0.534123 70.6008
0.182939 -0.240732 0.620527 6.10167
0.460251 0.0481731 0.649455 21.8155
0.603202 0.130362 0.523041 68.7286
-0.0954896 0.113595 0.675781 1.6692
0.12434 0.296672 0.578304 3.27332
0.238922 0.152254 0.664453 4.60822
0.295506 0.0737982 0.68408 4.60486
-0.394891 0.0279466 0.673645 21.7598
-0.0419293 0.0438758 0.688453 0.0161192
0.567961 0.0668934 0.577443 55.6768
0.476265 -0.00137541 0.644656 25.0093
0.190288 -0.0394778 0.688875 1.32985
0.286521 -0.0123922 0.689774 1.84304
-0.10833 -0.150373 0.665135 1.86505
-0.132261 -0.132392 0.670983 1.30399
0.33053 -0.112785 0.673419 12.3453
0.274833 0.126894 0.672506 5.10295
-0.122324 -0.111744 0.676541 0.89798
0.214458 -0.149731 0.665077 6.56077
0.216296 0.384207 0.47504 6.49129
0.483507 0.20334 0.585025 43.3555
0.172855 0.294672 0.580475 2.86636
0.511804 0.318761 0.455273 44.248
0.139382 -0.416274 0.411693 3.35036
0.132392 0.00554111 0.690869 0.856179
0.293756 -0.146761 0.665409 11.0145
0.0543014 0.0788427 0.683387 0.0769407
-0.180278 -0.312105 0.565045 5.29889
0.360165 -0.225162 0.621619 19.6481
0.486117 -0.0860415 0.630175 47.0119
0.330943 -0.237831 0.618652 14.1278
0.177872 -0.243235 0.619072 2.4009
0.383842 0.0228817 0.677496 14.9107
0.590532 -0.190354 0.502195 77.7784
-0.0953689 0.0424795 0.688156 1.31121
0.344458 -0.0106335 0.68528 4.38886
-0.183012 -0.0136567 0.690211 5.71274
-0.000927803 0.156571 0.662189 0.0485038
0.35544 -0.0155369 0.683502 4.29719
-0.135337 0.25031 0.61465 2.24195
0.364227 0.0834343 0.674137 9.472
-0.300408 0.048113 0.687651 11.8975
0.21328 -0.320674 0.556008 7.98585
0.441913 0.0513759 0.655765 30.9886
-0.116436 -0.166041 0.6585 3.92824
0.380894 0.0296162 0.677365 12.332
0.347147 -0.0406437 0.683321 10.2473
0.408653 0.219902 0.610529 23.7268
0.130667 0.00744824 0.690448 1.28896
0.0837218 -0.140957 0.66757 1.16299
-0.0709367 -0.00985316 0.689963 0.316042
0.359599 0.162873 0.651667 14.708
0.191022 0.434165 0.360182 4.4718
-0.226898 -0.216013 0.635303 6.33784
0.321883 -0.253274 0.610062 11.4262
0.300759 0.267685 0.60206 19.008
-0.190805 0.064913 0.685936 4.62136
-0.228732 0.161485 0.660568 7.15037
0.184128 0.0312422 0.689592 1.21946
0.317797 -0.013318 0.688968 5.78924
0.16357 0.088071 0.681592 1.78116
0.144321 -0.0656653 0.685778 2.74343
0.449344 -0.140161 0.632285 40.756
0.479591 0.0310502 0.641267 31.6052
0.623478 0.190661 0.457022 80.2956
-0.141106 -0.309305 0.567523 1.5771
0.121935 -0.0310734 0.689504 1.22944
0.0580904 0.0841638 0.682176 0.191119
0.423243 -0.308516 0.533467 37.1991
0.0706113 0.292042 0.582718 0.225523
0.443972 0.245506 0.578397 31.4232
0.419101 -0.287142 0.557243 34.226
0.419818 -0.0145227 0.667508 28.9534
0.337494 0.207523 0.635319 13.2268
-0.164184 0.112468 0.676664 3.32003
-0.201063 -0.00231617 0.69043 4.86776
0.324176 -0.218214 0.631859 19.1365
0.238342 -0.292239 0.583195 6.91646
0.498503 -0.147468 0.60338 42.3395
0.272216 -0.29845 0.5773 9.78938
0.314762 0.167581 0.656626 11.7412
-0.0498492 -0.366085 0.50143 1.1073
-0.233501 0.331667 0.544591 8.32129
0.448698 -0.0475783 0.653732 29.6499
0.255217 -0.167276 0.657828 6.35782
0.0540116 -0.218488 0.634325 0.000378852
0.00678441 0.0446576 0.688413 0.190536
-0.0226669 -0.151784 0.664131 0.00370302
0.0758616 0.0758138 0.684304 1.08506
-0.0157828 -0.040446 0.688258 5.74373e-05
0.398289 -0.114664 0.65813 20.5428
-0.101657 0.320596 0.556331 2.66931
-0.255952 0.238121 0.622523 11.2012
-0.0162365 0.157188 0.662101 0.00729222
-0.218786 0.137719 0.669063 11.3497
0.456027 -0.0521794 0.649842 24.0994
0.263737 -0.0307261 0.68904 2.5118
0.463386 -0.0122536 0.649945 26.4392
0.0347346 -0.042195 0.68861 0.0380353
-0.36458 -0.102486 0.669503 19.1454
-0.0778293 -0.172255 0.656686 0.302405
0.396135 0.345012 0.503638 24.384
-0.310486 -0.062191 0.684868 14.1533
0.252771 -0.157049 0.66256 5.53661
0.23599 0.100441 0.679365 4.1058
0.224798 -0.191467 0.647757 7.23449
-0.439089 0.071153 0.654393 27.8178
0.451591 -0.0326184 0.65395 26.5924
0.0400975 0.0783604 0.683584 0.0819564
-0.452547 -0.0820083 0.646845 26.7611
0.245273 -0.0821677 0.682647 2.19242
0.462526 -0.0242952 0.64952 26.6515
-0.0115741 -0.197119 0.645081 0.171874
0.0796189 -0.0251253 0.689804 0.308314
0.123309 0.379818 0.482547 4.02859
0.209861 0.064582 0.685489 3.02438
0.219868 0.102257 0.678558 4.48281
0.28623 -0.257008 0.609832 13.6987
-0.0265136 -0.0176726 0.690607 0.030585
-0.351694 0.00844583 0.684233 19.6634
0.0172478 0.0793268 0.68311 0.000741911
-0.192717 0.0111405 0.690729 4.82541
0.114449 0.218486 0.633395 2.95875
0.412107 0.00713935 0.669736 13.6228
-0.0364142 0.0303436 0.689207 0.400051
0.546372 0.0429434 0.598537 61.4404
0.612473 0.0459399 0.537666 70.4557
0.106523 0.115578 0.674923 0.68448
0.0853031 0.125246 0.673163 0.730963
0.09044 0.359554 0.510549 2.01831
0.244857 0.0449739 0.688721 1.9278
0.362342 0.303983 0.561685 27.1571
0.428197 -0.0409303 0.662926 23.0557
0.380987 -0.396541 0.425832 24.3686
0.123239 0.0033832 0.690675 1.13273
0.362785 0.0971155 0.671799 10.3077
0.138884 0.00693467 0.690202 0.649212
0.588715 -0.0496926 0.561516 71.122
0.127866 -0.0523635 0.687808 0.769678
0.175514 -0.0556698 0.687135 1.6603
0.38874 -0.293107 0.562904 30.5875
0.100173 0.133672 0.670143 2.30088
0.170988 -0.0505043 0.68765 1.4201
0.572943 0.076739 0.570712 59.0032
0.303107 -0.00867109 0.690149 2.81362
0.383555 -0.0625922 0.673679 12.941
0.0132778 0.301769 0.573747 0.463701
0.329705 -0.242378 0.615701 15.8895
-0.297343 0.0469695 0.687683 10.5785
0.137278 -0.0247014 0.689711 0.847533
0.338298 0.055775 0.683229 10.2733
-0.0100038 -0.225047 0.630164 0.00215119
0.462146 0.0288276 0.649356 23.2369
0.492136 0.247159 0.549924 53.2238
-0.261786 0.194977 0.646023 8.06638
0.442576 -0.295919 0.536837 40.4259
0.44752 -0.35074 0.465323 40.3309
-0.0812944 0.171335 0.656233 0.165967
0.61403 -0.180467 0.479346 72.735
-0.0186665 0.222188 0.63134 0.307516
0.548737 -0.0735646 0.592558 51.6363
0.596222 0.0601813 0.55274 66.1344
0.149613 0.261797 0.60645 2.80378
0.494507 0.0956621 0.623503 43.0356
0.0824417 0.0496381 0.688236 0.613546
0.139536 -0.0184328 0.690392 1.4309
0.0294353 -0.025645 0.690006 0.154805
0.380351 0.155485 0.649825 16.2396
0.252708 -0.227421 0.628356 11.1443
-0.386337 0.260875 0.590333 18.0568
0.466866 0.244293 0.568232 44.6453
0.362089 -0.132183 0.662303 11.3171
0.27667 -0.0865372 0.681702 5.6331
0.333246 -0.110013 0.672767 12.7007
0.0326937 -0.00382372 0.690563 0.0189187
-0.430552 -0.144957 0.638635 24.1974
0.466536 0.119328 0.630897 28.148
0.319791 0.129729 0.66924 6.65753
0.208657 -0.246522 0.616725 5.2718
0.356043 0.128088 0.664406 11.787
0.359605 0.0645742 0.678705 5.91322
0.017966 -0.0914319 0.680729 0.265274
-0.172729 0.272164 0.598772 6.99254
-0.0542843 -0.179018 0.653728 0.00112239
0.40098 -0.0912861 0.66336 22.1641
0.607828 -0.132688 0.516376 83.1333
0.477766 -0.27398 0.536609 46.3995
0.146847 -0.0821198 0.68303 1.7804
0.388476 0.214801 0.619533 18.1164
0.105781 -0.281902 0.591636 1.45347
0.469909 0.172081 0.608693 33.6934
-0.0212276 -0.0374332 0.689043 0.00723953
0.0444367 0.316107 0.560318 0.445851
-0.081647 -0.0275723 0.690054 0.477128
-0.131958 -0.066009 0.685364 1.86549
0.0973966 0.276812 0.595613 1.4665
0.693871 -0.0805998 0.392215 77.7867
0.356885 0.0315374 0.682291 10.506
0.431065 -0.221192 0.601131 28.6168
0.532476 0.0196489 0.6108 61.7191
0.341486 0.221977 0.626629 16.8182
0.0998406 0.0834708 0.682859 0.710717
0.356402 0.186104 0.643029 18.081
0.223241 -0.201487 0.642701 3.70104
-0.225201 -0.328814 0.547119 9.13672
0.188186 -0.205221 0.640532 2.50643
-0.092107 -0.204856 0.640788 0.812823
0.668239 0.0699191 0.45189 85.2708
0.333938 -0.0176491 0.686276 7.80371
0.250911 0.416114 0.412448 9.57746
0.0796203 0.168648 0.657707 1.64958
0.551024 -0.21749 0.523827 54.4999
-0.212366 -0.334943 0.540653 5.78095
0.434076 0.124753 0.643042 25.6596
0.239438 -0.380941 0.48002 10.7955
0.112668 -0.116684 0.675222 1.82037
0.262217 -0.120901 0.674279 5.37165
-0.374408 -0.241536 0.60712 19.3273
0.229995 0.209004 0.639288 6.06894
0.397295 -0.141675 0.650559 28.9182
0.584361 -0.122553 0.546397 74.4744
0.481609 -0.122556 0.622794 40.7718
0.560618 -0.128033 0.56608 72.9618
0.26415 -0.134436 0.670191 8.56669
0.48344 -0.271113 0.534214 42.4281
0.131351 -0.21821 0.634018 2.21893
-0.162262 0.0776415 0.683942 2.98644
0.179199 0.366285 0.501354 7.1039
0.444342 0.133356 0.636885 38.1894
0.543136 0.205775 0.539994 66.3109
0.608765 -0.173325 0.490219 79.4723
0.00683368 0.269201 0.600793 0.203748
0.119653 0.330846 0.545716 0.931677
0.382592 0.34907 0.503565 26.0168
0.178976 0.00271726 0.690027 1.70528
-0.29735 0.0887003 0.681335 13.2164
0.486938 -0.249805 0.550087 39.4643
0.283643 0.304928 0.57096 13.072
0.314179 0.0887029 0.680018 6.85338
0.106756 -0.013114 0.690397 1.28099
-0.0416467 -0.091378 0.681327 0.246139
0.384718 0.191257 0.632952 21.4657
0.307431 0.0107446 0.689203 3.45149
0.467644 0.212041 0.58958 38.2591
-0.115878 0.306338 0.569938 4.31152
-0.446303 -0.0626554 0.653077 25.4656
0.0182365 -0.102739 0.678661 0.00993812
0.247153 0.127937 0.671531 3.98281
0.643742 0.0814747 0.489787 91.4107
-0.0339019 0.141935 0.667723 0.000155805
0.39081 0.187367 0.633866 23.3936
0.067229 -0.0811436 0.682859 0.901934
-0.340993 0.321688 0.548269 12.1683
0.359338 0.265338 0.594092 16.7937
-0.0521531 0.163659 0.660176 0.192766
0.358396 -0.114006 0.668758 11.5356
0.533726 -0.270253 0.492409 56.486
0.219763 0.0969689 0.679984 2.60312
0.407161 0.25444 0.588857 30.1606
-0.201442 0.214336 0.636428 4.43347
-0.0417538 0.248637 0.615065 0.300011
0.159172 0.181099 0.652708 2.36016
0.360673 -0.192163 0.638619 15.1127
-0.30054 -0.201578 0.642319 15.8467
-0.489992 0.0461521 0.634005 27.4157
-0.0965387 -0.0525592 0.686985 1.61512
0.245616 -0.224883 0.630267 8.17493
0.449285 -0.0617347 0.651856 35.994
0.513611 0.148713 0.593109 60.1346
-0.427495 0.159349 0.634104 23.9323
-0.0184184 -0.0431174 0.6881 0.0255941
0.10528 -0.0651377 0.685434 0.72921
0.471063 0.175446 0.607422 48.2628
0.372201 -0.19436 0.634722 18.4518
0.154188 0.265757 0.603954 2.59291
0.359511 -0.207331 0.631245 15.6634
0.493866 0.330588 0.456405 45.7333
0.114342 -0.0986201 0.679784 1.18554
-0.254235 0.349138 0.524379 7.69992
0.160037 -0.117789 0.674945 1.33977
-0.280581 0.0116681 0.690268 8.82554
0.496863 -0.0811458 0.62549 39.5576
0.251465 -0.166061 0.658246 10.0581
0.599057 0.00443906 0.556067 68.0875
0.311192 -0.394842 0.453044 13.0989
0.459122 0.0704464 0.646077 27.9584
0.0899787 0.188963 0.649417 0.333612
0.278056 0.329748 0.546173 11.6124
0.400341 0.246807 0.596245 33.8997
0.420492 0.179511 0.628145 22.7437
-0.0907648 0.18672 0.649455 1.45733
-0.133415 -0.254989 0.610846 2.28635
0.270498 -0.116399 0.675139 8.92842
0.322915 -0.205654 0.638494 14.9439
0.124953 0.0979514 0.679578 1.27396
0.0848658 0.105889 0.678144 1.45504
0.189598 -0.138223 0.669232 4.84217
0.235948 -0.126506 0.672062 6.19748
0.53422 0.181748 0.562006 50.7944
0.182867 -0.282145 0.590998 5.15387
-0.253977 -0.212592 0.636689 7.17835
-0.285607 0.0955694 0.680594 10.2246
0.385094 -0.181869 0.637918 22.9562
0.578972 -0.121528 0.552441 63.8052
0.373823 0.0736876 0.674186 15.2364
0.412342 0.108669 0.655948 22.6578
0.32723 0.327147 0.545583 21.2362
0.221925 -0.336484 0.540039 5.61473
0.425476 0.243674 0.588428 30.7077
-0.111465 0.191594 0.647287 1.2319
0.0909693 0.208404 0.639473 2.33929
0.331744 0.18945 0.645372 11.6599
0.474425 0.0666544 0.639143 27.8087
0.0648095 -0.128726 0.67184 1.11537
0.0447579 0.320808 0.555682 1.20789
0.201322 0.215832 0.634872 7.29462
-0.31013 0.285968 0.586476 12.1524
0.391144 0.0293792 0.675241 15.6314
-0.254422 0.266116 0.603917 12.2529
0.485893 0.147942 0.611501 40.1875
0.0494747 -0.0303173 0.689034 0.448639
-0.239657 0.166899 0.657896 8.29815
0.492587 0.0367075 0.634081 30.4165
-0.0548672 -0.0052134 0.690969 0.557337
0.271625 0.216057 0.635806 11.3751
0.0428991 0.0736681 0.684879 0.501666
0.379036 -0.167103 0.645801 18.6557
0.140511 0.271057 0.599507 1.31648
-0.0267894 0.133935 0.670191 0.0412297
0.0904198 0.338238 0.53738 1.43347
0.543273 0.00833997 0.604072 49.7279
-0.219401 0.0542163 0.687098 4.9882
0.139334 0.105589 0.677995 1.12816
0.208998 -0.329698 0.54667 10.5393
0.44651 -0.0594338 0.653367 25.8204
0.655066 -0.0801795 0.472899 83.4662
0.162447 0.0032699 0.690224 1.28002
0.614102 -0.251563 0.400346 64.0781
0.196412 -0.3114 0.565852 6.59961
0.339584 0.134429 0.665611 13.1471
-0.107968 -0.0731885 0.684018 1.62456
0.444881 0.0958524 0.646929 26.7711
0.109918 -0.332309 0.544514 1.78854
-0.167143 -0.0557469 0.687136 3.95669
0.00212178 0.189876 0.648813 0.00544872
0.262176 0.190145 0.647815 8.39957
0.126961 -0.125488 0.672983 1.01364
0.329906 0.00673182 0.687696 10.3062
0.130153 0.0457962 0.687963 1.05186
0.150041 -0.194372 0.645993 1.44065
-0.096224 -0.371993 0.494459 1.27098
-0.090391 -0.0169212 0.690362 0.571866
0.218765 -0.127257 0.672352 3.15505
0.490889 -0.0780595 0.628463 48.7694
0.393415 0.0982165 0.664317 16.8685
-0.131677 -0.102927 0.678081 1.95787
0.0390537 0.0938747 0.680371 0.0258913
0.549673 -0.191565 0.543629 66.6975
0.276551 -0.134369 0.670035 9.20772
0.423208 0.344249 0.490545 27.6345
0.229174 0.223378 0.631466 4.80503
0.16432 -0.0564298 0.686945 2.12735
0.295518 0.0971769 0.679357 8.74211
0.419852 -0.0660026 0.662485 23.2185
-0.144761 0.0940908 0.680325 3.0085
0.326874 -0.0121176 0.688005 3.91848
0.276987 0.170615 0.65718 8.77387
0.136256 0.0767387 0.68371 2.05221
-0.375111 -0.10473 0.667475 19.5632
-0.00292373 -0.20052 0.643394 0.0528501
0.567768 0.125154 0.56071 56.5494
0.284651 -0.0546404 0.687147 5.51527
0.297819 -0.224869 0.630053 11.1191
0.289753 0.156397 0.66234 8.67103
0.3897 -0.272993 0.579709 28.7846
0.51946 0.177826 0.576385 47.5292
0.566396 -0.279905 0.443221 58.4525
0.0306013 0.0453652 0.688343 0.198224
-0.360398 0.13239 0.662263 17.7719
0.00822694 0.158 0.661778 0.227641
-0.0296228 0.120405 0.674116 0.89919
0.566247 -0.204004 0.519143 66.9065
0.576303 -0.0765563 0.568244 60.4583
0.254258 0.0803476 0.683434 4.13877
0.145246 -0.141819 0.667813 2.19323
-0.255546 -0.185754 0.650592 9.78799
0.159251 -0.119034 0.674347 1.18656
0.616104 0.0232051 0.536393 79.2162
0.433417 -0.377869 0.429711 32.4002
0.297726 -0.304178 0.571036 17.7898
0.230506 0.240966 0.620896 5.18957
0.224876 -0.116048 0.675373 4.24954
0.22402 0.155106 0.662883 4.7305
0.236474 -0.0107862 0.690278 2.12197
-0.251578 -0.0418076 0.688313 8.83052
0.337703 0.170808 0.652014 14.205
0.380181 -0.187395 0.636225 21.1389
-0.0413797 0.047008 0.68804 0.0473746
-0.221384 0.0565641 0.686653 9.31163
-0.0620277 0.231057 0.627209 1.45154
-0.229678 0.125491 0.672497 5.34504
0.272372 -0.216333 0.634732 8.37478
0.268075 -0.252352 0.612529 10.2781
0.167253 0.308827 0.567351 6.6217
0.467353 -0.00287575 0.648557 30.8585
0.116881 0.387793 0.468939 1.9667
-0.131307 -0.0144513 0.690294 2.87258
0.13173 0.277918 0.594811 4.27721
0.233726 0.0117088 0.690028 2.08197
0.0790126 0.13984 0.667733 0.21366
0.0627667 -0.116255 0.674714 0.929
0.192809 0.0556742 0.686778 1.59768
-0.22055 -0.326145 0.550364 5.71002
0.284515 -0.305264 0.570554 10.5913
-0.0836855 -0.154191 0.662814 0.882595
0.146816 0.114894 0.675909 1.51149
0.207944 0.176962 0.654387 3.54392
-0.175506 0.0952424 0.680017 3.92929
0.363989 -0.263534 0.595164 26.7178
0.0162546 0.257401 0.610127 0.155455
0.141658 0.0730959 0.684392 1.04233
-0.117218 0.347501 0.526989 2.12789
0.0879188 -0.107008 0.67751 0.721815
0.0318773 -0.226351 0.629476 0.00555293
0.234372 0.275171 0.596104 5.30023
0.255456 -0.377406 0.484916 9.3495
0.15409 0.0672358 0.685017 1.15804
0.347894 -0.203345 0.63599 14.2643
-0.377203 0.0688651 0.674056 23.1425
-0.0710304 0.219287 0.633041 0.665478
0.335414 -0.0495433 0.684071 4.77326
0.551824 -0.0645184 0.590943 51.8919
0.238906 -0.232345 0.625379 7.3015
-0.156388 0.317263 0.559256 1.74579
-0.019147 0.247545 0.616515 0.404
0.332533 0.196039 0.641765 11.4303
0.131974 -0.173567 0.656199 1.71169
0.271356 -0.211662 0.637638 6.33454
-0.135691 -0.00557427 0.690161 1.39339
-0.0998089 0.074402 0.684138 0.774622
0.100507 0.120198 0.673909 1.76428
0.397631 0.14754 0.648303 15.319
0.0566192 -0.0603011 0.686615 0.583666
0.550307 0.135549 0.571413 50.8946
-0.201557 0.195477 0.645343 4.20986
-0.149245 -0.197348 0.645399 4.07733
0.511941 0.1622 0.588681 58.4488
0.144404 -0.0374994 0.689429 1.11431
-0.0637409 0.0360986 0.689153 1.44773
0.37076 0.389062 0.44615 20.0769
0.507624 -0.015496 0.627174 32.4427
0.277718 0.209343 0.638789 7.46057
0.226995 0.210157 0.63835 5.98763
0.324993 -0.328697 0.543533 16.9421
0.0192201 -0.0249384 0.689934 0.000357127
0.149575 0.178965 0.653624 3.40647
0.51292 0.0763901 0.616482 43.3556
0.414898 0.10983 0.655227 20.1964
0.0473252 0.113738 0.675967 3.66037e-05
0.446516 -0.0267759 0.656772 35.6674
0.193717 0.221655 0.632386 7.80893
0.262662 -0.318883 0.558705 11.8539
0.244106 0.136295 0.669497 5.24149
-0.107719 0.0272028 0.689806 3.5429
-0.333387 0.180283 0.648484 20.938
0.511139 -0.216072 0.559261 45.3223
0.332332 0.0879563 0.678302 5.57734
-0.266735 0.191941 0.647434 14.5321
0.26758 0.0973115 0.679684 3.69721
0.300657 -0.0159047 0.689273 4.75698
0.368898 -0.0935377 0.671239 13.7049
0.427208 0.184932 0.622589 22.0915
-0.00383782 0.295165 0.580768 0.00945114
0.195421 0.156952 0.661739 2.62194
0.333518 0.225347 0.626262 14.4399
0.293271 0.00774407 0.690412 3.93024
0.292395 0.241164 0.620121 13.392
0.354336 0.0546029 0.680969 5.00838
0.0455591 -0.228394 0.627931 0.20442
0.228976 0.09496 0.679931 3.20075
0.560245 0.0324614 0.588852 68.0405
0.0900708 0.00910915 0.690322 0.604789
0.305107 -0.128257 0.670951 9.75753
0.0901119 -0.276695 0.595608 2.81949
0.210753 0.032895 0.688812 2.31216
-0.108822 -0.304796 0.571772 1.10716
0.603478 -0.222398 0.456966 74.696
0.517715 0.223147 0.548577 51.5732
-0.347838 -0.131502 0.665438 17.624
-0.0880443 -0.273528 0.59739 0.337428
-0.0434137 -0.0940128 0.681052 0.17941
0.3326 0.0015103 0.687391 6.14874
0.419441 0.0970761 0.656825 23.4931
0.60108 0.031707 0.551111 70.816
0.53304 0.328044 0.411408 48.9424
-0.0898316 -0.0128875 0.69025 1.00519
0.388079 -0.235872 0.607663 21.3117
0.342254 -0.37041 0.487417 22.1628
0.211138 0.0379617 0.688909 1.99117
0.175051 -0.137047 0.668769 3.31789
0.154322 -0.391505 0.462054 1.7021
-0.10845 -0.23051 0.626629 1.86232
0.450759 0.168645 0.619962 26.5208
0.461715 -0.216235 0.589201 35.104
-0.033842 -0.218522 0.633896 0.467785
0.521443 -0.0934113 0.606442 46.5677
-0.190663 0.214173 0.636515 7.1547
0.579478 -0.0251947 0.572907 70.425
0.172274 -0.192326 0.646983 3.4562
0.181154 -0.278765 0.594217 6.82888
0.0566378 0.109054 0.676786 0.399429
-0.0942642 -0.0634584 0.685869 1.24288
0.354709 0.0661963 0.678431 13.6359
-0.353192 -0.0833971 0.675838 18.2931
0.124126 -0.0917346 0.680621 1.06313
-0.00680785 0.161579 0.660844 0.189957
0.373351 0.136096 0.659053 18.3307
0.167432 0.163774 0.659529 4.59588
0.369853 -0.332513 0.529435 21.3536
0.129312 0.0351025 0.689572 0.90797
0.295549 -0.176356 0.654253 9.30937
-0.0338617 0.363401 0.506437 0.544542
0.142575 -0.0171935 0.689798 1.05127
0.0465847 -0.0990945 0.679485 0.15908
-0.0911711 0.0370861 0.688578 1.31293
-0.145993 0.188247 0.648743 4.2277
0.521546 -0.00161627 0.618924 44.4986
-0.0912103 -0.413196 0.417485 1.07591
-0.134302 -0.230366 0.627248 2.83762
0.0112752 -0.170106 0.656593 0.0117726
0.206589 0.162755 0.660431 2.94831
0.0205861 -0.0434494 0.688628 0.190386
0.398627 0.150805 0.64676 19.2659
0.305349 0.119578 0.673474 5.73704
0.184929 0.0936098 0.680453 2.46479
-0.373932 -0.0157022 0.679452 22.0265
0.596329 -0.235328 0.454555 72.0707
0.00138096 0.040014 0.688363 0.113258
0.550261 0.0228936 0.597169 50.2663
0.536917 0.0139565 0.608565 61.6298
0.625784 0.0823201 0.513412 82.5985
-0.12054 0.026879 0.689267 1.74119
0.480069 -0.0422336 0.640672 27.0044
-0.0978012 -0.0247774 0.690009 1.89925
0.437523 -0.0969381 0.649666 22.5357
-0.148405 0.0543594 0.68729 2.73734
0.368151 0.258506 0.597649 23.5748
0.0616006 0.169606 0.657648 0.784458
0.523385 0.003029 0.617397 46.2754
0.54759 -0.158097 0.564631 65.8445
-0.0834891 -0.15322 0.664126 0.376519
0.124532 -0.0589089 0.686914 0.86975
0.444015 -0.19501 0.610463 29.9922
0.453239 -0.180309 0.614107 36.2143
0.363398 -0.197084 0.63567 13.5528
0.161007 0.434891 0.357201 4.73081
0.242763 -0.173678 0.65576 4.0396
0.603412 0.106536 0.531442 82.3626
0.627665 0.17922 0.459037 80.261
-0.285689 0.153967 0.662933 9.58259
-0.151725 -0.186272 0.650441 1.80603
0.315988 -0.266204 0.601243 17.6091
0.4723 -0.0752216 0.639053 26.8075
0.0894765 -0.305751 0.570981 1.39744
-0.184748 -0.157068 0.661839 4.69678
0.470404 0.149795 0.617973 39.1775
-0.197382 -0.0170046 0.690524 4.16301
-0.222035 -0.248846 0.615924 4.65585
0.0369873 0.374239 0.491201 0.537493
0.0918821 -0.0517391 0.687929 1.56504
0.350846 -0.164272 0.653421 11.3104
-0.0305657 -0.0577374 0.686429 0.0455182
0.504461 -0.0500445 0.625489 42.1712
0.189488 -0.254406 0.611484 7.11657
-0.0749703 -0.00421293 0.690217 0.376527
0.183105 0.178021 0.653469 5.43988
0.198701 0.0394335 0.688994 1.89389
-0.365155 0.0557742 0.678635 18.5552
0.322809 -0.0553391 0.684839 8.52773
0.234685 0.112745 0.67614 6.88828
0.136767 0.0714429 0.685266 1.6453
0.472629 -0.112503 0.629865 35.2337
0.560671 0.0928103 0.578174 71.0111
0.204944 -0.0317131 0.689767 1.41793
0.190136 -0.271549 0.598714 6.30519
0.484597 -0.25775 0.545244 44.1652
0.303995 -0.191052 0.647293 7.69826
0.324359 0.312719 0.560455 14.6142
-0.308699 0.212791 0.635984 13.9268
0.057446 -0.217436 0.635 0.312109
0.458425 -0.226557 0.58418 38.6561
0.470691 0.0552958 0.642947 32.3528
0.320286 0.0407003 0.686513 8.07014
0.23388 0.137765 0.668466 7.2482
0.615152 0.128655 0.508218 81.0099
0.488082 -0.140128 0.612688 41.8622
0.53001 -0.113433 0.595457 43.7822
0.23477 0.0597009 0.686641 2.73765
0.292897 -0.185133 0.650388 7.39312
0.358144 -0.0806071 0.676196 7.36638
0.397489 -0.0254369 0.673265 10.5149
0.132726 -0.0916358 0.681432 1.344
0.0224873 0.28504 0.588169 0.0710858
0.333773 0.2099 0.634105 14.8397
-0.234791 0.091198 0.681251 13.1307
-0.0523184 -0.0642531 0.685943 0.030614
0.107811 0.0344028 0.688844 0.521259
0.538829 0.0693217 0.59979 58.5477
-0.105211 -0.319096 0.557274 1.58759
0.161148 0.233875 0.624967 4.49817
-0.0652929 -0.0759948 0.684043 0.754
0.494077 0.266326 0.531823 44.6497
-0.0354057 -0.0597957 0.686153 0.0870783
0.303765 0.156994 0.661566 11.8699
-0.256776 -0.0100918 0.690433 8.49799
-0.278624 0.10919 0.677196 10.4858
0.10662 -0.0687137 0.685219 0.941402
0.36542 -0.185852 0.640266 15.8272
-0.0591013 -0.328318 0.548778 0.598627
-0.303345 -0.211845 0.636838 11.8779
0.182844 -0.322188 0.554391 2.7947
-0.048097 -0.281078 0.591474 0.00377489
0.0384813 0.0421585 0.68837 0.398301
0.356746 0.091866 0.674016 6.72296
0.192312 -0.269439 0.601469 4.16398
0.141514 0.261645 0.607127 1.26347
0.0224744 0.122543 0.673831 0.152032
-0.032375 -0.236065 0.623576 0.217982
0.13697 0.166959 0.658535 1.48551
0.344599 -0.0799062 0.678093 8.88892
0.364025 0.0392568 0.680602 10.978
0.410868 0.10087 0.657786 14.3984
0.214121 0.0271604 0.690086 1.53156
0.0104011 0.00587433 0.690311 0.0434365
0.342088 0.221172 0.626902 15.4821
-0.190645 0.104144 0.678204 3.37603
-0.260822 0.00491653 0.690941 14.81
0.424354 -0.00713059 0.665598 20.6778
-0.088159 -0.134701 0.670084 0.815747
0.0627071 -0.0548361 0.687481 0.889402
0.183453 -0.241034 0.619993 3.27574
-0.0480971 -0.0329981 0.68885 0.21417
0.408818 0.101454 0.659114 17.3664
0.447313 -0.201604 0.605155 39.1834
0.0499232 0.181738 0.651682 0.19699
0.425013 -0.1326 0.643974 31.424
0.307062 0.0418285 0.688064 6.44922
0.421252 0.0438224 0.66516 14.2259
0.307699 0.159603 0.660228 8.14472
-0.235265 -0.278902 0.593747 8.70155
0.668302 0.13053 0.420509 84.3822
0.115129 0.0926746 0.680757 1.04334
-0.0401777 -0.125498 0.672814 0.00101294
0.394446 -0.0131424 0.674586 14.9624
-0.0177142 -0.404406 0.437586 0.00379467
0.147141 0.16249 0.659988 2.19283
0.473889 -0.0590188 0.64117 30.5497
0.158569 0.154472 0.663239 2.8565
0.387383 -0.114833 0.661378 13.1133
0.249323 0.0351421 0.688897 4.0351
0.240572 -0.141535 0.667158 4.02818
-0.117926 0.308748 0.567774 1.32744
0.3077 -0.0228878 0.688514 5.67154
0.189228 0.151486 0.664212 4.96028
0.0192543 -0.183295 0.65191 0.00506178
0.247019 -0.0291526 0.689934 3.50923
-0.295613 0.315977 0.560324 9.09873
-0.326279 -0.221824 0.628497 13.51
0.326804 -0.0516895 0.684372 6.88562
0.316641 -0.00338318 0.688779 6.50085
0.580753 -0.0477466 0.570032 77.1154
0.17841 -0.155237 0.662542 3.57635
0.258125 0.0113857 0.690604 4.60977
0.0684197 0.076322 0.68403 1.22521
-0.146588 -0.0307729 0.689869 4.1872
0.302284 -0.20126 0.6427 12.2586
0.354429 -0.278 0.586152 26.4348
-0.118198 0.0227379 0.690379 1.06071
0.609079 0.111361 0.523572 73.7734
0.0558403 0.00445888 0.690655 0.121295
-0.00632213 0.0724527 0.684312 0.209343
0.305465 -0.326305 0.54911 17.078
-0.424773 0.0216799 0.665205 26.6725
0.483148 0.114589 0.624166 46.0216
0.350646 -0.028424 0.683264 9.49618
0.353906 -0.390547 0.451639 21.5314
-0.328548 -0.105029 0.675514 16.6849
0.370935 -0.167464 0.648166 21.7433
0.32299 -0.412302 0.414807 14.6291
0.087664 0.15192 0.664373 0.797944
0.0705037 -0.35097 0.521694 1.31199
0.0225003 0.0472771 0.687655 0.000854716
-0.0665529 0.0234035 0.689937 1.20374
0.382225 -0.172977 0.642659 22.7488
0.354914 -0.18724 0.642763 13.4162
0.171422 -0.226594 0.629144 4.52352
0.382585 0.151625 0.650819 13.7902
0.437489 -0.276937 0.556558 40.35
0.288934 0.218772 0.634085 8.97443
0.135395 -0.0976987 0.679946 2.13436
0.23511 0.168326 0.657353 4.79678
0.397931 -0.0262875 0.673706 11.8826
0.00221952 -0.0385334 0.688487 0.0010971
0.349935 0.24362 0.611922 20.6505
0.639862 0.0466136 0.503271 84.5993
-0.441137 0.225212 0.594033 21.1826
0.423678 0.240169 0.591876 32.9462
0.394202 -0.0129749 0.675204 13.233
0.579277 0.230843 0.482168 73.0578
6.9707e-05 -0.0762631 0.683589 0.125717
0.315464 -0.177973 0.651845 12.9031
-0.153175 0.0545869 0.687045 6.05713
0.215414 0.182372 0.652228 5.57637
0.490757 -0.229344 0.563332 50.199
-0.00522866 -0.0439711 0.688799 0.00315688
0.286035 0.2226 0.63161 7.44475
0.230498 -0.088352 0.682183 2.19843
-0.330835 -0.214591 0.632333 15.8362
-0.254102 0.217583 0.634751 8.32535
0.165683 0.0195856 0.689835 1.97688
0.220533 -0.0526862 0.687437 1.94463
-0.0892004 0.267689 0.601796 0.917228
0.626453 -0.0813536 0.513514 81.3814
0.0780436 0.274372 0.597231 1.29713
-0.0914387 -0.0311925 0.689362 1.05176
-0.0887509 -0.300548 0.575175 0.402735
0.0818523 0.175106 0.655352 0.636551
0.350766 -0.31441 0.554006 23.7274
0.441684 -0.174244 0.621008 25.2245
0.204526 -0.186524 0.650303 5.37856
0.233863 -0.150231 0.664738 3.31471
0.461158 0.134111 0.629259 28.3371
-0.115214 -0.0694583 0.684807 1.03526
0.386041 -0.0379877 0.675839 13.1559
0.190584 -0.061691 0.686311 1.44984
0.037103 -0.06407 0.685903 0.191293
-0.392573 0.177871 0.637207 19.3127
0.414928 0.274397 0.570194 27.5963
0.31348 -0.264029 0.603469 10.9238
0.426002 -0.329539 0.50883 32.6489
0.443367 -0.0383015 0.65692 18.5965
0.627733 -0.183796 0.454452 79.0809
0.508041 -0.0353282 0.625948 51.2682
0.0282034 0.124395 0.672677 0.241582
-0.32333 0.316552 0.556996 10.0158
-0.28768 0.0868741 0.681819 10.177
0.28001 0.323334 0.553539 15.1692
0.469328 -0.280417 0.535173 42.1517
0.420249 0.214806 0.609442 25.0916
0.436872 0.253638 0.57692 35.1462
-0.141525 0.020242 0.689847 1.36986
0.582084 -0.0789996 0.562161 70.3413
0.0661819 0.0202287 0.689553 0.419806
-0.350604 0.154306 0.657115 16.4993
0.0390268 0.357661 0.513723 0.000183356
-0.158817 0.251913 0.61317 6.11588
0.143413 0.175804 0.654611 2.0209
0.254535 0.0192227 0.689701 1.56975
-0.0932503 0.0839873 0.682178 2.20788
0.0456431 0.0160119 0.690582 0.827404
0.224931 0.178164 0.654219 4.02088
0.0481073 0.121859 0.674154 0.678741
0.00939563 -0.0366789 0.689057 0.121162
0.256243 0.361158 0.508757 13.0889
-0.113967 -0.0646246 0.685496 0.577348
0.24815 -0.123791 0.673579 4.80737
-0.0578906 -0.0537927 0.687426 0.965958
0.235408 -0.200189 0.644048 6.61914
0.435228 0.0821041 0.654327 18.6136
-0.196451 -0.129868 0.671579 7.22166
0.48066 -0.0717382 0.63589 46.4136
0.286467 0.0342187 0.689052 3.09212
0.241382 0.195796 0.646044 8.23536
0.619976 -0.0903933 0.517946 79.3822
-0.122192 -0.0348693 0.689283 1.68779
0.450088 -0.157608 0.624718 39.7516
0.429167 0.170042 0.628414 27.2936
0.494481 0.371465 0.373633 35.4054
0.0348666 -0.164788 0.659154 0.379537
0.382489 -0.0810568 0.670226 9.17349
0.365217 0.0495403 0.679345 11.8404
0.0436616 -0.411401 0.421925 0.158241
0.147458 0.315772 0.561182 3.1478
-0.32566 0.131434 0.668301 15.4423
0.0486838 0.288627 0.585336 0.693653
0.485286 0.165338 0.603852 46.6449
0.505438 0.0901821 0.617807 39.4084
0.276598 0.139255 0.668327 10.5856
0.337721 0.407782 0.421869 22.6559
0.270453 -0.043287 0.688857 5.23372
0.489035 0.20755 0.579113 45.8098
0.0482734 0.0819191 0.682603 0.0857343
0.308797 -0.216956 0.634001 14.2298
0.296188 -0.309706 0.565773 16.6149
-0.00810934 -0.0848138 0.682519 0.000657499
0.129865 0.141894 0.667965 1.59283
0.528216 -0.102294 0.600326 52.7297
-0.0566806 -0.262424 0.606072 0.0630483
-0.198921 -0.0145415 0.689996 5.06717
0.0718682 0.36743 0.500825 0.249468
0.0733823 -0.213479 0.636755 0.723348
0.0264188 0.399511 0.447828 0.0368367
0.43421 -0.0970906 0.650708 20.2494
-0.0803576 0.139326 0.668752 0.781098
0.126126 -0.220094 0.63326 3.82666
0.54725 -0.134605 0.575149 57.4233
0.247476 -0.0128235 0.690204 2.66572
0.532649 -0.302091 0.456402 54.4858
0.256889 -0.0978854 0.680216 6.79921
-0.3462 -0.302716 0.566375 14.1325
-0.0257477 -0.275548 0.596179 0.296989
0.284777 -0.201384 0.642763 13.2817
-0.0475505 0.106911 0.677245 0.262588
-0.377974 0.1561 0.650426 22.9472
0.0825238 -0.136501 0.66972 0.155784
0.503514 0.070105 0.623143 50.3431
0.0148036 -0.0105594 0.690195 0.300472
0.686459 0.0863005 0.40656 77.5037
0.397812 -0.308798 0.544817 28.1712
0.547725 0.0907248 0.588538 55.5873
0.448154 0.150902 0.629003 25.5821
0.574181 0.279036 0.43291 61.418
-0.192166 0.381489 0.478749 2.95222
0.155737 0.112119 0.675921 2.19278
-0.280955 0.00432678 0.690206 9.99567
-0.327836 0.12582 0.669286 17.1808
0.00511507 -0.31957 0.557361 0.330409
-0.414307 -0.230757 0.601778 18.4504
0.163111 -0.195455 0.645825 5.51384
0.47877 0.142228 0.617236 36.189
0.486354 -0.320827 0.47668 41.3946
0.285238 0.333327 0.542005 9.44837
-0.413676 -0.199107 0.62095 21.0227
0.300441 0.0204319 0.689187 3.43395
-0.342758 0.233764 0.619786 14.2453
0.532415 0.193946 0.556104 50.8146
0.26325 -0.189514 0.64904 8.48893
-0.049928 -0.023688 0.689448 0.321155
-0.0149491 0.0577457 0.686598 0.0016675
0.0304735 0.0866356 0.681811 0.349929
0.295408 0.0890858 0.681501 4.71271
-0.375323 0.224225 0.618048 20.8935
-0.0280449 0.088616 0.681568 0.039852
0.282541 0.263641 0.605422 14.2484
0.0027454 0.185674 0.650322 0.00779063
0.366196 -0.371495 0.478541 23.3624
0.00708309 0.0180799 0.689847 0.0155592
0.420956 0.339596 0.497974 28.7449
0.175583 0.291757 0.5834 5.44863
0.0760547 0.329 0.547102 0.109553
0.0515382 0.0930629 0.680811 0.0866439
0.305365 0.202836 0.641237 11.0318
0.359768 0.249153 0.605555 20.122
0.28315 0.108229 0.676978 4.52911
0.56229 -9.87913e-05 0.588824 67.4698
-0.291084 0.294329 0.579995 9.85005
0.151584 -0.219709 0.632808 4.12905
-0.0693253 0.0406682 0.688843 0.269866
-0.362616 0.226277 0.620537 17.8801
0.145057 0.423963 0.390075 2.52558
0.342995 -0.311917 0.55855 20.9348
0.288823 0.327957 0.549096 11.8334
-0.402391 -0.191284 0.627804 22.0147
0.267971 0.229347 0.628009 10.9752
0.116137 -0.0320287 0.689541 0.802159
0.455977 -0.171271 0.61587 34.6472
0.151523 0.0106596 0.690546 2.18989
0.544453 0.0952506 0.589576 52.3386
0.548623 0.180802 0.551398 57.6056
0.320477 0.210861 0.636184 15.4542
-0.143551 -0.116381 0.674973 3.23937
0.520311 -0.0966049 0.606809 44.2185
0.444893 -0.17989 0.617678 28.4091
0.0853107 -0.283169 0.589904 2.40553
0.0341786 -0.155065 0.66241 0.365327
0.193514 0.176883 0.653904 2.64101
0.403952 -0.0244925 0.67178 18.7727
0.496777 -0.234449 0.555311 48.0173
0.217263 0.305833 0.571194 5.35021
0.374903 0.241226 0.608262 17.8032
-0.164177 0.112873 0.675783 4.40336
0.340769 0.000835084 0.686418 10.6261
0.696195 -0.0476227 0.398079 89.2512
-0.0438766 0.0170389 0.690153 0.174655
0.0300714 0.0154736 0.689871 0.0100649
0.0315145 -0.128787 0.67172 0.0923836
0.157438 -0.0743844 0.684328 1.85867
-0.135282 -0.188297 0.649182 2.00693
-0.000982191 0.0253601 0.689544 0.000327815
0.395406 -0.196387 0.627848 22.5198
0.162299 -0.040488 0.688793 2.60328
0.685897 0.101502 0.401088 73.3538
0.476751 -0.307417 0.501589 47.4009
0.34969 0.265218 0.596486 17.5514
-0.0239852 -0.160217 0.6613 0.153408
0.0213733 -0.135889 0.669606 0.0265269
0.281205 -0.0383753 0.688459 4.79586
0.511665 0.0849581 0.615548 43.1137
0.105221 -0.311432 0.5653 3.3938
0.312987 -0.289808 0.582809 19.7588
0.613772 -0.0493157 0.535874 73.5413
-0.0895 -0.0664146 0.68599 0.669302
0.654917 0.207697 0.369552 73.5204
0.539972 0.119653 0.586082 53.6945
-0.0977841 -0.226763 0.629349 0.881731
0.108217 -0.0324793 0.689495 1.83113
0.384386 -0.190847 0.633774 20.5202
0.0894743 0.102778 0.678695 1.40739
0.431661 0.129087 0.643329 27.5398
0.0636463 0.201735 0.642683 0.403152
0.376043 0.135867 0.658572 14.9587
0.288622 0.076933 0.683506 3.54498
0.0785132 -0.0539715 0.687326 0.515548
0.116728 -0.197166 0.645338 1.49319
0.180879 -0.316061 0.560649 5.82511
0.127987 0.355473 0.517156 3.46786
-0.141692 0.0723736 0.684547 3.07137
0.153474 -0.0680051 0.685259 1.18307
0.309206 -0.30547 0.569122 12.2372
0.274669 -0.222045 0.632039 6.61817
0.127381 0.00198963 0.690648 0.891728
-0.000713811 -0.0586516 0.686677 0.00878031
0.345637 -0.0866921 0.676738 15.9705
0.283358 -0.0662567 0.685147 2.9165
0.306741 -0.410896 0.421435 16.3742
-0.0287704 0.401679 0.443605 0.0651144
0.0584181 0.258673 0.609251 0.884736
-0.278339 0.362884 0.507163 7.9313
-0.235941 -0.00678258 0.690439 7.97934
-0.182016 -0.153226 0.663395 2.7214
0.65068 -0.0339556 0.489664 81.626
0.605424 0.179627 0.490672 76.9347
0.043646 0.182272 0.651747 0.00978067
0.637105 -0.166025 0.454958 80.2264
-0.268542 0.24794 0.615903 10.3359
0.268209 -0.0836868 0.682949 3.31019
0.250229 -0.200345 0.643806 9.53997
-0.37645 0.333807 0.524869 13.8603
0.240744 0.171327 0.656744 4.09192
-0.199392 0.0850322 0.682229 3.45609
-0.0812035 -0.0708807 0.684401 0.52737
0.282708 -0.2929 0.58256 9.43858
0.30704 -0.310816 0.564362 18.3646
0.286849 -0.212608 0.637348 8.52167
0.104671 -0.228827 0.627409 0.668177
0.328276 0.204545 0.638028 16.0895
0.291333 0.149801 0.66473 5.78929
0.490591 -0.0477006 0.634169 31.017
0.431004 0.0155302 0.663029 20.109
0.298394 0.112233 0.675489 4.93759
-0.0631335 -0.0181755 0.689744 0.217808
-0.0148466 -0.0394274 0.688562 0.0361245
0.460421 -0.0367581 0.650491 30.9757
0.355144 -0.163635 0.652026 12.2971
0.478457 -0.208001 0.585941 39.9039
0.19998 0.104 0.678182 2.58466
0.0340347 0.176043 0.655028 0.23513
0.095292 -0.0209491 0.690035 0.487207
0.566672 0.304442 0.401462 53.1193
-0.00977405 -0.184268 0.650743 0.00013406
0.314079 0.190253 0.646663 12.1036
0.469251 -0.0456052 0.645607 33.3332
0.459135 -0.294466 0.528326 37.7828
0.3585 -0.126878 0.665012 15.0872
0.246749 -0.159983 0.660643 7.15962
0.341381 0.0557009 0.682826 4.93189
0.282312 -0.222003 0.632049 11.2677
0.145049 -0.073204 0.684363 1.60335
0.391848 -0.230461 0.610006 21.2233
0.193672 0.152756 0.664125 2.48719
0.22604 0.188347 0.649288 8.95792
0.234904 -0.130969 0.670857 4.79139
0.296681 0.0280113 0.688859 2.50345
0.0213256 0.177507 0.653718 0.167095
0.0290506 -0.188483 0.649206 0.727413
-0.10191 0.0082401 0.690088 1.18262
-0.0366397 -0.0356236 0.689315 0.00329925
0.512513 0.0325564 0.622457 40.84
0.0443073 0.245891 0.617283 0.0255472
0.487333 -0.00998044 0.638027 41.8624
0.545642 -0.0760738 0.593967 61.3916
0.31311 0.200928 0.641197 9.43161
0.142354 -0.144795 0.666569 1.70572
-0.366369 -0.194253 0.636363 19.8093
0.283441 -0.175697 0.654388 9.46958
-0.0017728 0.201771 0.642648 0.00134909
0.320099 -0.184261 0.648552 14.1226
0.461077 -0.381305 0.394156 32.4633
-0.328695 -0.236533 0.620333 16.6
-0.0580243 -0.193931 0.646015 0.0734859
0.278679 -0.34692 0.526343 8.72184
0.0206276 -0.130377 0.671186 0.318344
0.245715 0.0904488 0.681722 4.21354
0.303191 -0.0187541 0.689436 2.27495
0.482052 0.190682 0.59334 51.2543
0.302491 -0.0605402 0.686069 4.62693
0.513449 -0.0170304 0.62382 38.0531
-0.280475 -0.327751 0.548472 11.0562
0.283433 0.189574 0.648824 8.32229
-0.109695 0.0281505 0.689555 1.68482
0.36636 0.126603 0.662698 10.0315
0.437517 -0.15403 0.632448 28.0584
0.144862 -0.33087 0.545039 1.43785
-0.420377 0.0369736 0.665485 25.0483
-0.174222 0.11785 0.674397 4.53058
-0.126644 0.288838 0.585817 1.94061
0.0643321 0.0945652 0.680309 0.0695821
0.0670417 -0.217164 0.635049 0.611245
0.62971 -0.0908908 0.50571 84.7134
-0.0114412 0.237829 0.623035 0.231656
0.478734 -0.0485698 0.640423 29.7268
0.411893 -0.10465 0.657408 17.6056
-0.388601 0.20951 0.623296 20.5081
0.129907 -0.0486699 0.688269 0.942453
0.110248 0.156371 0.662145 0.668403
0.302712 -0.00101266 0.689738 2.67337
-0.121408 0.253246 0.611891 1.85134
0.183682 0.00117821 0.690168 1.15136
0.481489 -0.0299285 0.641096 29.0266
0.0504773 0.192619 0.647501 0.780574
0.15966 0.0974643 0.680079 1.43657
0.329431 0.136991 0.666212 7.43005
0.638269 0.0482194 0.505559 83.9143
0.389058 0.0543038 0.673366 22.0802
0.365437 -0.155072 0.65414 21.3847
0.382955 -0.175182 0.641519 25.3161
0.657165 -0.218779 0.344907 62.3083
0.469383 0.0262074 0.646602 41.5921
0.398516 -0.128007 0.654212 21.8725
-0.129842 -0.0171645 0.69026 1.55058
0.0243917 0.062421 0.685708 0.0367452
0.385288 -0.071064 0.672022 12.0232
0.453767 -0.133872 0.632029 41.3438
-0.348917 -0.0361755 0.68287 17.5773
0.2321 -0.0932857 0.680488 3.2611
0.35173 -0.170658 0.650552 16.8597
-0.218958 0.26036 0.607172 10.5871
0.62516 -0.0744706 0.516122 79.069
-0.40398 -0.0858248 0.664088 22.3317
0.0765491 0.141725 0.667827 0.644561
0.383728 0.0386474 0.676103 12.5025
0.506655 0.116675 0.609544 41.4243
-0.294349 0.289278 0.585358 10.8113
0.340274 -0.0367925 0.684529 7.33107
-0.0118666 -0.0942971 0.680755 0.0277812
0.218536 0.0661743 0.685613 2.82933
-0.00141867 -0.147251 0.665369 0.0585012
0.291232 -0.0110546 0.689874 2.85611
-0.0654272 0.00330089 0.690069 0.16633
0.0616873 -0.150217 0.664507 0.460807
-0.137579 0.350516 0.522878 1.38277
-0.443305 0.10189 0.646425 25.9515
-0.132908 0.329077 0.547101 2.41952
0.438157 0.0752355 0.653958 21.8516
0.149525 0.229847 0.627725 2.79155
0.334532 -0.258857 0.603896 13.3808
-0.0845532 -0.146184 0.66647 1.07914
-0.390191 0.191878 0.631653 22.2789
0.229886 -0.218078 0.634456 5.84767
0.591644 0.2648 0.425111 55.944
-0.0483923 -0.00747174 0.690254 0.795478
0.488605 -0.194375 0.58768 51.5697
-0.209993 -0.166255 0.658638 5.25842
0.129082 -0.164357 0.659863 2.45158
-0.295325 -0.209559 0.638006 10.1739
0.281372 0.417456 0.407213 11.7949
0.314056 0.0233569 0.688025 7.83101
0.577115 -0.127633 0.550511 57.638
0.166452 0.0906467 0.68116 2.83692
0.399503 0.0206842 0.673461 18.8969
0.423208 -0.0676382 0.66065 30.5347
0.492134 0.0228977 0.635813 46.9479
0.294533 0.0984943 0.679123 8.53777
0.0633409 -0.163129 0.659513 1.1048
0.0351445 -0.141385 0.668101 0.0160043
-0.293509 0.162459 0.659495 10.2364
-0.481123 0.13066 0.619536 26.6273
0.267763 0.176675 0.654404 5.20306
0.0695634 0.168072 0.658011 0.0861951
-0.365896 0.16523 0.650155 22.6895
-0.301862 -0.275359 0.594986 12.8018
0.302516 -0.0405786 0.687482 5.10784
0.460252 0.092426 0.641785 33.0521
0.224533 0.303858 0.573061 10.9304
0.397788 0.294405 0.558459 24.2378
0.234995 0.0553588 0.68713 1.77213
0.194997 -0.0855268 0.682513 2.19786
0.472894 -0.0964891 0.634225 31.7602
0.0120824 -0.00418678 0.690357 0.213302
-0.174658 0.150787 0.664311 6.09201
0.469229 -0.064486 0.642533 30.0731
-0.00594711 -0.381121 0.480177 0.289171
0.169418 0.225963 0.629899 3.16815
-0.0969179 0.189467 0.648297 0.569619
0.532158 0.239442 0.524028 58.0773
0.371721 -0.296176 0.566216 31.8562
0.194017 -0.315821 0.561011 5.49159
-0.226463 -0.205043 0.640903 11.2905
-0.0341982 0.0434499 0.688719 0.339324
0.296158 0.148571 0.665174 10.6251
0.235452 0.182605 0.652309 4.83187
-0.297416 -0.131019 0.670361 10.165
0.396134 0.212899 0.619138 32.1781
0.159746 0.146424 0.666098 2.47099
0.288083 0.103308 0.678007 4.17741
0.44872 -0.374586 0.423084 31.379
0.272743 -0.181367 0.652491 7.382
-0.132563 -0.0858825 0.682417 1.03404
-0.497633 0.00331949 0.632995 27.8825
0.0782497 -0.180468 0.65293 0.484653
0.164367 -0.039424 0.688349 2.24946
0.189627 0.124933 0.672315 4.65379
0.422123 -0.08945 0.656635 26.5847
0.0310354 0.148354 0.665855 0.0289374
0.507143 -0.161993 0.591601 45.1074
-0.163549 -0.0400971 0.68841 2.01833
0.411304 -0.0508053 0.666859 12.5939
-0.0405681 0.249827 0.615156 0.179978
-0.0502221 -0.0310513 0.689254 0.299731
-0.0152306 -0.0705448 0.685247 0.00275345
0.329577 0.111232 0.673422 7.89339
0.150649 0.173294 0.655751 2.31984
0.237937 0.151613 0.664146 3.45238
0.187544 -0.166053 0.658783 2.12683
0.607703 0.242634 0.42639 70.364
0.111905 0.112957 0.675669 1.11408
-0.0810452 0.236427 0.623622 2.7656
0.254698 -0.15803 0.6615 9.81847
-0.140189 0.266653 0.602406 2.40028
0.248661 0.259734 0.60832 10.3622
0.175946 -0.234823 0.624736 2.59531
0.284554 0.204403 0.641548 14.2612
-0.0629161 0.046157 0.688363 0.983031
0.397021 -0.258343 0.589179 25.9679
0.290901 0.294956 0.58 15.3873
0.114752 0.296168 0.578903 3.26122
0.344256 -0.10312 0.673327 12.214
0.19393 -0.0870565 0.682407 1.93276
0.0356852 0.0724795 0.685128 0.130637
-0.198407 0.167767 0.658206 9.8687
0.00933541 -0.0637291 0.68577 0.00543981
0.373795 -0.1126 0.665499 10.218
0.344548 0.148268 0.659863 15.5504
-0.119505 -0.0894883 0.681867 2.25882
-0.185284 -0.352341 0.520622 4.48835
0.221145 0.024342 0.689714 2.83803
0.18874 -0.123807 0.673122 4.64614
-0.0863636 0.0941199 0.680586 0.89151
0.426477 0.0723574 0.65901 15.9338
0.0616417 -0.0444903 0.688742 0.54642
0.0587512 -0.108905 0.676611 0.325253
0.500751 -0.152479 0.599835 40.9672
0.342305 0.0389648 0.684236 7.84801
-0.0746835 0.0258265 0.690063 0.862201
0.123133 -0.16664 0.65808 2.16703
0.167942 -0.218477 0.634382 3.04935
0.253049 -0.152154 0.664517 7.14801
0.385718 -0.256282 0.594856 20.3515
-0.00459241 -0.0338879 0.689544 0.000758904
0.19014 -0.0359607 0.688564 1.4666
-0.123873 0.301209 0.575386 3.40796
-0.378033 -0.298839 0.561874 16.4408
-0.0259121 -0.0783783 0.683855 0.0622251
0.17896 -0.191085 0.647778 2.74591
0.55733 -0.00851532 0.592979 59.0245
0.241543 -0.176726 0.653898 4.02609
0.497299 0.300744 0.493713 43.817
0.12763 -0.119691 0.674555 0.708308
0.368178 0.304969 0.558715 22.1517
0.365435 0.156766 0.653523 15.0478
0.0810116 -0.0226671 0.6895 0.301687
0.063852 0.286162 0.588234 1.758
0.24246 0.14785 0.665013 3.69718
0.365285 0.00516878 0.682222 9.07968
0.347574 -0.08699 0.67618 8.6508
0.160413 -0.145935 0.666675 4.68925
-0.258407 -0.0206974 0.690085 8.74895
0.219439 0.411923 0.42148 7.46282
-0.131166 -0.254146 0.612128 1.22122
0.347865 -0.0968933 0.674514 10.9077
0.0793191 -0.0121221 0.689917 0.835603
0.409593 -0.122014 0.652714 30.1649
0.15218 -0.242141 0.620209 4.72536
0.471346 0.0779707 0.63876 38.5422
-0.329971 0.0414299 0.685775 20.7277
0.356074 0.0448525 0.680978 9.80445
0.310823 0.339273 0.533513 20.5776
0.317471 0.0948939 0.678075 7.35903
0.334656 0.0438169 0.685176 3.91985
0.359069 -0.167134 0.650249 13.2641
0.224119 0.119517 0.674502 5.73107
-0.00898488 -0.0362725 0.688943 0.0546272
-0.0344842 -0.255543 0.611495 0.0923813
0.533788 0.292399 0.466924 61.7938
0.0282364 0.211588 0.638051 0.708167
-0.165931 0.157724 0.662195 7.01987
-0.0973151 -0.0579065 0.687118 1.92553
0.276791 0.349939 0.524207 14.1287
0.158164 -0.176255 0.654324 2.86283
-0.0168231 0.0347472 0.689528 0.0337784
0.672855 0.181675 0.357359 73.6797
0.470093 0.147878 0.619881 33.0841
0.0213539 -0.142821 0.66706 0.171861
0.3846 0.0651565 0.672865 18.5275
0.450059 0.241418 0.579038 34.2899
0.503565 0.0096694 0.62948 39.3749
-0.202249 -0.166281 0.658874 5.37589
0.261307 0.158175 0.661525 4.69708
0.211257 -0.0518335 0.687247 1.59636
0.546099 0.0553437 0.597409 49.3884
0.159437 0.0949737 0.679876 2.22627
0.479923 0.195747 0.592022 35.397
0.386734 -0.162152 0.646176 18.4926
0.622433 0.0474873 0.526475 76.735
0.171878 -0.0265679 0.690168 1.10554
0.123778 0.078942 0.683661 2.37449
0.143426 -0.17075 0.656691 1.08598
0.139342 0.220386 0.633348 2.08397
0.0404762 0.0859651 0.682404 0.0447257
0.257687 0.30829 0.568149 14.1271
0.28004 0.287555 0.587003 9.73996
0.512372 0.305868 0.471569 47.0697
0.091897 0.253827 0.612564 1.54334
0.00500807 -0.0627839 0.685838 6.41277e-05
0.460895 0.0274572 0.650289 20.9323
0.325484 -0.190462 0.645924 9.65293
0.473788 -0.139451 0.620511 35.8766
0.341471 0.245749 0.612568 21.8281
0.257311 -0.242856 0.618819 6.24953
0.505475 0.277141 0.51236 45.5756
-0.128087 0.147562 0.665894 1.77791
0.334248 -0.156804 0.657961 9.33834
-0.0450826 -0.337878 0.538029 0.327253
0.081113 0.0859791 0.68261 0.309456
0.014512 -0.151153 0.664215 0.229854
0.259761 0.164653 0.659082 9.07013
-0.206204 -0.145081 0.666897 6.00237
0.0604989 0.0753015 0.683992 0.753036
0.137016 0.093545 0.68118 0.75077
-0.0157438 0.301408 0.574533 0.410396
0.311 -0.0492192 0.686704 3.32237
0.35178 -0.129938 0.665013 17.2807
0.0651888 -0.218216 0.63445 1.15749
0.220124 0.0873119 0.681819 2.67764
0.22966 -0.214008 0.636393 8.64999
0.395058 -0.214675 0.617699 26.3906
-0.442489 0.0444618 0.656824 26.2524
0.301111 -0.265937 0.602403 16.585
-0.0328961 0.0250232 0.68931 0.223916
0.208437 0.0346169 0.689522 1.4463
0.12112 -0.0419405 0.688373 0.484741
0.346179 0.340103 0.527735 16.6908
0.374938 0.244953 0.605774 17.5781
0.0433711 -0.321814 0.555121 0.522908
0.390531 -0.12716 0.657535 14.2949
-0.155897 0.19867 0.644198 3.42412
0.329233 0.057186 0.684272 10.0708
-0.411319 0.199833 0.620883 20.4725
0.139668 -0.132654 0.670585 1.12729
0.21867 0.0732689 0.684174 2.65979
0.383055 -0.0575167 0.674682 9.46261
0.0981484 -0.00355581 0.690497 0.728564
0.224264 0.213039 0.636945 6.15255
0.0628981 0.00848914 0.690348 0.290089
-0.322402 0.0746801 0.681521 15.6418
0.295134 0.262852 0.604994 10.9118
0.282795 -0.11341 0.675881 7.62025
0.506473 -0.0692885 0.62128 43.776
0.515516 0.064239 0.61733 43.1519
0.0252049 -0.171491 0.656709 0.268657
0.624688 0.0295134 0.524734 73.3849
0.501357 0.365671 0.378192 37.3502
0.444777 -0.131766 0.637485 37.094
0.446814 -0.0837106 0.649423 25.9469
0.0235414 0.251683 0.613298 0.0848796
0.0518993 -0.304332 0.571381 0.759451
-0.193563 0.204629 0.640963 9.56027
0.192547 -0.0908566 0.681115 1.76251
0.263964 -0.0347487 0.688721 4.82391
0.145145 0.221502 0.632123 1.75644
0.0236098 -0.0823103 0.682899 0.604434
0.417371 0.170898 0.632211 20.2766
0.0846552 -0.242452 0.620015 1.38946
0.547695 0.215661 0.529189 61.6545
0.0402992 -0.00375868 0.690055 0.383254
0.338268 0.190314 0.643511 17.883
0.278027 -0.238073 0.622364 8.22512
-0.172565 0.161297 0.660505 3.09
0.0358342 0.123762 0.673315 0.321637
0.236545 0.23009 0.627019 4.82365
0.412454 0.0521171 0.666362 19.838
0.233505 0.150005 0.664661 8.1414
0.105073 0.135759 0.669377 0.473286
0.178787 -0.282576 0.590091 7.18427
0.371779 -0.258991 0.596723 21.3801
0.307319 0.411897 0.419943 13.4888
0.615757 -0.0873567 0.523533 74.3589
0.614751 0.267186 0.371389 63.6739
0.277193 0.129945 0.670973 8.25207
0.40239 0.167387 0.639418 22.9697
0.591019 0.146027 0.527985 70.1857
-0.104011 -0.0137196 0.690503 1.21437
0.331759 0.19354 0.64331 12.7213
-0.0601312 0.184963 0.651221 0.253188
0.346591 -0.13704 0.663187 13.4433
0.339251 -0.0119265 0.686526 6.36351
0.328951 0.405155 0.429906 17.276
0.428059 -0.222752 0.60134 25.6566
0.477932 0.119421 0.625 36.2833
0.101306 -0.35626 0.514763 0.371305
0.425284 0.128616 0.645835 28.911
0.103617 0.115018 0.675343 1.76144
0.248075 0.183527 0.65157 4.64092
0.383859 -0.0385812 0.67568 13.2548
0.0103172 0.121161 0.673497 0.480008
0.270363 0.178423 0.653347 8.0002
0.443545 -0.05567 0.655396 25.1833
0.395314 0.128979 0.65537 14.1276
0.139188 -0.344478 0.530063 1.59904
0.0237904 0.26454 0.605132 0.341571
-0.228598 -0.151106 0.664162 6.08072
-0.106174 0.241748 0.620593 3.59485
-0.217533 -0.235293 0.62461 8.54968
0.428977 0.259683 0.575566 31.0751
0.0541373 -0.0389699 0.688465 0.403926
0.356824 -0.10424 0.671208 15.4332
0.365196 -0.0333807 0.680234 10.9346
-0.0316341 -0.165934 0.658628 0.0104905
0.619369 -0.0915112 0.518276 79.0374
0.446403 -0.168152 0.621884 31.366
0.309209 -0.123867 0.672238 6.02106
0.350449 0.324475 0.544401 23.274
0.450149 0.0917578 0.645771 31.6065
0.0241573 -0.12536 0.672691 0.0187162
0.341401 0.127558 0.66778 11.9421
-0.125054 -0.143051 0.667659 2.06673
0.428692 -0.0556592 0.661007 31.038
0.224781 -0.0515171 0.687572 2.81276
0.0965991 -0.316743 0.559951 3.14599
0.440196 -0.0212499 0.65936 16.9562
0.327269 -0.105789 0.674816 8.58768
0.447491 -0.3121 0.516369 37.353
-0.0479658 -0.327745 0.54845 0.0170585
-0.056579 0.145045 0.666051 0.333166
0.107458 -0.172633 0.656348 2.08662
-0.314703 0.0247836 0.688761 18.071
0.149629 0.134491 0.669712 3.69237
-0.0311918 0.0113913 0.690077 0.195044
0.240366 0.00112977 0.690869 1.95471
0.323463 0.356395 0.511003 22.1867
0.48532 0.063915 0.634478 37.2125
0.285788 -0.196584 0.645021 7.0294
0.0916629 -0.346084 0.528349 1.67877
0.143831 0.180228 0.6532 2.03633
0.430173 -0.245934 0.584837 30.9145
0.165218 -0.0541775 0.687468 2.91599
-0.111684 -0.319998 0.556298 1.38146
0.206843 -0.244912 0.618098 4.73903
0.414697 -0.193779 0.623068 34.2104
0.523659 0.0686704 0.611368 47.6854
0.0110881 0.108414 0.677455 0.0344995
0.128746 0.331643 0.545229 4.16758
0.239874 0.136619 0.669652 4.27254
0.320877 -0.333022 0.539661 14.7567
0.459313 0.162496 0.618299 36.2523
0.390294 -0.12773 0.657225 17.7898
-0.456641 0.0403592 0.651614 28.1866
0.282771 0.0581983 0.68648 2.56413
-0.197877 0.0132392 0.690642 4.78907
-0.0738152 -0.00490661 0.690787 0.211933
0.574174 0.042228 0.575814 57.8353
0.135801 -0.28134 0.592262 2.92361
0.179946 0.375896 0.48759 5.63362
-0.170049 -0.0396319 0.689212 4.71037
0.317286 0.0343725 0.687104 4.44031
-0.31321 -0.18945 0.647095 12.6507
0.25339 -0.0270707 0.689992 3.29611
0.171182 -0.147915 0.664982 1.936
0.334261 0.227728 0.624384 20.1592
0.0506839 0.0780456 0.684017 0.160561
0.547963 -0.141584 0.571186 66.3149
0.46426 -0.0188613 0.649223 25.4999
0.281451 0.0533365 0.687278 3.27734
-0.223983 0.146378 0.666125 8.65115
-0.193248 -0.354463 0.517657 3.79786
0.464711 -0.0259387 0.649406 26.8643
0.304495 0.0845864 0.681315 7.99855
0.216537 -0.143215 0.667159 5.09472
0.118574 0.18357 0.651147 1.61821
0.285804 -0.123907 0.673323 10.8183
0.635952 0.135604 0.477279 75.7056
0.307472 0.181998 0.651304 11.997
0.052546 -0.0507611 0.68779 0.954586
0.030807 -0.161169 0.660911 0.0275983
-0.0147491 -0.397868 0.451805 0.00891131
0.317128 -0.0973985 0.677652 6.27253
-0.188381 -0.140505 0.668317 3.20531
0.492391 -0.254125 0.542917 54.467
0.294794 0.184946 0.649928 11.5435
0.412152 0.0959442 0.658938 28.0751
0.463424 -0.211127 0.59123 47.1197
0.537522 -0.338243 0.385303 49.0863
0.0564006 -0.124881 0.672432 0.723861
0.548799 -0.0682751 0.592842 59.9371
0.404323 0.0523894 0.66919 17.6021
0.394037 0.396178 0.4193 21.9197
0.378501 0.109629 0.665083 13.8065
0.49439 0.121667 0.615615 44.0019
0.300934 -0.0623096 0.685944 3.25793
0.0195792 -0.238866 0.621397 0.0360336
0.0222608 -0.0429606 0.688442 0.121062
0.46887 0.281714 0.535168 40.1273
0.0789737 -0.155169 0.6634 0.338315
0.118812 -0.131768 0.670298 0.724607
0.177556 -0.345826 0.528103 3.41324
0.0945919 0.0661932 0.685879 0.625162
0.319124 -0.0157098 0.687955 9.26001
0.436821 0.0995334 0.649918 26.4627
0.299212 -0.119493 0.673954 10.3006
0.199818 0.130886 0.670865 2.52321
0.248341 -0.353578 0.519157 12.6511
0.0187167 0.0993117 0.679888 0.0492933
-0.37847 -0.265676 0.589052 16.7542
0.00702973 0.0343455 0.689541 0.00518335
0.545262 0.281856 0.466392 64.0594
0.0211515 -0.121728 0.674011 0.132248
0.1911 0.135586 0.669491 3.88779
0.304699 0.332811 0.542364 13.5691
-0.195856 -0.0479586 0.688297 5.85945
-0.0255985 -0.0615958 0.685892 0.042477
0.564931 -0.140443 0.557031 55.204
0.0849944 -0.10086 0.678948 0.709403
-0.0307125 0.342543 0.531648 0.0382591
-0.189088 0.0970765 0.680031 3.59916
0.294332 0.201334 0.643128 7.8306
0.118904 0.00487487 0.690609 1.81278
0.141767 0.142488 0.667398 1.83844
0.651174 -0.0210919 0.490114 82.6262
-0.18363 -0.26089 0.606858 3.6752
0.484063 0.037219 0.638194 38.8899
-0.0270825 0.0266967 0.68945 0.140596
-0.329515 -0.0894588 0.678 16.9785
0.620377 0.232586 0.416713 74.1931
-0.256748 -0.39153 0.462721 6.0254
0.61149 0.144523 0.505984 75.3234
0.498455 0.362923 0.390013 40.2388
0.254091 -0.172948 0.656243 6.97878
0.318351 -0.150419 0.662439 12.9375
-0.346057 0.255112 0.604358 13.9669
0.101688 -0.21335 0.636147 1.92371
0.166025 -0.272503 0.598985 3.99485
0.225809 0.0388644 0.689261 3.9909
0.203113 0.192756 0.646573 5.71518
-0.371006 -0.0759834 0.673684 25.4633
0.147727 -0.206224 0.640898 3.73354
0.475697 0.0750339 0.63748 33.8237
0.433039 -0.121604 0.645303 20.1341
0.154445 0.0284402 0.689978 2.54853
0.403078 -0.141223 0.64893 17.7741
0.20232 -0.137232 0.669092 2.43024
0.569467 0.12447 0.559993 71.5937
0.495291 0.278676 0.518916 44.7919
0.153467 0.114275 0.675859 3.87349
0.323208 -0.223516 0.628035 14.6357
0.0224851 -0.319728 0.557442 0.473308
0.400872 0.358136 0.483756 30.016
-0.352851 0.208299 0.632688 16.6644
0.56918 0.0238119 0.582194 58.492
0.270988 0.125158 0.673243 8.24703
-0.154918 0.281821 0.591305 4.29032
0.50133 -0.308052 0.480725 43.4147
0.142089 -0.150509 0.66484 3.53095
0.458657 0.309445 0.512788 46.076
0.179354 -0.0390815 0.68838 1.46221
0.377054 -0.261347 0.593052 20.0809
-0.0181345 -0.0222619 0.689781 0.00700541
0.212142 0.0705063 0.685375 3.43615
0.494177 -0.194909 0.58318 44.148
-0.0378118 -0.149969 0.664938 0.0324831
0.522672 -0.077242 0.610421 52.0359
0.348466 0.218262 0.627305 15.7555
0.230196 0.341572 0.533537 6.68771
0.242403 -0.132696 0.670032 3.77
0.482071 -0.247946 0.555611 44.8837
0.0973031 0.160545 0.660849 1.34121
0.470094 -0.139089 0.622235 29.1163
0.573874 -0.231578 0.488148 59.747
0.195826 0.032225 0.68957 1.73299
0.146681 0.0680146 0.685276 0.878215
0.473037 0.128809 0.624258 37.1547
0.446602 -0.115751 0.64121 29.9456
0.324077 -0.0615698 0.683366 6.95405
0.210381 -0.270586 0.600163 10.1534
0.336668 -0.0768795 0.679936 9.47765
0.37792 0.25006 0.600594 23.0289
0.395264 0.281238 0.572074 26.6356
0.524899 -0.0398561 0.614455 48.0751
-0.283247 -0.268883 0.601811 11.9078
-0.00957514 0.19717 0.644706 0.282269
0.555462 0.102622 0.579371 68.5663
0.472791 0.23757 0.569713 34.3033
0.327962 0.0661507 0.683075 10.0023
0.576782 -0.0326537 0.575062 63.9117
0.52739 -0.0963752 0.60182 58.2568
0.165413 -0.263497 0.604877 5.41652
0.0681216 -0.224729 0.630082 1.63921
0.0899374 0.130831 0.671181 0.615455
0.214694 -0.159657 0.661013 6.18
0.46506 0.189348 0.602966 32.2728
0.337522 0.107391 0.673278 13.5561
0.572678 -0.233429 0.488019 62.4937
-0.0246047 0.120132 0.673664 0.00116221
0.543385 0.280208 0.470772 60.4272
0.257735 -0.0327827 0.68955 1.75007
0.387151 0.123767 0.659019 17.7758
0.116912 0.0899142 0.681038 0.83948
0.247086 -0.116564 0.675286 4.36507
0.0786009 -0.00305179 0.690776 0.582937
0.41563 0.179546 0.629173 25.6063
-0.35179 -0.0746038 0.677858 16.2577
0.243356 -0.142221 0.667216 3.80007
0.224354 -0.229859 0.627444 5.5974
0.507716 -0.18442 0.57997 49.118
0.13741 0.15844 0.662072 1.01141
0.49005 -0.10404 0.623151 36.9757
0.368049 -0.238034 0.611501 17.041
0.321053 -0.161586 0.658215 11.3996
-0.0259446 0.0703717 0.684675 7.86593e-06
-0.0355238 0.0890732 0.68198 0.563869
0.0788361 -0.192986 0.647221 0.927313
0.366302 0.0604424 0.677833 9.22119
0.513919 -0.282284 0.499547 51.0534
0.376332 -0.126137 0.660748 22.1518
0.226334 -0.26087 0.607415 4.85528
-0.372804 -0.0735412 0.674137 23.4926
0.454328 0.165535 0.620215 33.7227
0.441688 0.0440668 0.65738 21.0317
0.0277839 0.18441 0.650643 0.158849
0.380064 0.0698764 0.673561 12.9403
0.180377 -0.13008 0.671443 1.75683
-0.109912 0.247071 0.616435 2.03737
0.299606 -0.415649 0.41157 12.3715
-0.243192 0.0193478 0.690053 10.0363
0.0706107 0.348434 0.525093 0.519987
0.67791 0.104538 0.417283 87.3087
-0.0367537 -0.0505794 0.68777 0.00359954
0.544856 0.0437307 0.599918 54.4229
0.328645 0.115056 0.672382 10.8949
0.386967 -0.295685 0.561541 22.1747
0.490549 -0.319086 0.476166 52.1588
0.286584 -0.0965229 0.679628 5.69876
-0.192413 -0.178889 0.653382 3.43669
0.553477 0.0490566 0.593075 70.1921
0.616313 0.0868864 0.523622 74.2611
0.147027 0.162245 0.660355 1.49164
0.476541 -0.0107157 0.643847 33.4448
0.495221 0.182369 0.589736 38.4643
0.455925 0.184531 0.610209 34.1529
0.0626308 0.00243713 0.690006 0.0298594
0.202554 -0.0301828 0.689284 1.61885
0.414001 0.0300414 0.667873 12.397
0.465456 -0.131211 0.627498 33.3917
-0.101413 0.174295 0.655007 0.777491
0.11429 -0.064998 0.686001 0.855936
-0.127456 0.25589 0.610234 4.49789
0.14578 0.0608246 0.686375 1.26003
0.0208958 -0.348869 0.524241 0.0660329
0.0770557 0.377096 0.485331 0.707617
0.361214 -0.152872 0.655814 22.974
0.2581 -0.0650222 0.686261 2.57557
-0.304861 -0.0543044 0.68639 17.3491
0.3486 0.14104 0.661733 16.6797
0.164008 -0.114803 0.675638 1.26669
0.155259 -0.176359 0.654556 4.67255
0.0915297 -0.145291 0.666039 1.06516
0.268075 -0.183371 0.651207 11.1417
0.242327 0.380439 0.481593 8.42345
-0.321404 0.279921 0.589772 14.8832
0.290945 -0.104521 0.67759 7.05736
0.14848 -0.0604851 0.686635 1.21531
0.305752 0.196605 0.643777 12.3623
0.547892 0.138696 0.57243 60.5417
-0.318322 0.233062 0.623107 13.5914
0.392718 -0.0950191 0.665543 11.1473
0.154526 0.0481605 0.687966 2.04044
0.667833 0.0624971 0.456114 93.5442
0.619799 -0.0208114 0.531512 89.2581
0.407733 0.138286 0.648031 29.605
-0.419081 0.0265349 0.666753 24.4305
0.310363 0.0835362 0.68187 4.24834
0.415025 -0.0238203 0.668229 16.9828
-0.308751 -0.126547 0.671081 19.0252
-0.172671 -0.278485 0.59342 3.84473
0.522153 0.0157539 0.617436 42.0249
0.221714 -0.370635 0.495584 11.8447
0.196628 -0.194722 0.646392 6.45195
0.315942 0.129674 0.670111 9.87647
0.205705 -0.123425 0.673396 3.59611
-0.0751351 0.203258 0.641729 1.69736
0.156966 0.0855324 0.682297 1.35951
0.467456 0.00349249 0.648404 30.3475
-0.00132373 0.0689714 0.685053 4.27128e-06
0.307742 -0.143975 0.666003 7.57526
0.411329 -0.0334097 0.669001 10.7543
-0.361466 -0.0954167 0.672149 18.4954
0.229113 0.390224 0.464309 8.81617
0.00778685 0.327467 0.548791 0.482394
0.611564 0.169618 0.489467 83.2016
0.215852 -0.136791 0.669467 6.14242
0.210481 -0.0691429 0.685207 1.66573
-0.478271 0.145928 0.615428 24.7045
0.00177852 -0.171404 0.657096 0.00213539
0.0697713 0.0970865 0.679676 0.15753
0.207054 0.00494819 0.690452 3.04675
0.61747 0.133334 0.504367 74.6744
-0.121718 0.0194074 0.690464 1.31025
0.476645 -0.181898 0.600615 41.3567
-0.219464 0.14312 0.666644 6.23501
-0.0190091 0.0865815 0.682071 0.0574755
-0.15438 -0.214479 0.63606 1.82457
0.350228 0.194594 0.640099 15.6203
0.0195072 0.130998 0.670814 0.0110035
0.442736 -0.190046 0.613867 34.2441
-0.0873488 -0.0352752 0.689464 0.675597
0.0690622 0.0518649 0.687746 0.242716
0.302496 0.0442001 0.688087 6.37405
0.0924602 -0.0786659 0.683366 1.16372
0.0492758 0.289187 0.585585 1.09281
-0.0110383 -0.259041 0.608104 1.8618e-06
0.0553156 0.375918 0.487779 1.70574
-0.0768701 0.10295 0.678458 1.42061
-0.297165 0.130342 0.670699 11.4148
-0.06967 0.0721786 0.685079 0.329113
0.253871 0.356643 0.514828 12.3487
0.0289935 0.0926056 0.680898 0.000598186
0.452134 -0.137643 0.631599 41.9557
0.13434 -0.160659 0.660961 1.79234
0.524984 -0.0321604 0.614591 48.241
0.527879 -0.0770994 0.606393 41.601
-0.0735826 -0.0183737 0.689785 1.23663
0.253928 0.286406 0.587749 6.90433
0.376166 0.289481 0.571289 27.6025
0.624144 0.0992199 0.510374 85.4323
-0.344704 -0.107149 0.672216 15.1166
-0.0391529 0.169483 0.657728 0.200595
-0.24104 0.0606378 0.686417 7.78554
0.296139 -0.0382258 0.688289 3.76936
-0.147221 -0.12636 0.672441 5.61923
0.0956308 -0.207375 0.6402 2.20923
0.40013 0.099631 0.66229 19.9555
0.297797 -0.0557646 0.686629 3.73338
0.359174 -0.0100942 0.683388 10.1892
-0.252331 0.0411622 0.688699 8.43934
0.0587936 -0.0397418 0.688418 0.270762
0.253386 -0.165874 0.65913 8.25795
0.370401 0.149906 0.654599 19.6759
0.637374 -0.160493 0.458965 80.7371
0.297126 0.082308 0.682465 5.68866
0.186912 0.282966 0.590059 5.65055
0.278424 0.221663 0.632233 8.82604
0.433421 0.0639425 0.658004 21.4769
0.627224 0.0676974 0.515739 81.25
0.392115 0.128742 0.656232 12.8522
0.282871 -0.203894 0.641343 6.94313
-0.0820014 0.0809921 0.683572 2.67727
0.487014 -0.191542 0.589795 42.2234
0.165654 -0.32319 0.553634 6.08252
0.229944 0.277017 0.595283 5.00742
0.248763 0.279382 0.59348 8.83061
0.558675 -0.101596 0.577457 64.9701
0.152197 0.18523 0.650613 1.49568
-0.0470289 -0.0662358 0.685985 0.0418582
0.213275 0.0854574 0.682471 3.98785
0.385254 -0.10211 0.6655 17.7934
0.431088 -0.0322157 0.66195 30.4981
0.491237 0.0495317 0.633209 32.4043
0.624525 0.224117 0.419383 65.65
0.277808 0.231779 0.626184 8.28366
0.0408339 -0.101719 0.67856 0.183906
-0.0866497 -0.305445 0.571498 0.391231
0.372861 0.213263 0.625119 16.529
-0.267985 -0.0682208 0.685628 8.68567
0.3875 0.0232169 0.676047 14.784
-0.069061 0.050005 0.687235 0.0516697
-0.127736 -0.226247 0.629181 4.763
0.544673 -0.216278 0.530583 63.1853
0.535475 0.212766 0.541201 54.821
0.141364 -0.150835 0.663957 3.02781
-0.0882891 0.345989 0.528939 1.44371
-0.18575 -0.0614878 0.686577 3.38894
0.496956 0.180564 0.589806 48.1471
0.084344 0.20983 0.638504 1.16989
0.0691042 -0.0316728 0.689191 0.26226
-0.244925 0.0845989 0.681974 8.06861
0.474539 0.355872 0.434142 38.0583
-0.0254315 0.0145584 0.690711 0.129733
0.23975 0.305723 0.5705 6.988
0.571683 0.12976 0.555922 68.1972
0.386518 -0.37021 0.472566 22.1787
0.314259 0.0340051 0.68733 2.58624
0.0445271 0.25184 0.613295 0.134388
-0.0575266 0.304676 0.572344 0.861278
0.320245 -0.311573 0.563005 18.2712
0.344476 0.0951093 0.675681 13.1728
0.335821 -0.158509 0.65732 12.6956
0.436418 -0.254458 0.575597 43.5452
0.0588926 -0.15886 0.661588 0.630151
-0.188887 -0.20172 0.643267 3.59418
0.310018 -0.262514 0.605041 16.4382
-0.00334637 0.125389 0.672424 0.00334822
-0.0437158 0.101958 0.678575 0.231853
0.436011 -0.19013 0.615921 39.6762
0.142729 0.0933076 0.681086 1.2094
-0.493293 0.0117712 0.635239 27.9191
-0.0807615 -0.0170369 0.69012 0.914439
0.0177927 0.275202 0.596132 0.270639
-0.326644 0.0225151 0.687149 13.6075
-0.504025 -0.0814895 0.621139 26.3021
0.423752 0.225917 0.601417 30.4913
0.378387 0.0313941 0.677555 11.6465
-0.150242 -0.0747883 0.684161 3.19834
0.453745 -0.122536 0.635969 29.781
-0.0327318 -0.058891 0.686912 0.0480179
0.185302 0.163749 0.659215 2.46625
0.211203 -0.164087 0.659514 5.36449
-0.221848 -0.0833037 0.682938 6.46245
-0.118797 -0.0892303 0.681183 1.25064
0.218591 -0.0462693 0.687692 2.15226
0.0214951 -0.0641946 0.686087 0.115081
-0.122037 0.335579 0.54032 1.54147
-0.00205723 -0.0359703 0.689439 0.0347692
0.51307 -0.148118 0.594756 44.9985
0.427827 0.10712 0.651274 24.6609
-0.208785 0.145433 0.666269 6.11525
-0.210268 0.0887289 0.681549 7.12916
0.304582 -0.16471 0.65882 14.885
0.0521634 0.0948898 0.680882 0.740344
-0.314927 0.0401954 0.687146 12.4142
0.0844748 -0.0669945 0.685885 0.208647
0.354213 0.0475648 0.680939 12.4924
0.0828236 0.393476 0.458273 0.756476
-0.298863 -0.194045 0.646385 11.502
-0.34744 -0.169834 0.651752 16.6074
0.0172419 0.193513 0.647215 0.0983656
0.114916 -0.0489564 0.687955 1.59387
0.338747 -0.108577 0.673341 12.6997
-0.010359 -0.357145 0.514366 0.19347
0.0965532 0.142052 0.667142 0.396369
-0.0799431 0.374356 0.490333 0.108315
0.0548527 -0.208351 0.639889 0.345511
-0.0151401 -0.108733 0.677149 0.583266
0.0966303 0.292803 0.581989 1.23065
0.615346 -0.171242 0.483716 77.0347
-0.351339 -0.216254 0.628063 15.5883
-0.159581 0.112656 0.675887 3.78385
0.186351 0.0454862 0.688555 1.47753
-0.0269351 0.249755 0.615001 0.0144974
0.534692 -0.159701 0.572843 65.3966
0.263089 -0.340017 0.534611 9.83442
-0.0568978 -0.25733 0.609683 0.0138107
0.411052 -0.402215 0.391116 30.5368
0.408636 0.2737 0.573199 31.3424
0.413492 -0.080707 0.661496 17.0156
0.10086 -0.170719 0.656717 1.08469
-0.396955 0.0554695 0.671017 25.9163
0.0288051 -0.430325 0.372923 0.00106452
-0.335097 0.0269889 0.686386 15.9388
0.187528 0.00534448 0.690292 2.03841
0.438718 0.0671314 0.655388 22.7909
-0.0868144 -0.014799 0.689837 1.13674
-0.197883 -0.26882 0.601743 4.21604
-0.0588135 0.308657 0.568593 1.67751
-0.235168 -0.0298371 0.689876 5.55164
0.649863 0.0453937 0.489486 91.1888
0.364528 0.16596 0.649507 18.285
0.226479 -0.109125 0.677116 2.82546
0.417179 0.00951985 0.667842 24.7469
-0.0747159 0.0693755 0.684718 0.564085
-0.0347783 -0.0362642 0.689176 0.0482963
0.417318 0.0100801 0.667709 27.5779
0.242407 -0.186139 0.649867 6.43763
0.602718 -0.22588 0.455174 64.9473
0.0759611 0.162771 0.660516 0.833359
-0.416046 -0.14633 0.643329 26.3751
0.517526 0.0975689 0.608 49.1066
0.532091 0.00982146 0.611715 62.9959
-0.136243 0.215079 0.635963 1.39433
0.263146 0.0905917 0.681229 6.36869
0.472012 -0.205715 0.590722 34.5031
0.571897 0.0749721 0.572129 65.6079
0.282977 0.0752368 0.683633 3.36473
0.606138 0.201339 0.472665 72.3256
0.0245263 0.166075 0.658942 0.169364
-0.297465 0.0835128 0.682533 18.5602
0.240989 0.0950199 0.680161 5.76134
-0.0831299 0.0794562 0.682965 0.958834
0.17126 -0.106842 0.677677 1.64886
0.299314 -0.367937 0.497933 16.2501
0.344811 0.0217517 0.685018 7.56328
0.509941 0.0796559 0.617709 34.04
0.4701 0.0341517 0.645444 26.0972
0.313495 -0.297589 0.575845 16.6183
-0.14485 0.0402547 0.688395 2.93492
0.375911 -0.216652 0.621891 29.1509
0.164714 -0.125382 0.672616 4.35071
0.230508 0.371176 0.495483 10.0307
0.397269 0.213599 0.618282 32.7337
0.261728 -0.171288 0.656732 6.16015
-0.0974545 -0.0216354 0.690343 2.96716
0.593497 0.226385 0.467759 69.2843
0.310087 0.147549 0.664172 7.91701
0.372568 0.210556 0.626437 25.4013
0.205454 0.321041 0.555146 5.88811
0.418434 0.0838091 0.659677 25.1198
0.0743374 -0.0364228 0.689134 0.542107
0.388128 -0.0277882 0.676083 11.1704
0.337304 0.145532 0.661793 9.70546
0.408079 0.351102 0.48927 32.0425
0.0963757 -0.125181 0.672534 0.76034
0.212075 -0.418437 0.405018 6.12929
0.445842 0.0540883 0.653885 30.7491
0.580236 0.0312888 0.571577 61.4768
0.39284 -0.314892 0.540504 27.0552
0.383948 -0.256111 0.595518 20.726
0.321176 -0.165119 0.656725 11.9344
0.330411 0.221116 0.628315 18.4363
0.430691 0.331544 0.50381 35.245
0.418601 0.0685441 0.662678 18.1566
0.172877 -0.0333101 0.689098 1.70811
0.107263 0.355062 0.517087 2.89306
0.473026 -0.0664217 0.639865 38.6948
-0.285298 0.329406 0.546448 8.0511
-0.135195 -0.117538 0.675028 2.40518
-0.220147 0.304037 0.572216 6.93865
-0.306832 0.295486 0.578669 11.2874
0.655852 0.0210236 0.484286 88.2655
0.4107 -0.124816 0.652368 18.0833
0.476134 0.178101 0.602868 37.1926
0.31449 -0.0590724 0.685526 7.97766
-0.121662 0.117467 0.67489 1.10551
-0.0896002 0.0103561 0.690873 0.19451
0.417954 0.104053 0.655537 25.0104
0.321485 0.111611 0.674704 12.033
0.514783 0.238409 0.539689 49.7019
0.104819 0.11425 0.67562 1.44772
0.561029 -0.244858 0.489439 63.6746
-0.159472 0.0540032 0.687406 3.29951
0.550721 0.177854 0.551261 60.6305
0.179379 -0.255937 0.610939 3.14584
0.056359 -0.12205 0.673452 0.317222
0.402681 -0.229027 0.607564 23.0593
-0.0509051 0.356469 0.514441 0.46558
-0.0566217 0.102205 0.678481 1.15571
-0.387248 -0.215956 0.61984 22.3298
0.632103 0.0239691 0.516805 86.0221
0.400889 0.0135763 0.67292 15.5022
0.426361 -0.363157 0.460131 36.2166
0.0468439 0.189372 0.648849 0.0250244
0.114896 0.201181 0.643535 1.58041
0.498106 -0.0476469 0.630311 36.4586
0.0469835 -0.183159 0.651535 0.275667
0.182921 0.319588 0.557901 7.4636
0.189721 -0.0849034 0.682819 2.42747
0.29613 -0.223195 0.631236 10.4081
0.124425 -0.122415 0.673895 2.93059
0.444177 -0.148099 0.631163 31.0847
-0.0293292 0.120246 0.673621 0.211926
0.171239 -0.000365023 0.690196 1.30263
-0.0534279 0.223573 0.630955 0.215814
0.0373134 -0.150387 0.66494 0.244512
0.504135 0.0236648 0.628778 40.4092
0.226203 0.12283 0.673164 3.75099
0.339129 0.263751 0.599909 17.2981
0.150885 -0.184861 0.651084 2.30658
0.283919 -0.149501 0.665053 5.541
0.573445 0.0287984 0.577741 62.6077
0.404184 0.244531 0.596078 29.2311
0.0909476 0.182365 0.652016 1.70594
0.240261 0.222755 0.630955 7.0077
0.499789 0.2051 0.573722 46.5818
0.331262 -0.109809 0.673233 6.51718
0.129134 -0.0590935 0.686352 0.879393
0.367248 0.324807 0.539045 24.1197
0.531573 0.274422 0.49036 50.4526
0.65819 0.0370128 0.477886 83.0393
0.359387 0.108715 0.669401 14.2925
0.410762 0.153495 0.641507 23.3678
0.512658 0.153192 0.592481 47.1412
-0.0910956 0.0475014 0.688133 1.02806
0.132658 -0.310892 0.565916 4.86239
0.435613 0.0439608 0.659025 27.4205
0.544266 -0.169097 0.560869 62.3548
-0.01558 0.0753496 0.684144 0.03159
0.0551265 -0.410516 0.425302 0.505178
0.410158 0.0767357 0.663208 15.4398
0.500711 0.0431873 0.629295 31.6731
0.0243165 0.162327 0.660564 0.0771332
0.0517567 -0.13809 0.668824 0.0952779
-0.126719 0.110186 0.676448 2.22764
0.0222935 0.291194 0.583518 0.66199
0.3999 -0.0330382 0.672359 18.0051
0.609578 -0.0575387 0.538339 74.9832
-0.19568 0.109792 0.677264 4.75724
0.347194 -0.0492198 0.68189 13.465
0.53746 0.116297 0.588461 47.7945
0.523777 0.00550311 0.616619 54.4871
0.0850558 0.0646216 0.68622 1.40815
0.53414 0.133049 0.585498 57.8458
0.514966 -0.0511958 0.619592 43.5191
0.293033 0.257476 0.609717 8.94968
0.278536 -0.208386 0.638877 6.38827
0.0620632 -0.275048 0.596937 1.58196
0.297538 0.361342 0.507275 17.8776
-0.0309659 -0.0979847 0.679627 0.727837
-0.0697618 0.0987181 0.679256 0.350719
-0.143677 -0.0139799 0.690088 1.75761
0.0794157 -0.124623 0.67306 0.612743
0.405486 -0.0738032 0.665818 14.5627
0.319485 -0.114262 0.674117 11.2718
0.124036 0.0852183 0.681977 0.667801
0.166988 0.0358412 0.689455 2.1454
0.118507 -0.00648538 0.690565 1.19185
0.0862755 0.0747066 0.684649 0.551743
0.184354 -0.143837 0.666443 3.43844
0.121136 -0.0152155 0.690679 0.664371
0.073019 -0.110364 0.677259 1.00251
0.290586 -0.17994 0.652567 10.1194
0.337674 -0.00477347 0.68675 6.03425
0.0878461 0.0817473 0.68288 1.64854
0.422838 -0.250228 0.585268 31.8427
-0.320282 0.350894 0.51824 10.2493
0.31386 0.144488 0.665129 7.72047
0.336403 -0.301692 0.569021 15.3775
-0.358222 -0.0965015 0.672413 17.122
0.0171514 -0.257301 0.609635 0.684419
0.333202 0.126444 0.669286 9.1971
0.114487 -0.222073 0.632199 1.74486
0.118017 -0.0248992 0.689631 0.594155
0.364772 -0.17104 0.647645 21.7909
0.52614 -0.0738929 0.608469 60.7896
0.0111927 -0.209399 0.639046 0.0954528
0.277023 0.29616 0.579465 7.96348
0.160793 0.00163457 0.6904 1.29018
0.422903 0.0452799 0.663467 27.3345
0.418901 -0.347579 0.489234 33.3998
0.231783 -0.333054 0.543487 8.43141
0.159834 0.20844 0.639188 4.59134
-0.131971 0.259768 0.608031 5.2542
0.506824 -0.0111344 0.628024 38.5617
0.327247 0.153993 0.660768 10.3573
0.544371 0.190112 0.549346 67.6004
0.557239 0.302363 0.422295 60.7942
-0.345444 0.215532 0.630122 18.9449
0.484932 0.174511 0.599351 44.2416
0.120947 -0.0563802 0.687244 1.03932
-0.00280409 -0.23485 0.624322 0.128956
0.468781 -0.192761 0.599579 46.4646
0.413225 0.093878 0.658843 25.2288
0.302514 -0.0848853 0.681896 4.14477
0.425549 -0.24948 0.58449 33.0251
-0.380179 -0.220133 0.618927 21.7111
0.00685078 0.241816 0.620554 0.105268
0.18403 -0.112708 0.675651 2.77119
0.373923 -0.108017 0.666973 15.1533
0.215985 0.151627 0.663746 5.09
-0.183767 0.11337 0.676129 5.5665
0.524893 0.1881 0.565637 49.9803
0.23955 -0.214173 0.636737 6.30119
0.437164 0.34853 0.475303 37.0232
-0.392437 0.0603554 0.671167 24.0364
0.327561 0.128869 0.668965 7.41564
0.278567 0.0818609 0.683021 2.84395
-0.0547537 0.0919928 0.681273 0.309538
0.180021 0.118067 0.675118 2.46122
-0.174125 0.0368472 0.689387 2.35661
0.397882 0.0785682 0.666946 21.6286
0.129801 -0.344397 0.530758 3.76023
0.243813 0.138021 0.668448 6.90462
-0.368543 0.191215 0.637369 22.234
-0.323299 -0.153366 0.660913 18.1939
0.161323 -0.414098 0.41664 4.14807
0.394387 0.160001 0.644465 19.7812
0.389812 -0.0801138 0.66899 10.8962
0.43377 -0.0387826 0.661023 18.9274
0.113555 -0.276817 0.594768 2.03924
0.495503 -0.0456124 0.632016 44.2345
0.206016 0.291675 0.582543 10.1073
-0.0149314 -0.0683491 0.68491 0.287419
0.434184 -0.150322 0.635064 31.6178
0.282758 -0.33855 0.536924 12.5966
0.242325 0.0259427 0.689909 2.11776
0.176017 -0.0870313 0.682234 2.03491
0.215642 0.189271 0.64835 8.62494
0.476856 0.243735 0.562173 45.6518
0.00798386 0.0895113 0.681572 0.189968
0.32476 0.173938 0.652985 13.2327
0.56738 -0.20054 0.520756 61.1841
-0.343592 0.015983 0.685179 15.1247
0.45576 -0.00261676 0.654044 22.589
0.104009 -0.1368 0.669357 1.05767
0.0440003 -0.0844165 0.682481 0.0654792
0.0574146 -0.333411 0.54263 1.84702
0.589612 -0.108227 0.546004 69.2561
-0.146527 -0.0130459 0.690047 4.73209
0.618762 0.210899 0.444001 79.1042
0.206444 0.136082 0.669052 2.98957
0.0126788 0.296292 0.578571 0.177486
-0.0128225 -0.0374096 0.689127 0.00625396
-0.0118625 0.0526243 0.687403 0.0369285
0.108803 -0.0343403 0.689274 0.701549
-0.20258 -0.0217237 0.689584 4.45862
0.0820168 -0.204739 0.641539 1.13012
-0.505919 -0.104291 0.614554 26.4154
0.297478 0.223277 0.631052 15.0512
0.27263 -0.226414 0.629498 14.6163
0.434082 0.101008 0.650203 35.0253
0.318051 0.151217 0.662751 14.9327
-0.121375 -0.100189 0.678998 1.35698
0.242546 0.07548 0.684611 2.53627
0.125613 0.215135 0.636083 2.26543
0.100055 -0.295905 0.579243 2.31501
0.0786322 0.085551 0.682015 0.69073
0.0327044 -0.38433 0.475024 0.00159326
0.175511 -0.0610447 0.686817 2.05387
0.537638 -0.110831 0.590091 59.5702
-0.184674 -0.0643204 0.685889 7.55877
-0.209354 -0.0650352 0.685971 8.56966
-0.177749 0.118251 0.674248 2.68251
0.55564 0.0718086 0.587464 49.4791
0.198414 0.136324 0.669831 4.21875
0.490092 -0.327839 0.464067 40.4455
0.251808 -0.187462 0.649607 8.19825
0.299092 -0.142992 0.666197 13.0177
-0.341472 0.065161 0.681616 16.4228
-0.156327 -0.173106 0.655716 3.81996
0.178932 0.0545362 0.687304 2.27766
0.0975837 0.0483479 0.687989 0.306255
0.362572 -0.0695007 0.677129 14.0755
0.156564 0.228953 0.627618 3.64332
-0.0764959 -0.0228462 0.690301 0.191569
-0.0110989 0.00886177 0.690203 0.168848
-0.10036 -0.0181377 0.689864 0.325376
0.0109012 0.246317 0.617636 0.600694
0.328373 -0.1637 0.657107 10.0131
0.298276 -0.0992634 0.679004 5.29136
0.146417 -0.173375 0.655534 3.61577
0.445679 -0.228621 0.589371 35.3832
0.498662 -0.158593 0.598903 42.5776
-0.475328 -0.03034 0.643263 27.4541
-0.162093 -0.135881 0.669719 1.9388
0.170599 0.221806 0.632293 4.22935
0.301389 -0.0407048 0.688204 4.78714
0.422043 -0.366342 0.458497 31.5811
0.260485 0.159218 0.661249 7.3536
-0.179884 -0.0932889 0.680781 5.53239
0.0192985 0.0438832 0.688608 0.120732
0.275891 -0.101213 0.679146 3.72755
0.361952 0.256693 0.60003 17.1929
0.436127 -0.3715 0.439011 31.7034
0.44814 0.238919 0.581755 32.9126
0.115924 -0.221712 0.631811 0.736597
0.32223 -0.217807 0.632171 10.6078
0.252234 -0.375428 0.488364 9.61985
0.56989 0.210298 0.509742 65.4213
0.261222 -0.323348 0.553949 7.29542
0.674545 -0.0137771 0.451234 86.0461
-0.0795686 -0.298052 0.577242 1.41958
0.17684 0.251923 0.613167 2.8047
0.382787 -0.245539 0.603033 26.5358
0.224141 0.368125 0.499181 5.10343
-0.0625168 -0.0810629 0.683493 0.473441
0.0725372 -0.236361 0.623958 0.323434
0.0654656 0.0298255 0.689412 0.488009
0.260846 -0.201896 0.643051 11.4261
0.0477872 0.100037 0.679565 0.68942
0.0153129 -0.0539407 0.687094 0.0140163
-0.191568 -0.208504 0.639818 5.12588
-0.114261 0.144714 0.666667 1.00084
0.462189 0.167831 0.615389 39.2331
-0.122826 0.198381 0.644884 1.97819
0.420621 0.0496254 0.663755 19.1401
0.584507 -0.0727359 0.561716 67.4319
0.225448 0.0808535 0.683482 4.59952
0.327833 -0.32595 0.54668 13.6531
0.277654 0.390356 0.465262 11.5423
0.371706 -0.181493 0.641744 25.7776
0.126516 0.139537 0.668449 2.24506
0.0177512 -0.0231401 0.689967 0.0010861
-0.0982555 -0.101821 0.678835 0.598453
0.0561495 -0.0741039 0.684129 0.811532
0.0460893 0.227478 0.628202 0.373313
0.408644 -0.0106183 0.670919 18.513
0.290908 0.146324 0.665707 6.65609
0.323814 -0.366317 0.497454 21.6353
-0.0564153 0.275634 0.59593 0.435211
0.202038 -0.0890108 0.68145 3.05947
0.36496 -0.0278365 0.681508 11.5484
0.17994 0.259567 0.607829 4.66333
0.175571 0.419116 0.403829 5.72566
0.0765831 0.105486 0.678472 1.45556
0.0942456 -0.338523 0.537174 0.871718
0.476953 0.044681 0.641663 32.9491
0.267788 -0.149322 0.665207 8.63386
-0.0184809 0.244273 0.618916 0.0537249
0.283629 -0.139724 0.668481 6.9381
-0.0465672 -0.0758175 0.683583 0.0583051
0.249541 0.028044 0.68998 2.31655
0.239123 0.201031 0.643301 4.64944
0.0458762 0.050031 0.687892 0.00832444
-0.0381542 0.136229 0.669611 0.00440376
0.0662619 0.305178 0.570625 1.51559
0.509047 -0.180635 0.581081 50.2742
0.289144 0.316735 0.560148 15.353
-0.181251 -0.0115446 0.690531 3.86113
0.00574918 -0.136591 0.669269 0.000614312
0.177703 -0.275219 0.596302 5.69974
0.155252 -0.0131693 0.690363 2.13418
0.456997 0.290713 0.533097 45.7356
0.154099 -0.22507 0.630334 3.0604
0.082075 0.303295 0.572677 0.158046
-0.0525642 0.175437 0.655211 0.314184
0.507744 0.112365 0.610684 47.5163
-0.193931 -0.0477341 0.688318 7.32283
-0.280227 0.181182 0.652094 12.4496
0.488991 0.0169166 0.637354 39.8839
0.365101 0.262288 0.59546 20.703
0.486254 0.265196 0.538669 41.6916
0.419886 -0.260472 0.578299 34.1262
0.357612 0.313489 0.553468 28.2419
0.374951 0.181544 0.641108 23.8128
0.476774 0.00206894 0.64377 24.8791
-0.279537 -0.0116967 0.690522 17.1964
0.180342 -0.239733 0.620982 6.12036
0.443078 -0.16098 0.626423 27.1681
-0.200919 0.334439 0.541624 5.39138
0.187791 -0.0577918 0.686723 1.36418
0.290857 0.245753 0.617505 9.94527
0.182407 0.0132042 0.690773 1.54081
0.524612 0.00520057 0.616586 46.3167
0.369959 0.024907 0.680121 8.30507
-0.0045683 0.258819 0.608229 0.0231429
0.00976673 -0.112394 0.67663 2.55663e-05
0.206258 0.129515 0.671565 5.92622
0.535293 -0.225865 0.532716 53.3822
-0.102263 0.0949937 0.680055 0.726606
0.268167 -0.00832882 0.690294 4.83757
0.563062 0.0665635 0.581936 50.9561
-0.0143941 0.171684 0.656113 0.0134564
0.497801 0.103257 0.619315 39.7601
0.606724 -0.0361226 0.54562 67.8247
0.140815 -0.184663 0.650357 2.46953
0.507859 0.0706482 0.620305 46.5747
0.0342527 0.228645 0.628607 0.0134509
0.289963 -0.22614 0.629575 11.2229
0.280338 0.3755 0.488285 10.0566
-0.114826 -0.0543255 0.687181 1.40169
0.271009 0.242429 0.620161 7.14845
-0.178626 0.0602167 0.686693 3.17135
-0.0284159 0.207131 0.639523 0.085113
-0.137685 0.0447954 0.68858 1.13302
-0.225301 -0.0917263 0.681382 7.16148
0.324245 0.225721 0.626937 11.9548
-0.0468407 0.0303368 0.689807 0.130293
-0.214482 0.0715864 0.684531 4.11192
-0.0473324 0.300029 0.575622 0.328121
-0.0731002 -0.109633 0.676952 0.138931
0.070019 -0.178436 0.654145 1.08923
0.129496 -0.0120176 0.689949 0.821083
-0.00411212 -0.013903 0.690319 0.0241868
0.479727 -0.0463043 0.639742 27.0538
0.00142897 0.226403 0.629258 0.0650775
0.148467 -0.0231229 0.689786 1.0499
0.0265627 0.138805 0.668302 0.313661
-0.0372522 -0.10568 0.677675 0.0260617
0.301172 0.30196 0.572984 16.4991
0.418833 0.397708 0.396906 28.7474
0.145543 -0.115777 0.675309 2.30367
-0.296974 -0.0152412 0.689439 12.1284
0.452626 0.0102258 0.654988 22.1788
0.173864 0.0804684 0.682832 2.28265
-0.39221 0.279964 0.573446 16.8154
0.408927 0.0818704 0.66288 22.8849
0.492273 0.100662 0.622507 38.1159
0.381516 -0.115863 0.662308 13.1326
-0.0619281 -0.407129 0.431132 0.464476
0.503412 0.156463 0.596306 47.8191
0.325948 -0.251767 0.610057 16.6704
0.184439 -0.0414153 0.688697 2.71371
0.230855 0.0111649 0.689997 1.66661
0.344267 -0.408089 0.417065 16.526
0.364849 -0.0582435 0.678077 8.58021
0.135475 -0.117607 0.675185 2.30757
-0.174475 0.0336732 0.688752 4.82316
0.3953 0.318939 0.535003 29.5503
0.102944 -0.170641 0.657167 1.08679
-0.139403 -0.353267 0.519211 1.14111
-0.180259 -0.136074 0.669923 6.20769
0.176568 0.375114 0.489508 5.76562
0.374923 0.0838201 0.671631 15.8382
0.10096 0.0269993 0.689695 0.668384
0.322141 -0.258937 0.605233 16.0659
0.145804 0.123622 0.672668 1.4759
0.532104 0.209933 0.546469 55.782
0.0884996 0.418148 0.406529 1.71457
0.133061 0.139503 0.668487 3.52912
0.461716 0.00907431 0.651227 20.9191
0.220392 -0.357692 0.513877 9.29254
0.299751 0.319325 0.556923 16.4787
0.191643 0.125223 0.672853 4.97616
-0.174909 -0.131473 0.671189 3.8769
0.185357 0.07739 0.684234 1.97699
0.493997 0.303816 0.491521 46.4619
-0.0518174 0.10697 0.677209 0.131813
-0.112207 -0.136233 0.669892 1.96849
0.212237 0.119177 0.674061 2.39263
0.569517 0.0578699 0.577698 75.5878
-0.0748997 -0.17474 0.654702 0.297517
0.259078 0.237673 0.62216 9.29609
-0.135036 -0.0905976 0.680925 5.52346
0.130374 -0.250953 0.614386 3.14859
-0.123279 -0.149072 0.665153 1.80832
0.162285 -0.139228 0.66825 4.59159
0.291942 -0.137217 0.668656 10.2453
0.378971 -0.0845592 0.670765 10.5616
0.431187 0.223613 0.599696 36.7422
0.391389 0.0620555 0.671684 13.5325
0.490175 -0.291748 0.509627 51.1558
0.373669 -0.332082 0.529119 25.6503
0.0952243 -0.0444793 0.688622 0.91084
0.0218763 0.0983091 0.679533 0.0893359
0.345524 -0.336309 0.530918 23.5379
0.341335 -0.256889 0.604654 16.9633
0.302082 -0.245384 0.61641 11.8899
0.332987 -0.0002395 0.686769 2.79521
-0.121594 0.379275 0.482218 1.1576
0.163036 -0.266253 0.603155 2.31169
0.46476 -0.0134773 0.649876 22.7529
0.0260275 0.052711 0.687541 0.182451
0.0272034 -0.335223 0.541086 0.532458
0.559912 0.12056 0.56974 57.7796
0.474422 -0.0163928 0.644466 28.9603
0.452472 0.213271 0.595897 36.5438
0.435691 -0.0211431 0.66179 25.7463
0.183536 -0.0126421 0.690027 1.13738
-0.0754894 0.207675 0.639619 0.180067
0.262629 0.0352069 0.689039 2.06044
-0.216903 -0.164218 0.659444 8.69796
0.355886 0.144657 0.659541 16.7911
0.0043334 0.18204 0.65158 0.0020385
0.0293546 -0.0345151 0.689591 0.00794314
-0.0078111 -0.185934 0.650378 0.260231
0.0519438 0.0307528 0.689821 0.586495
-0.177561 -0.0304273 0.689761 5.98777
0.554647 0.226714 0.513569 59.3769
0.451893 0.267939 0.557735 36.3803
0.182185 0.352327 0.520256 7.52006
0.224989 -0.400396 0.444808 9.05795
0.0416005 -0.320118 0.556086 0.32766
0.533927 0.282634 0.478456 49.0566
0.453722 0.16151 0.621231 41.9505
0.494028 -0.232013 0.559614 57.1568
0.272385 0.285126 0.588779 9.30582
0.0123721 -0.135019 0.66964 0.159116
-0.181115 -0.213042 0.636806 4.32551
0.31476 0.0192438 0.688324 6.07724
0.469066 0.179013 0.606744 31.6639
0.329983 0.058449 0.683715 8.82191
0.29428 0.144008 0.666934 8.64949
0.602047 0.146487 0.515317 73.1735
0.0960462 0.110005 0.677346 1.06099
0.16343 0.264195 0.605325 6.78027
-0.0211096 -0.0106272 0.689934 0.0367261
0.442372 -0.225557 0.593425 39.1346
0.457301 0.131088 0.631504 30.9404
0.612989 0.241087 0.419851 71.0929
0.0547729 -0.143813 0.667055 0.545422
0.315302 -0.272574 0.596697 12.084
0.492055 0.179333 0.592987 37.4692
0.334416 0.175955 0.650855 9.44539
0.245555 0.272257 0.598751 6.04085
-0.0339308 0.0408698 0.688808 0.0100687
0.591217 -0.0780582 0.553976 67.5378
-0.00737895 0.206116 0.640903 0.00822593
0.422288 -0.230664 0.599172 26.385
0.646954 -0.0219582 0.49609 79.3991
-0.123623 0.124275 0.673154 1.20957
0.409633 -0.285846 0.561953 32.6394
0.284883 0.330554 0.545413 11.3723
0.0883919 -0.151354 0.664451 1.62971
0.0973794 0.315459 0.561202 2.92727
0.367415 0.127712 0.662328 14.6221
0.508403 -0.0696385 0.620743 49.9666
0.499399 0.205602 0.573994 46.7499
0.0162892 0.0477213 0.688152 0.0798541
0.405774 0.115723 0.656511 23.9552
0.202095 0.290887 0.584203 4.31257
0.572037 -0.10719 0.563087 56.7722
-0.30365 0.0376792 0.688635 17.4123
0.139444 0.0817573 0.68291 2.37848
0.508501 -0.0246582 0.625961 39.1439
0.373833 0.0120269 0.679817 10.9771
0.431159 -0.0976947 0.651605 21.931
-0.242692 -0.305512 0.570487 5.89788
0.183966 0.210049 0.638097 4.76801
-0.136898 -0.0195933 0.690424 2.56332
0.123465 0.209777 0.63891 1.33505
0.494813 -0.136196 0.610277 37.6382
-0.0144031 0.0906085 0.681165 0.000802498
0.0140482 -0.0282016 0.68926 0.0819173
-0.388178 -0.115216 0.661414 25.6372
0.105936 0.169373 0.657006 0.720556
-0.230667 0.130535 0.671546 8.82735
0.309409 -0.35775 0.512213 13.4667
-0.156793 0.00369164 0.69059 2.97885
0.133909 0.220648 0.63238 1.78396
0.00328582 0.0789092 0.683134 0.0773725
-0.430833 -0.111699 0.648379 24.9757
0.407745 0.0994786 0.660013 23.5446
0.135458 -0.215011 0.63615 2.23201
0.00828251 -0.033626 0.689395 0.0286951
0.452747 0.346124 0.46767 41.4565
0.293032 0.251028 0.613447 10.8819
0.0929627 0.066671 0.685173 0.606801
0.0437473 -0.194641 0.646642 0.242976
-0.357669 0.0254017 0.683091 21.8655
0.0965769 -0.104991 0.677635 0.523264
0.247277 0.110276 0.67719 4.09748
0.434527 0.157833 0.631125 22.1786
0.303865 0.0482541 0.686744 4.23031
-0.362557 -0.00737058 0.681952 19.0962
0.663061 -0.0650131 0.4641 84.5669
-0.0310981 -0.0603957 0.686806 0.0337162
0.437819 0.137759 0.637841 38.0041
0.00650187 -0.256122 0.610885 0.0581938
0.118616 -0.0100741 0.690167 0.630018
-0.0391329 -0.144428 0.66632 0.556801
0.0458929 -0.17459 0.654939 0.140403
-0.232729 -0.108408 0.677681 5.56711
0.0652236 0.40008 0.445563 0.39647
-0.433529 0.131215 0.641562 24.6009
0.492789 0.264804 0.533398 49.8169
0.199223 0.132503 0.670326 3.26252
0.177999 0.109935 0.676429 3.06814
-0.00178498 0.0098913 0.690238 5.22736e-06
-0.0502242 0.05726 0.687231 0.227045
-0.0367552 0.0533982 0.687762 0.0705708
0.442647 -0.323716 0.505133 31.8452
-0.245697 -0.28557 0.587972 9.93137
-0.4537 -0.199791 0.603544 22.2262
0.0974323 -0.165454 0.659017 0.699215
0.263642 0.0236707 0.689806 4.10165
0.0829115 -0.171436 0.656788 1.28269
-0.13696 -0.115519 0.675461 3.51226
0.0682591 0.216284 0.634972 1.33436
0.631701 0.0400835 0.51551 89.4488
0.0219834 0.0948565 0.68054 0.0174566
-0.221559 0.044273 0.688347 6.30563
-0.0665711 -0.0277874 0.689205 0.0645884
0.296559 -0.212409 0.636463 8.80471
0.209734 0.146734 0.666116 3.08732
0.0666258 -0.136206 0.669174 0.759908
0.401498 0.178806 0.634479 28.1678
0.11791 0.0954725 0.680705 0.719442
0.0877074 -0.180382 0.652814 0.903471
-0.134229 -0.0598086 0.686384 2.6301
0.46869 0.326907 0.482822 37.9561
0.511319 0.0593159 0.620452 48.4126
0.0994714 0.288743 0.58609 1.30912
0.017415 -0.346147 0.527341 0.739424
0.584265 0.141155 0.537833 64.8123
0.357955 -0.381117 0.465483 18.0455
0.0827377 0.183569 0.651852 0.890691
0.0759613 -0.141133 0.667487 0.563684
0.237474 0.0814952 0.682737 3.53939
0.29578 0.220305 0.632624 16.6539
-0.224324 0.103677 0.67862 8.16713
0.604206 -0.148079 0.512427 72.7232
0.00264423 -0.0432462 0.688668 0.0499415
0.48668 -0.2518 0.549357 49.2684
0.123109 -0.144094 0.666661 1.14984
0.413522 -0.0316373 0.668125 18.9011
0.168336 0.174083 0.655003 2.59858
-0.207494 -0.234868 0.624102 4.63803
0.352803 -0.173414 0.648543 14.0917
0.284562 -0.190209 0.648307 6.48283
0.0871156 0.109673 0.676459 0.410578
0.223629 -0.286375 0.587765 9.21756
0.393981 -0.1686 0.640605 18.8901
0.478596 0.0951496 0.631484 47.7558
0.194713 0.22243 0.631703 5.99958
0.213083 0.350151 0.52378 7.21421
0.391264 -0.1134 0.660831 14.2056
0.0889725 0.130233 0.671347 0.85305
0.423584 0.0767472 0.659058 23.1349
0.399439 -0.346072 0.50099 29.0734
-0.295681 0.290099 0.583485 9.67026
0.248823 -0.190171 0.648745 8.45734
0.26505 0.0847698 0.682189 4.46932
0.248725 0.0514279 0.687645 4.09244
-0.0474361 -0.25153 0.613201 0.433563
-0.3091 -0.0604523 0.685203 12.6368
-0.028551 0.044589 0.688548 0.0381846
0.263657 -0.123258 0.672835 3.88039
0.476024 -0.0778945 0.63725 26.5746
0.231085 0.361597 0.507894 11.6346
-0.0353473 0.0683967 0.685278 0.462649
0.26014 0.295778 0.580165 8.28557
0.31147 -0.162355 0.658638 8.45526
0.362655 0.217304 0.62531 14.3856
-0.183813 -0.167632 0.65769 3.80537
-0.173982 -0.0385211 0.688375 4.78785
0.437053 0.36201 0.45532 37.1816
0.121613 0.0718934 0.685041 0.730099
0.0191305 -0.068985 0.685278 0.402951
0.0282472 -0.269297 0.601132 0.016424
0.213879 -0.212745 0.637366 6.44332
-0.0369647 -0.227538 0.628968 0.191353
0.472231 0.0386069 0.644809 26.8783
0.124979 -0.014142 0.690094 1.44575
0.585225 0.0206773 0.568443 64.6885
0.061986 0.120056 0.674507 1.19978
-0.152119 -0.0211147 0.68974 2.63054
-0.0431709 0.0264923 0.689388 0.117851
-0.113746 -0.0892864 0.681654 3.92701
0.0641488 0.0938261 0.680523 0.038702
-0.210022 -0.260544 0.607292 9.72483
0.275875 0.148424 0.6653 5.33306
-0.0634921 -0.205281 0.640829 1.9741
0.134141 -0.318255 0.558191 1.54685
-0.0873737 0.0516485 0.687526 1.28554
0.186669 0.0691523 0.685019 2.78954
-0.0759958 -0.0630028 0.685843 0.183617
0.200638 -0.439056 0.34017 5.47123
0.584185 0.231005 0.475099 60.3919
-0.0689176 0.091978 0.680615 0.166999
0.108537 -0.0889975 0.681353 1.15238
0.177518 -0.0524348 0.687778 1.42107
0.448142 0.106155 0.643194 29.5686
-0.168131 0.048766 0.687753 6.34257
-0.167414 -0.288024 0.58622 6.37189
-0.229053 -0.0936286 0.680953 6.8925
0.540982 -0.0509532 0.601357 52.5199
0.134367 -0.205281 0.640598 1.44546
0.196646 -0.139085 0.66804 4.87648
0.465756 -0.17949 0.60831 36.4797
0.528137 0.162112 0.577981 60.4221
0.138441 -0.0343198 0.689632 1.90691
0.326765 0.300624 0.571154 20.74
0.143285 -0.0113219 0.690844 2.2068
-0.189969 -0.167817 0.658412 3.41304
0.386287 0.326263 0.53118 23.0817
0.307845 -0.0945915 0.67945 9.75717
0.290017 -0.305769 0.570761 9.38475
0.134636 -0.216969 0.634739 2.80612
0.0225722 -0.187114 0.650252 0.234996
-0.446884 0.0880383 0.648215 26.4941
0.175411 0.0805399 0.683277 1.78817
0.115125 -0.201415 0.642354 0.744088
0.23053 0.268638 0.601384 8.4302
-0.0572732 0.109932 0.677194 0.619035
0.175386 0.0401815 0.688218 1.61694
0.306446 -0.0952482 0.679589 7.40136
0.2877 0.223904 0.630893 9.50235
-0.0568959 0.208457 0.639617 0.0199457
0.125046 -0.00154084 0.690406 0.929492
0.122772 0.178531 0.653883 2.32672
0.279042 0.360399 0.510308 10.0804
0.392463 -0.316847 0.539135 30.0917
-0.132733 -0.147866 0.665265 2.96673
0.151524 -0.127068 0.671718 3.63758
0.114839 0.314662 0.561821 0.928046
0.235615 0.211447 0.63774 10.1716
0.193417 -0.0139974 0.689818 1.27721
-0.0647268 0.303658 0.572434 0.104281
0.416841 -0.0742538 0.662066 26.1659
0.0722382 -0.233045 0.625507 1.57084
-0.05466 -0.22439 0.630199 0.316732
0.397226 -0.121154 0.657179 20.5415
0.373159 0.132732 0.659343 20.1619
-0.241648 0.213568 0.636587 7.3905
0.16977 -0.060577 0.68653 2.14254
0.313325 0.128269 0.66994 10.9038
0.318875 -0.243254 0.616558 18.2077
0.496791 0.258186 0.537319 46.8696
0.496963 0.0489854 0.629816 31.2424
0.192059 -0.0735348 0.684006 1.72937
-0.0272009 0.338319 0.537034 0.0346506
0.0341989 -0.120165 0.674447 0.137397
0.235256 -0.341907 0.533708 9.36606
-0.141726 -0.173696 0.655551 2.51612
0.18393 -0.0852759 0.682469 2.64304
0.51079 0.184296 0.577952 56.0687
0.404803 0.0493543 0.668834 12.3914
-0.310362 -0.279899 0.591262 14.9929
0.260444 0.0856808 0.682657 5.06623
-0.374614 0.301259 0.560315 15.5939
0.0279064 0.363151 0.506388 0.0514428
0.25728 0.187448 0.649828 4.94366
-0.378496 -0.282596 0.575972 16.506
-0.462273 -0.123782 0.631773 27.1546
-0.0952339 0.388597 0.467397 1.06612
0.0470805 -0.161385 0.660533 0.0719765
-0.0686163 -0.0323728 0.689817 2.16343
0.282867 -0.204971 0.640518 8.88136
0.48315 0.22451 0.572226 38.3225
0.489214 -0.0790131 0.629277 33.4402
0.0813034 0.314767 0.562695 0.264191
0.411507 -0.37559 0.448008 34.9349
0.0811604 -0.244465 0.618507 2.05015
-0.0713146 -0.149317 0.664575 0.674794
0.30518 0.00232392 0.689948 4.18656
0.0820821 -0.0621784 0.686446 0.278367
0.495185 0.00301132 0.634657 46.9594
0.381992 -0.111998 0.663141 12.2508
0.487034 0.028215 0.638316 43.3966
-0.322498 0.198535 0.641662 17.084
-0.394924 -0.154646 0.646922 24.5263
0.228069 -0.164036 0.659768 3.94085
0.10461 -0.0922956 0.681193 1.24089
0.17669 0.020826 0.69036 1.53683
-0.129712 -0.340055 0.535734 1.19797
0.111354 0.171994 0.656734 2.17559
0.425071 -0.0599022 0.6619 26.3496
0.322054 -0.221644 0.629654 11.3965
-0.207533 -0.0859058 0.682684 5.58479
0.271727 0.356434 0.515057 11.2403
0.384553 -0.0004413 0.678065 11.2783
-0.0310834 -0.386393 0.472125 0.026553
0.106799 -0.0237955 0.689745 1.09228
0.0322422 -0.097486 0.680245 0.272164
0.363323 -0.102415 0.670342 13.2465
-0.094791 -0.0392586 0.688868 2.16287
0.420441 0.127277 0.647977 21.9261
0.115033 -0.0467963 0.687615 0.540292
0.186917 0.0966319 0.679974 1.68341
0.0677579 0.0994345 0.679102 0.920008
0.497623 0.159343 0.599718 49.6906
0.539018 -0.0500358 0.602882 59.2922
0.201787 -0.335113 0.541497 7.14451
0.150108 -0.15055 0.664153 1.25545
-0.156336 -0.211249 0.638341 4.48438
0.25528 0.25279 0.61245 7.77366
0.377533 -0.115058 0.663885 11.6779
0.343074 -0.378192 0.475593 22.2238
0.363257 -0.201725 0.633199 15.4399
0.162257 0.347329 0.527132 4.79231
0.239931 0.28562 0.588615 6.7971
0.284493 -0.0829068 0.682786 6.23664
0.281862 0.238737 0.622118 11.4642
0.225666 -0.25154 0.614047 8.33461
-0.301664 -0.152097 0.663127 14.7225
0.122865 0.195778 0.645641 3.48602
0.477962 -0.0275602 0.642887 35.1367
0.518389 -0.322272 0.442971 48.5877
0.325034 0.370559 0.490575 16.5084
0.331409 0.240193 0.617553 16.4879
0.488992 0.0448843 0.634863 42.5259
0.301439 -0.147512 0.664768 7.96512
0.113315 -0.171124 0.65696 1.57001
0.126963 0.0165194 0.690053 0.619057
0.58307 0.164884 0.527028 67.296
0.221799 0.120061 0.67387 5.64952
0.273699 0.361344 0.509081 10.0334
0.15212 0.0671757 0.685058 2.12625
0.401899 0.0970399 0.661568 19.8859
0.321212 -0.339936 0.532136 20.599
-0.0354611 -0.235654 0.624259 0.169846
-0.113669 0.373605 0.490633 2.60864
0.287353 0.084348 0.682328 6.27456
-0.109177 -0.0399713 0.688686 2.60619
0.320593 0.172416 0.653552 8.53175
0.547839 -0.00992798 0.60037 63.2806
0.286543 -0.00203399 0.690217 3.73264
-0.146889 -0.233365 0.625544 3.04721
0.11943 0.247305 0.616316 3.20061
0.453451 0.189533 0.609335 32.0813
0.210697 0.205365 0.640953 4.40286
-0.201464 0.276464 0.595284 6.09261
0.0415506 -0.263342 0.605644 0.00827123
-0.022259 0.211498 0.637344 0.310212
0.0579314 -0.0102793 0.690329 0.469113
0.392455 0.125519 0.656896 14.702
-0.3028 -0.149383 0.664425 11.345
-0.112442 -0.037617 0.689138 1.04497
0.23644 0.214106 0.636618 5.95957
-0.088862 -0.0315023 0.689483 3.07734
0.253437 0.163333 0.65984 5.69443
0.160344 -0.274944 0.596473 5.4839
0.394211 0.209329 0.621441 27.0896
0.501591 0.0531066 0.627381 37.8114
0.256007 -0.0141715 0.690094 1.4383
0.16511 0.290015 0.583938 3.04923
0.271164 -0.320149 0.556927 11.5324
0.547369 0.10123 0.586224 61.7906
0.385855 -0.0607748 0.672674 15.7344
0.268298 -0.257864 0.609663 7.7049
0.301662 -0.177647 0.652906 11.3178
0.359281 -0.132595 0.662634 14.953
-0.027249 -0.244551 0.618448 0.0991895
0.133184 0.0116764 0.690288 1.42133
0.361896 0.16286 0.651788 11.809
0.479478 0.0938422 0.631536 34.644
0.194339 -0.124903 0.672339 3.97237
0.217089 -0.0894545 0.681581 4.5097
0.13374 0.0267541 0.689267 2.02892
0.0403661 0.106052 0.678114 0.0935399
0.610027 -0.156153 0.500551 83.5695
0.141027 0.101499 0.678743 2.96004
-0.168 0.311802 0.565249 2.18223
0.416763 -0.166427 0.634426 23.1243
0.0748496 -0.254278 0.611648 1.89491
0.209469 -0.065857 0.686095 3.39509
0.174162 0.343053 0.531608 5.31278
-0.171071 -0.033022 0.689007 3.00944
0.426853 0.0409626 0.663025 25.2277
0.429882 0.340359 0.491537 36.6868
0.288209 -0.0878282 0.681951 5.14784
-0.338499 0.00406797 0.686698 15.8996
0.353327 -0.238351 0.614659 20.6999
0.447569 0.117862 0.639715 21.6486
0.533623 -0.119609 0.590503 48.922
0.49791 -0.141715 0.60637 42.3167
-0.172944 0.387508 0.470231 3.52385
0.0747408 -0.0542618 0.687074 0.177299
0.297403 -0.384031 0.473621 18.0356
0.239886 0.222783 0.630961 8.53181
-0.142194 -0.257622 0.609954 2.7646
-0.295268 -0.0483472 0.687669 16.9602
0.407409 0.0752055 0.664792 19.0299
0.35886 0.25798 0.600365 22.0058
0.460644 -0.0126275 0.651548 19.851
0.277133 -0.170643 0.656734 8.09303
0.303747 0.162352 0.659106 7.92244
0.321518 0.165656 0.656764 7.88848
0.143719 0.160266 0.661092 1.69211
0.50546 -0.11064 0.612088 44.2011
-0.105988 -0.0817808 0.682759 0.767028
0.118489 -0.0853342 0.682698 1.1303
0.356833 -0.181839 0.644018 19.7198
-0.189027 0.0980149 0.679184 3.36469
0.53433 -0.0200911 0.609686 48.0872
-0.108671 0.111556 0.676774 2.54362
0.224583 -0.339974 0.535089 7.9575
0.0575691 -0.369597 0.497861 0.0538912
0.192662 -0.404415 0.436744 6.67496
0.533997 0.20772 0.546138 52.665
-0.105898 -0.271416 0.599586 1.58043
0.626706 0.0270028 0.522974 80.6863
0.00763214 0.321294 0.555431 0.00862284
0.4285 -0.0994879 0.652087 17.6332
0.243008 0.120127 0.67456 3.10135
0.010457 -0.265186 0.604243 0.00900536
0.430042 0.338016 0.494769 28.1957
-0.214255 -0.270721 0.599918 6.57337
0.134104 -0.165879 0.658642 1.49385
0.0489687 0.178534 0.653581 0.549076
0.0818445 -0.0571577 0.686889 0.643332
0.29826 -0.111868 0.675458 4.94238
0.200529 -0.226736 0.629534 6.21016
0.363377 -0.250462 0.603778 24.5692
-0.254624 0.162218 0.660511 10.3385
0.416238 -0.0205842 0.668072 22.2891
0.483279 0.273428 0.532413 51.0936
-0.195866 -0.27897 0.593773 8.0084
0.564764 -0.0560224 0.582245 57.9205
-0.167682 -0.126844 0.672422 3.3247
0.306005 0.166309 0.657587 8.2912
0.43314 0.236839 0.590175 26.5966
0.294409 -0.0956687 0.680187 5.83841
0.349757 0.0531507 0.681344 5.42146
-0.197307 0.236437 0.623331 5.3724
0.250041 -0.288356 0.58602 7.10905
-0.244763 0.214122 0.635808 12.272
0.204996 0.323005 0.554148 3.98429
-0.070066 -0.182031 0.652084 0.709553
0.568165 -0.0248624 0.5837 62.9018
0.400659 -0.021522 0.67303 18.5146
0.263335 0.310695 0.565795 10.0956
-0.324666 0.180369 0.650615 15.7223
0.240373 -0.13816 0.668471 3.62855
0.174824 0.10035 0.67872 1.61378
0.607251 -0.0787031 0.536889 79.8249
0.636454 -0.0205678 0.510871 77.8451
0.367418 -0.148924 0.655001 15.1514
0.304897 0.00333286 0.689223 5.44023
0.289986 -0.0341582 0.688737 2.91009
-0.127707 0.159483 0.660927 1.11843
0.00487672 0.144572 0.66622 0.000246042
0.0756943 0.0754203 0.684537 0.646695
-0.124 0.0870592 0.68187 2.90521
0.453901 -0.152746 0.625605 35.337
0.0646079 0.116668 0.674933 0.236485
0.242319 -0.0379864 0.688793 2.25545
-0.0219219 0.0955461 0.680166 0.135154
-0.0794113 0.0525078 0.687339 0.363684
-0.221373 -0.310853 0.565448 7.17535
-0.0815779 0.0859455 0.682412 0.532014
0.0200848 0.0803806 0.683482 0.0675786
0.118334 0.0966571 0.680283 1.18594
0.330616 0.0432307 0.685378 10.1288
-0.367033 0.191893 0.63739 22.0075
0.393073 0.135783 0.653173 27.2481
-0.385837 -0.189082 0.634242 23.7077
-0.0920536 -0.27988 0.592882 2.54672
0.162843 -0.0259355 0.690153 1.15962
0.0902522 -0.13646 0.669408 0.662767
-0.255194 0.00955562 0.690248 6.95264
0.659109 0.0543054 0.471944 92.6915
0.27769 -0.097527 0.679975 3.37666
-0.123368 -0.051978 0.687484 1.39801
0.0871254 0.0142445 0.690344 0.254508
0.329394 0.0350553 0.685788 4.82304
0.157717 0.101715 0.678559 1.80206
-0.0783429 -0.327576 0.549163 0.592433
0.253852 0.048076 0.687466 1.76509
0.383368 -0.0220702 0.676899 14.6104
0.243612 -0.147887 0.665105 3.88283
-0.0782601 0.0589908 0.686199 1.21171
0.466479 -0.140624 0.623542 33.4026
0.402076 0.286676 0.563634 31.7989
-0.124875 0.207409 0.639744 1.85759
-0.00186182 0.163097 0.660008 0.332298
0.429563 -0.0616126 0.659497 22.9135
-0.303166 -0.222799 0.630592 15.2318
0.463569 0.0245973 0.64958 27.1739
-0.0716937 0.166549 0.658551 0.222475
0.267733 0.289701 0.584776 11.3996
0.141152 -0.0144444 0.690003 1.63236
0.400375 -0.261778 0.584811 24.4472
-0.0466444 -0.00608987 0.690221 1.9525e-05
0.134466 0.100712 0.678832 1.42332
0.0639656 0.0294854 0.689062 0.202505
0.570536 0.273694 0.444238 65.9498
0.0725408 -0.0955882 0.680509 0.0497048
-0.317598 0.0859322 0.680592 12.3711
0.54879 0.124573 0.577136 50.5832
-0.273153 -0.0976129 0.679949 8.60972
-0.219665 -0.167844 0.658422 6.48165
0.550473 -0.0759333 0.589951 49.1836
-0.106863 0.133504 0.670181 2.65726
0.505326 -0.110488 0.612378 37.3375
0.226795 -0.398588 0.448943 10.0222
-0.135494 -0.112553 0.676119 2.35599
0.28815 0.186027 0.650529 10.9547
0.248312 -0.0125557 0.690526 2.30811
0.601231 -0.00875592 0.552924 83.2089
-0.392528 -0.22903 0.610228 18.2787
0.0157305 0.113577 0.67626 0.00798253
0.304239 -0.0805748 0.682442 5.16647
0.464106 -0.2901 0.528971 35.855
-0.0308293 -0.278981 0.593311 0.10883
0.376463 -0.307884 0.554021 27.733
0.280588 0.229796 0.627255 7.6594
0.631701 0.0424786 0.514971 85.0142
0.417682 -0.227934 0.601736 29.5168
-0.187718 0.144063 0.666323 5.15845
0.41029 0.376156 0.44802 28.7291
-0.129013 -0.0789136 0.683799 3.30963
0.477968 0.144303 0.616301 34.5459
0.486999 0.28911 0.514676 46.8449
0.282218 -0.308127 0.568609 14.3463
0.564663 -0.00356808 0.587294 65.4034
0.0556001 0.162099 0.659924 1.07134
0.342251 -0.062385 0.681493 5.25898
-0.14813 -0.0109287 0.690847 2.97869
0.333724 0.231626 0.621776 14.5353
0.316046 0.156099 0.66099 14.5437
0.644432 -0.0931842 0.484749 83.2927
0.0329417 -0.133172 0.670543 0.847482
-0.0403848 0.130497 0.671082 0.461201
0.369599 -0.20249 0.631796 14.4136
-0.147728 0.0131653 0.689856 2.80633
-0.0932376 -0.229111 0.62765 0.418459
0.133942 0.0359378 0.689385 0.799921
0.333663 0.153149 0.659496 16.944
0.339988 0.166565 0.654114 11.434
-0.130399 -0.144277 0.666306 0.98391
0.287151 -0.183287 0.651094 8.36008
0.477877 -0.205674 0.586608 35.4364
0.146252 -0.0543415 0.687642 1.79136
0.142295 0.0351915 0.689526 1.22112
0.199055 0.0892254 0.681319 4.02084
0.181965 0.0858861 0.682397 2.26433
-0.151086 0.269978 0.600331 3.57882
0.130136 -0.0195392 0.689906 0.841186
-0.0188244 0.376656 0.486392 0.00640351
-0.249698 0.119634 0.674541 6.71456
0.335329 -0.145682 0.662117 11.5674
0.306415 -0.316278 0.558885 21.2211
0.650706 0.0853687 0.476847 89.6724
0.012404 -0.103789 0.677996 0.113381
0.0626938 -0.0479506 0.688103 0.270618
0.500639 0.0832613 0.621902 43.5314
0.085645 -0.172334 0.655889 1.52917
0.00521908 0.0786705 0.68311 0.160443
-0.323176 0.0746714 0.681927 14.3965
0.290803 0.163519 0.659251 5.87564
0.689243 0.0513854 0.413778 90.767
0.0375809 0.0999961 0.679661 0.217222
-0.089645 0.263753 0.605452 0.690972
0.0393508 -0.264827 0.604182 0.64958
-0.0312596 -0.247753 0.616597 1.05062
0.427947 -0.102612 0.651564 20.2264
0.145058 0.19372 0.646896 2.4836
0.447173 0.14071 0.633023 40.6745
0.104019 -0.37293 0.49214 2.40554
-0.108402 -0.0848741 0.682509 1.41311
-0.121104 0.0197755 0.689597 2.27513
0.402238 0.00162317 0.672492 9.12034
0.110621 0.203318 0.641852 1.86191
0.276521 0.0183768 0.689966 5.50417
0.0512225 -0.146248 0.666341 0.869099
0.0216698 0.324853 0.552317 0.00470914
-0.332036 0.331616 0.539272 11.1368
0.430963 0.055144 0.660206 17.6743
0.415185 0.308649 0.538414 36.1751
0.167536 -0.156068 0.662337 3.77408
-0.312039 -0.321754 0.552702 11.7319
0.330704 -0.0275631 0.686958 3.65595
0.107753 0.149937 0.66494 1.7619
0.10127 -0.0544783 0.687311 0.453722
0.125027 -0.0818641 0.683043 1.1391
0.434462 0.0575469 0.658505 25.4118
0.341526 0.0965906 0.675221 9.68842
-0.0244613 -0.0432359 0.688319 0.0583471
-0.0927683 -0.296604 0.578789 0.656672
0.395055 0.256899 0.591168 33.0168
0.192925 -0.392176 0.461894 4.86367
0.384689 -0.144339 0.652931 25.1209
0.581438 -0.301658 0.378689 55.5408
0.165829 0.157387 0.662112 2.54632
0.0844126 -0.0652174 0.686219 0.229123
0.0918212 0.280295 0.592536 0.797515
0.427082 -0.0721084 0.65899 29.3365
0.10459 -0.279665 0.59313 1.76676
0.0664178 -0.11103 0.677022 0.461563
0.0970573 0.163395 0.659288 1.12891
0.217166 -0.162564 0.660522 4.75739
0.345212 0.249469 0.609095 14.0922
0.272593 -0.196136 0.645327 6.7092
0.113821 0.0482328 0.688001 0.578689
0.386068 0.123341 0.659761 16.0327
0.61215 0.0747525 0.532321 75.0804
0.398108 0.2353 0.604896 28.7129
0.15209 -0.182075 0.652343 4.1981
-0.437586 -0.162203 0.628512 24.0524
0.550585 0.239561 0.506309 69.0997
-0.121978 -0.0996454 0.67887 1.64856
0.145522 0.00495179 0.690895 1.25977
0.288297 0.223458 0.631093 13.5996
0.531332 -0.00889058 0.611677 49.313
0.0347292 -0.287835 0.585984 0.615513
0.0775941 -0.0554452 0.687561 0.174446
0.261399 0.00889623 0.690576 3.36313
0.0140976 -0.174018 0.655316 0.0105539
-0.0899756 -0.380648 0.480869 0.744388
0.598691 -0.168472 0.507652 76.1605
0.0505896 0.35026 0.523612 1.48341
0.426723 0.0407896 0.66313 14.9519
-0.20325 -0.344575 0.529691 6.04857
0.61907 -0.0788252 0.522799 73.9104
-0.017688 -0.370801 0.496144 0.145167
0.129053 -0.236133 0.623022 3.488
0.484942 0.263349 0.541371 49.8066
0.140364 -0.238329 0.622498 1.35646
0.415426 0.180622 0.629303 32.5699
0.0750065 0.164679 0.658782 1.64178
0.11714 -0.0759091 0.68397 0.620417
-0.0677189 0.0951791 0.680073 0.365814
-0.227051 0.149971 0.665093 12.1755
0.404183 -0.0196208 0.671823 17.251
0.550185 -0.104938 0.582744 57.1437
-0.10784 0.274432 0.596867 0.899095
0.344717 0.126206 0.667567 10.0963
0.387214 -0.225917 0.613886 20.8266
0.41661 0.293566 0.552066 27.151
0.409545 0.0686566 0.665582 23.6868
0.574358 -0.232659 0.48662 58.4239
-0.115668 0.337648 0.538007 1.6334
0.396249 0.129034 0.655047 17.6564
0.330338 -0.153032 0.660537 14.0975
0.199561 -0.256223 0.609885 7.28869
0.332459 0.172912 0.651788 12.8005
0.515649 0.0903059 0.611655 47.2758
0.17756 0.0777001 0.683797 3.89901
0.0922227 -0.136562 0.669548 0.516325
0.323626 -0.087218 0.679179 6.53783
0.305667 0.0490693 0.686872 5.41827
0.16338 -0.284667 0.588476 2.50703
-0.135675 -0.0150053 0.689855 1.93672
0.0795422 -0.268046 0.601362 2.23042
0.503169 0.208592 0.569494 49.7687
0.0738716 0.359972 0.511317 1.08685
0.25375 0.170023 0.657329 7.38013
-0.326132 -0.0699101 0.682214 14.3984
-0.0170813 -0.129264 0.671631 0.0576813
0.293453 -0.166588 0.658495 12.4271
-0.003747 -0.0866857 0.682031 0.0273612
0.4394 -0.0516316 0.657325 34.5996
-0.0334086 0.193096 0.646547 0.680389
-0.0674055 -0.0501334 0.687664 0.158441
0.47284 0.102069 0.633351 34.3205
0.0834604 0.153031 0.663399 0.192922
0.0532207 -0.0323115 0.689712 0.0402332
0.320947 0.35685 0.51041 18.3063
0.258526 0.169468 0.656961 4.57444
-0.401856 -0.209111 0.619024 23.1734
0.314351 0.190823 0.646642 16.493
0.0834262 -0.187876 0.649539 0.221253
0.519128 0.26207 0.515772 55.4123
0.311433 -0.213081 0.635482 13.3302
0.671948 0.155192 0.391142 73.932
0.369775 0.0908812 0.671492 10.3571
0.160836 0.0500643 0.68782 1.3299
0.140238 -0.0187327 0.690116 1.48567
0.537898 -0.110567 0.59012 46.6994
-0.0811349 -0.018892 0.690462 0.288084
0.447746 -0.0504092 0.653784 25.8594
0.239249 0.294562 0.581164 10.7863
0.211841 0.0516388 0.687229 1.60836
0.468651 0.00901852 0.648059 21.8214
0.03211 -0.070286 0.685251 0.000308665
-0.160919 -0.107705 0.677736 2.68283
0.494718 -0.259611 0.536505 44.6567
0.320479 -0.194437 0.643727 14.3971
-0.00129104 -0.0863576 0.682273 0.0571096
0.0210105 0.010942 0.689997 0.00112442
0.309006 -0.115384 0.673976 8.49101
0.276701 -0.271731 0.599614 10.4548
0.462481 0.033401 0.649924 40.1811
0.386171 -0.365472 0.480139 27.738
0.180519 0.0874384 0.681978 1.48126
0.159545 -0.171292 0.656512 1.5515
0.0364664 0.292072 0.582982 1.1023
-0.00664978 0.0976364 0.679567 0.014911
0.39647 -0.00428902 0.674105 20.7366
0.524113 -0.129192 0.594059 43.7841
0.0350356 0.403941 0.439874 0.385873
0.060538 0.0570958 0.687005 0.705012
0.439546 0.122082 0.642712 20.36
0.303394 0.266573 0.602582 10.8081
0.3305 0.332366 0.538504 20.5311
0.197091 -0.169196 0.657081 3.11518
0.34898 0.191587 0.641129 19.963
0.024912 0.139976 0.667937 0.323636
0.288442 -0.142724 0.667205 8.37217
-0.384482 0.157904 0.648231 24.4362
0.361603 -0.276321 0.585856 27.1749
0.245993 -0.127759 0.672411 3.90086
-0.0550927 0.294509 0.581197 0.972349
0.374331 -0.0526935 0.677324 12.9431
0.308004 0.0263803 0.688197 4.19695
-0.323718 -0.347766 0.522468 12.5324
0.010981 0.103042 0.678589 0.21658
0.0126817 0.0696093 0.685101 0.00870995
0.521218 -0.0688239 0.612164 45.9008
0.588415 -0.131353 0.538315 61.3732
-0.320726 -0.0376929 0.686359 14.2239
0.325284 -0.177231 0.650922 15.2139
0.56992 0.0579176 0.577121 72.4252
0.255796 -0.148481 0.665235 3.96742
-0.0179847 0.137572 0.669416 0.0320752
0.532618 -0.151243 0.578366 63.311
0.147668 -0.142519 0.666987 3.71063
0.261739 -0.379937 0.480803 9.52946
0.0593357 0.0203972 0.690276 0.068257
0.485369 0.254464 0.54757 45.6244
-0.37191 0.00154273 0.680339 19.3084
-0.101018 -0.105392 0.677523 1.80551
0.520713 -0.222742 0.546881 49.5022
0.426183 -0.0363876 0.663717 15.8918
0.258732 0.214531 0.636194 7.82807
0.584441 -0.0676879 0.562616 66.1374
-0.337949 0.107843 0.673127 21.1299
0.0213292 -0.107561 0.677642 0.299546
-0.104011 0.202284 0.642723 0.531745
0.0275956 0.0259327 0.690107 0.0973618
-0.0151589 0.013518 0.690113 0.00679446
0.443864 0.205414 0.605025 32.0486
0.0261813 -0.135991 0.669929 0.240008
0.462296 0.134612 0.628594 34.2612
0.371859 -0.159496 0.650832 22.5744
-0.0184693 -0.151447 0.663731 0.102818
0.0151738 -0.28497 0.588292 0.00530361
-0.346618 0.0978182 0.674762 23.7347
0.351208 0.0146154 0.684406 13.1925
-0.31234 -0.0207023 0.688619 12.0872
-0.0371104 0.39386 0.458609 0.263189
0.636676 0.0577167 0.505195 84.1112
0.0690219 0.0191924 0.690455 0.134159
0.267789 -0.0785619 0.683849 5.14332
-0.0496429 -0.0272717 0.689325 0.224306
0.607397 0.0858165 0.534825 85.6666
0.326255 0.148928 0.662314 7.40685
0.351981 0.164896 0.652716 13.2298
-0.0591529 0.177944 0.6541 0.189743
-0.175784 -0.263932 0.605349 5.71868
0.28623 0.106225 0.677337 6.53135
0.396796 -0.028284 0.673463 9.17477
0.21951 0.302494 0.574053 5.98427
0.347016 0.276243 0.589041 20.5341
0.4637 0.248933 0.566531 38.3753
0.147577 0.187524 0.649726 2.05392
0.265391 0.0119362 0.690225 4.05932
0.28448 0.153574 0.663042 5.34466
0.163446 0.179559 0.653069 2.70961
0.140739 0.178417 0.653587 3.91822
0.573676 0.119513 0.557562 77.0592
0.180161 0.310693 0.566535 4.33661
-0.463111 0.041669 0.647972 29.0086
-0.388924 -0.155868 0.648144 24.6798
0.381896 0.27022 0.584893 27.2759
0.0596976 0.336298 0.539778 1.39814
0.474763 0.0884041 0.635342 40.5937
0.281087 0.0967069 0.679647 4.36685
-0.0364052 -0.279013 0.593434 0.317971
0.309814 -0.173976 0.654137 8.02642
0.484819 0.257796 0.54547 44.2927
-0.0811472 0.375066 0.489313 0.202621
0.43953 -0.0106784 0.66069 22.1068
-0.0247885 0.194104 0.646061 0.0163627
0.356742 0.1636 0.652248 14.1233
0.470597 0.127855 0.626724 34.2532
-0.00937423 0.0357474 0.689249 0.00090136
0.226877 0.0428118 0.68803 1.80473
-0.0751702 -0.0657442 0.685619 1.09541
0.0964588 -0.00273435 0.690456 0.56212
0.2264 0.0592026 0.686367 2.75354
0.185889 0.279772 0.593232 8.56178
0.539068 -0.0848369 0.596325 52.9637
0.233058 -0.160966 0.661034 5.51507
0.109299 0.183623 0.651193 0.464155
0.137951 0.429932 0.371736 2.71527
0.291047 0.149757 0.664222 11.7027
0.350518 -0.112787 0.669712 13.5702
0.554074 -0.229207 0.511494 58.2034
0.0753134 -0.0587416 0.687058 0.299179
0.417737 0.159562 0.637177 26.5635
-0.0145511 0.0524979 0.687072 0.0144047
0.585342 0.152803 0.531798 66.7075
0.0189463 0.2051 0.641386 0.0112475
0.0397669 -0.148645 0.665081 0.343741
0.00290284 -0.331851 0.54384 0.0306472
0.286681 -0.119628 0.674166 10.696
0.0708394 0.114469 0.675614 0.349103
0.269072 0.218256 0.633641 7.74702
0.374201 0.0829682 0.672482 13.7624
0.396567 -0.093542 0.664129 17.2449
0.212423 -0.0578065 0.687247 1.66145
-0.387031 -0.054996 0.673361 22.7754
0.185597 -0.0997907 0.679183 3.51564
0.504963 0.0693572 0.622916 35.5287
-0.0106869 0.0814787 0.683094 0.0687729
0.418972 0.0664337 0.662809 26.489
-0.0384922 0.0691619 0.685393 0.00117032
0.286943 -0.245061 0.6173 8.97965
0.191382 0.140771 0.667985 4.1592
-0.129722 0.0965147 0.68044 1.84305
-0.2379 -0.0781104 0.683994 9.66336
0.416677 0.00641369 0.668132 17.7008
0.511247 -0.094005 0.613142 47.0348
0.00654699 0.0244515 0.689592 0.044327
0.267326 -0.122858 0.673672 6.22314
0.369784 0.0919106 0.671467 8.55076
-0.122944 0.0303737 0.689084 0.788527
-0.117887 -0.278545 0.593433 3.00838
0.0640616 0.318948 0.557892 0.0762039
0.103818 0.138337 0.66852 1.44305
0.0537628 0.000379576 0.6905 0.313015
-0.0625423 -0.014957 0.690697 0.0805015
-0.125806 0.219455 0.633903 3.19095
0.321846 0.145476 0.664267 15.1708
0.0449216 0.317017 0.559466 0.305856
0.508078 0.165789 0.589243 42.4187
-0.0628472 0.242175 0.619776 0.261823
0.216298 0.0406467 0.688848 3.99179
0.120756 -0.0180478 0.689898 0.757337
0.381441 0.198525 0.631052 16.8475
0.136992 -0.176567 0.654193 1.11288
0.0242936 -0.0345536 0.689321 0.198872
0.381652 0.0310709 0.677485 16.0496
0.411597 -0.0413862 0.668452 18.3417
-0.178891 -0.0521931 0.687242 4.36866
0.391471 0.0175651 0.67548 15.352
0.0962275 -0.00997113 0.690031 0.547707
-0.330724 -0.000746452 0.687734 14.6124
0.272874 -0.0674213 0.685597 3.8836
0.49575 -0.0399073 0.63158 34.4818
0.194632 -0.295278 0.580135 7.79014
0.480977 -0.0140983 0.641806 30.4079
0.38331 0.213783 0.621551 18.5697
-0.11335 0.22579 0.629671 1.28932
0.159814 0.199542 0.643691 2.91247
0.593601 0.197356 0.49299 65.0585
0.0623084 0.190116 0.648495 0.333778
-0.14392 -0.0662207 0.68524 5.04419
-0.0771199 -0.282735 0.590255 1.55714
0.519825 0.0323181 0.618879 56.9409
0.162733 -0.315204 0.56194 3.14596
0.393118 -0.14986 0.649205 20.881
0.410922 -0.230585 0.603249 23.3197
-0.123676 0.274603 0.597022 4.0955
-0.375439 -0.106967 0.666654 18.5823
0.482753 0.245916 0.556008 50.2036
-0.168094 0.129251 0.67177 2.46588
-0.0489451 -0.281841 0.591856 0.585711
0.100958 0.137314 0.66914 0.357025
0.63043 0.0857545 0.506355 78.1254
0.29863 0.310593 0.564914 15.6251
-0.213222 0.293619 0.581421 7.51775
-0.387105 -0.279709 0.575452 16.9267
0.402493 0.148385 0.646981 17.6222
-0.16699 -0.0995756 0.679521 6.81494
0.1166 0.302381 0.57404 3.83067
0.170528 0.0912128 0.680787 2.06623
0.0563778 0.089946 0.681413 0.582797
-0.163689 -0.0713482 0.684475 2.78969
-0.0472735 -0.28154 0.591837 0.450195
0.277621 0.0301125 0.689972 5.54743
-0.176693 0.339113 0.536707 2.88498
0.493221 -0.030605 0.633821 30.5
-0.0173805 0.0552311 0.68715 0.286022
-0.102051 -0.253379 0.611937 0.863325
-0.406253 0.177852 0.632791 22.9564
0.122596 -0.0907149 0.680884 2.05993
-0.0844783 -0.212635 0.637444 0.532181
0.104252 -0.264429 0.604626 2.01127
0.201777 0.0132806 0.690684 1.95689
-0.0770549 0.0916682 0.681218 1.28354
-0.167033 -0.189938 0.648357 2.46689
0.349151 0.0723986 0.678657 6.85616
0.154776 -0.00432741 0.69067 1.0643
0.0614792 -0.0211185 0.689525 0.613384
-0.132391 0.139861 0.668614 2.9559
-0.069291 -0.113636 0.675906 0.381726
-0.0968587 0.296648 0.57834 1.18043
0.228535 0.213764 0.636072 4.09129
0.206175 -0.331537 0.544056 4.0919
0.456581 -0.099951 0.640957 38.8741
0.421113 -0.0170425 0.667004 25.9886
0.520759 -0.0123368 0.61949 43.8926
-0.00353881 0.0306267 0.689818 0.434568
0.151491 -0.176062 0.654287 3.84436
0.462085 -0.0833872 0.641996 41.2491
0.350586 -0.212586 0.630531 18.1019
0.214082 0.308505 0.568445 4.90106
0.423127 0.0626181 0.662008 16.721
0.0162763 -0.00417909 0.690183 0.00547441
-0.417845 -0.0231849 0.66705 28.3779
0.438593 -0.27643 0.557407 35.7687
0.43878 0.228981 0.59331 30.9844
-0.360347 0.175118 0.646798 17.1788
0.607239 0.117851 0.523848 76.4004
0.317211 -0.139514 0.666662 7.5872
0.608145 -0.159191 0.500593 80.2118
-0.257626 0.198493 0.644353 9.42171
0.605187 0.15423 0.507893 75.7401
-0.134228 0.18366 0.650858 2.60534
0.00734302 -0.0817804 0.68327 0.154158
0.417033 0.167282 0.634039 25.5505
0.455056 -0.133262 0.631791 42.2449
0.394492 0.3478 0.500291 31.1688
0.655659 0.0426507 0.480813 89.5188
0.145726 -0.249567 0.6144 5.08429
0.525606 -0.0638478 0.610368 41.6583
0.287417 0.0589074 0.686384 7.12549
0.0133615 -0.00967975 0.690439 0.0351532
-0.0641071 -0.156088 0.662157 0.580338
0.0668558 -0.0789632 0.683068 0.412222
0.47668 -0.227655 0.573569 45.4822
0.555426 -0.120574 0.572891 54.8175
0.173131 -0.0792109 0.683575 1.96377
-0.00881962 -0.102877 0.679035 3.70304e-05
0.3004 -0.264784 0.604073 12.8181
0.252611 -0.177679 0.653552 5.28415
0.493147 -0.0320233 0.63462 33.8575
0.144958 -0.402904 0.440576 2.91724
0.387927 -0.356647 0.492285 20.5757
0.290547 -0.0860875 0.681841 6.49614
0.118671 -0.167026 0.657975 2.0441
-0.0637869 0.0308728 0.689015 0.336668
0.0762326 -0.13207 0.670906 0.757716
0.500295 -0.292244 0.50095 46.3034
-0.177526 -0.189472 0.648545 3.45979
0.295262 0.145947 0.666065 10.4853
0.335099 -0.224091 0.626002 11.6492
0.14628 0.10452 0.678308 1.1024
0.313579 -0.354299 0.515512 21.8656
0.494601 0.139565 0.608607 36.6545
-0.204474 -0.170838 0.657186 3.96424
0.0743471 0.339149 0.535885 0.272904
-0.0421919 -0.302924 0.572779 0.0644477
0.0675415 -0.219087 0.633815 0.218342
0.411119 0.245593 0.592841 37.4945
-0.402288 0.0739069 0.666242 25.6755
-0.407435 -0.00652194 0.671601 22.3707
0.292502 0.250647 0.614312 11.1571
-0.083508 -0.00227117 0.690652 0.66748
-0.145167 -0.102954 0.678765 2.898
0.253391 -0.0446905 0.687992 1.64977
0.0102919 -0.102403 0.679137 0.0768983
0.48837 0.176864 0.596459 38.3288
0.0306322 0.0977388 0.679561 0.430184
0.0871437 -0.329513 0.547316 2.09716
0.379656 -0.0606813 0.674334 8.3806
0.45566 -0.25588 0.564764 40.0567
0.0561991 0.101035 0.678775 0.406607
0.294571 -0.362044 0.508016 12.5736
0.192393 0.193577 0.64657 6.5825
-0.374815 0.254685 0.598806 17.4536
0.20241 0.196658 0.644934 3.20963
0.228367 -0.295531 0.579217 8.1645
0.117843 0.234514 0.624954 2.0003
0.198124 0.249414 0.614679 7.93235
0.455898 -0.104063 0.640035 24.703
0.250297 0.25882 0.609148 7.36538
0.0320628 -0.194499 0.645978 0.999004
0.219904 -0.0229414 0.690009 1.57917
0.303008 -0.121982 0.672804 5.017
0.408496 0.324377 0.524192 34.6883
0.484336 0.124974 0.620497 45.4467
0.139429 0.342249 0.53274 5.23209
0.0151911 -0.125299 0.672402 0.141617
0.115905 0.0760458 0.68415 1.46446
0.608859 -0.195494 0.474745 72.5099
0.330457 -0.100136 0.676108 8.07925
0.200362 -0.0842193 0.682136 2.1286
0.611854 -0.167318 0.491324 73.9055
0.0537342 0.194352 0.646481 0.313829
-0.32466 0.0773466 0.68116 13.1212
0.0661714 0.203454 0.642418 0.026149
0.480891 0.229085 0.569814 46.5255
0.384373 -0.182293 0.637926 15.1111
0.431326 -0.220207 0.601654 27.6835
0.30104 0.0264797 0.689449 6.89663
-0.106933 -0.236131 0.623273 3.14599
0.0993673 -0.339396 0.536216 3.28774
-0.118095 -0.0881173 0.68194 2.54798
0.348772 -0.117256 0.668881 10.9061
-0.316105 0.0156442 0.688956 13.4615
0.177467 0.209262 0.638577 4.52871
0.517983 -0.109206 0.60552 58.3579
0.282394 -0.0862527 0.681834 6.62547
-0.168997 0.259591 0.607505 3.87829
0.324223 -0.223511 0.627807 19.1126
0.146058 0.0567643 0.687188 2.27521
0.0306334 -0.0261017 0.689825 0.464859
-0.0736297 -0.0850773 0.682719 0.741049
-0.29092 -0.0125812 0.69049 11.7616
0.546305 -0.275228 0.474621 54.8845
0.363827 0.121663 0.665358 9.17446
0.310879 0.184303 0.65001 10.3441
-0.11608 0.159393 0.661748 1.593
0.35374 -0.362583 0.495447 28.2586
0.281217 0.334704 0.541998 12.2793
0.311329 0.0507412 0.686503 5.5109
-0.209894 -0.0243453 0.690306 4.33313
0.401025 0.0363692 0.671609 16.9015
0.265175 -0.0456879 0.688292 2.39809
0.299331 -0.199256 0.643171 9.69103
0.285827 -0.0991326 0.678981 4.38222
0.561931 0.0599955 0.584044 55.8878
-0.172362 0.210925 0.63844 3.38808
0.110774 0.0121196 0.690733 0.346651
0.17323 -0.266198 0.603458 5.26781
0.397836 -0.152204 0.646863 15.2435
0.0986816 -0.215752 0.635478 0.499818
0.238568 0.099186 0.679087 6.7496
0.380525 0.0140225 0.678042 13.7504
0.0689083 0.312465 0.564605 0.377663
0.112731 0.0428792 0.688088 0.411987
-0.139665 -0.24776 0.616748 1.92268
0.0131652 -0.171317 0.656405 0.0992191
0.0509009 0.01719 0.690195 0.547563
0.310812 0.20995 0.636592 11.5625
-0.00921801 0.0441522 0.688478 0.116597
0.177137 -0.0669661 0.685029 3.40547
-0.126548 0.00337921 0.690348 1.69968
0.105574 0.013373 0.690149 0.930868
0.0927201 0.0544095 0.686977 0.350408
0.397739 -0.352718 0.491942 29.8199
0.617202 0.165627 0.48506 76.8481
0.452901 0.131489 0.633384 40.4444
0.486139 -0.171017 0.600534 42.4948
0.145143 -0.336052 0.539886 4.08657
0.44959 -0.0682602 0.650329 18.9948
0.29733 -0.29284 0.581623 10.5841
0.298549 -0.146879 0.665443 13.2364
-0.191305 -0.0895519 0.68192 3.1253
0.0697579 -0.21491 0.635886 0.936983
0.332099 0.371234 0.489262 13.2827
0.32512 -0.0662856 0.683366 9.15496
0.207121 0.0615885 0.686468 3.18614
0.405969 -0.0119842 0.671836 13.5828
-0.0393025 0.125103 0.672528 0.00137366
0.188116 -0.273926 0.598083 6.00795
0.247935 0.0813301 0.683403 5.81113
-0.013595 -0.200917 0.643096 0.0360029
-0.332349 -0.047868 0.684343 17.3611
0.492966 -0.170415 0.596601 40.6096
0.441368 -0.129907 0.639528 21.6656
0.0748038 -0.0992063 0.679748 0.23088
-0.0963409 0.237638 0.623051 0.522327
0.168749 -0.339696 0.536127 5.20147
0.349538 -0.379024 0.472255 24.2882
-0.161285 0.108982 0.677147 2.51661
0.447206 -0.0485643 0.654485 23.5055
0.316881 0.224974 0.628627 13.0372
0.383689 -0.0789595 0.670914 17.1873
-0.0308464 0.311521 0.565674 0.0990753
-0.156704 0.174132 0.655653 4.22498
0.390015 -0.116386 0.660017 16.9781
0.251811 -0.0878478 0.681381 6.25491
0.242255 -0.343193 0.532121 7.23406
-0.3816 0.0172056 0.67829 24.6724
-0.0213056 0.152322 0.66379 0.0329598
0.0296044 0.0803648 0.683132 0.521616
0.521973 -0.316533 0.447234 52.6844
-0.192498 -0.146497 0.666477 8.07429
0.347971 0.197664 0.639133 16.644
0.379479 0.227263 0.615735 17.6785
0.197416 0.261206 0.607414 6.00546
0.471245 -0.193716 0.597148 38.3941
0.0457534 0.0903134 0.681133 0.307467
0.0458162 -0.310574 0.565589 1.40562
0.457048 0.0294182 0.651583 26.6187
0.388485 0.177371 0.638959 27.5417
0.313805 0.148291 0.664239 10.1733
0.3384 0.210864 0.633915 11.6381
-0.300039 0.00692529 0.689621 14.7845
0.55785 0.145509 0.561395 53.6668
0.356929 -0.304105 0.563031 26.6789
0.251983 0.0221811 0.689629 1.81435
0.448879 -0.239769 0.580927 29.4073
0.571589 -0.111794 0.562744 57.676
-0.256207 0.18001 0.652521 7.05473
0.134243 -0.112043 0.675965 1.55292
-0.14632 0.119461 0.67455 5.51096
-0.433752 -0.0883212 0.653214 26.1149
-0.257375 -0.313857 0.562937 10.4102
0.262852 -0.294833 0.580118 7.68421
0.0785434 -0.0519537 0.687399 0.15819
0.0641558 -0.0926442 0.681332 0.210081
0.222934 -0.136663 0.669661 5.84642
0.570736 -0.156284 0.544206 74.9298
0.0757818 0.0151159 0.690736 0.4758
0.513084 -0.118656 0.605404 49.6167
0.236488 0.228162 0.628681 4.95196
-0.115333 -0.130362 0.671341 2.40506
0.665007 0.100654 0.447039 87.276
-0.0337164 0.201148 0.643043 0.214713
0.464805 -0.101261 0.636731 31.0176
-0.0345051 -0.00136197 0.690825 0.0226556
0.641642 0.0785134 0.492417 79.406
0.182054 -0.127798 0.67167 4.91973
-0.289052 -0.0821451 0.682313 11.371
0.172619 -0.365229 0.503338 7.10181
0.348217 -0.170203 0.651398 13.6344
-0.379434 -0.0656153 0.674241 20.1398
0.193205 0.234482 0.62501 3.03423
0.0884038 -0.0684396 0.685574 0.529859
0.562223 -0.00665145 0.589481 58.1676
0.545667 0.226448 0.522426 63.0595
-0.260831 -0.119813 0.674202 15.2646
0.381347 -0.144146 0.653963 18.3352
0.0838587 0.154478 0.663347 0.562214
0.0910533 -0.124974 0.672342 1.47026
0.349441 -0.231231 0.620051 21.2679
0.367951 0.0954478 0.670396 16.388
0.635302 0.18088 0.444897 80.0216
0.414344 -0.106928 0.655426 29.8977
-0.0656241 0.00524756 0.690845 0.430696
-0.0610081 0.00982771 0.690881 0.109298
0.078981 0.0593297 0.686737 0.148426
0.0353048 0.00974415 0.689958 0.0235805
-0.421951 -0.132392 0.645412 25.6745
-0.00724475 0.272481 0.598896 0.264037
0.403765 -0.0693833 0.667224 17.6341
-0.0971043 0.136934 0.668733 3.3513
0.235101 0.0880789 0.682279 2.70489
0.668652 -0.0623106 0.453231 84.7779
-0.0376256 -0.296788 0.579216 0.0341525
0.397005 0.0199991 0.674401 23.6121
0.251188 0.174084 0.65496 9.02598
0.638223 0.0616334 0.502335 81.0559
0.174598 -0.155785 0.662263 4.28917
0.407945 -0.166551 0.637611 19.138
0.0470237 0.0661779 0.685211 0.126097
0.108534 0.0418484 0.688983 0.337421
-0.166624 0.304048 0.571655 4.63932
0.0608542 -0.143516 0.667048 0.461683
-0.248823 0.0429443 0.688276 7.94552
0.274494 -0.1029 0.678457 4.90894
0.107151 -0.0756468 0.684455 0.785683
0.333339 -0.0933784 0.677168 5.73135
-0.0397724 0.0194232 0.690113 0.13578
-0.081845 0.117053 0.675372 0.126379
-0.00917614 -0.00464896 0.690451 0.0785635
-0.401598 0.239355 0.601119 19.9062
-0.457546 0.149237 0.624527 23.966
0.28765 -0.270911 0.599278 13.4067
0.323684 -0.360956 0.506079 13.8618
0.23299 -0.118367 0.674971 6.50292
-0.0519835 0.213266 0.637308 0.17539
0.522848 0.103947 0.602582 52.3404
-0.0987901 -0.14858 0.665176 1.07065
-0.0284226 0.0596552 0.686514 0.00729111
0.334442 0.0687049 0.681479 9.28262
-0.121674 -0.34317 0.530953 1.39479
0.349557 0.209079 0.632427 17.2977
0.418692 0.334963 0.506519 29.0882
0.344622 0.344171 0.522615 16.6687
-0.212496 0.266761 0.602387 5.74633
0.288066 0.262965 0.605655 10.8644
-0.0176679 -0.304235 0.57235 0.0277727
0.0766799 -0.0479412 0.688369 0.354791
0.225787 -0.0720889 0.684976 4.98944
-0.00339226 -0.0830777 0.683086 0.0192595
-0.386195 0.00998445 0.677167 21.3047
0.621655 -0.135035 0.497514 73.7494
0.0393702 -0.379072 0.482909 0.0115572
0.171752 -0.32798 0.548268 5.34527
0.581237 0.112123 0.553307 66.7523
-0.348485 -0.0129865 0.684574 24.4955
0.394835 -0.254487 0.592409 24.9762
-0.0620827 0.0138498 0.690239 0.457248
-0.289712 -0.0805407 0.683029 9.78982
-0.193172 0.136884 0.669049 9.66829
0.497586 0.16676 0.59535 47.1073
0.235233 -0.369166 0.498511 8.37827
-0.0615749 -0.336237 0.539555 0.356579
0.162889 0.20427 0.641161 1.9897
0.529012 -0.0463219 0.61112 42.3915
0.433644 0.0178602 0.661962 17.8195
0.360886 -0.0830523 0.675164 13.5556
-0.0902239 0.259525 0.607596 1.05919
0.362714 -0.182347 0.643445 18.7437
0.536031 0.0608093 0.604304 46.6382
0.0590403 0.100681 0.678797 0.127188
0.427166 0.293723 0.546374 39.8762
-0.0295964 -0.144273 0.667064 0.16993
0.49729 -0.210874 0.571616 43.8596
0.108076 0.354401 0.517264 3.53377
-0.257433 -0.0405243 0.688585 9.18398
-0.331636 0.334695 0.536902 12.719
0.0669863 0.410181 0.426052 1.83097
0.29457 0.141677 0.667486 7.53307
0.279657 -0.0377337 0.689085 5.25469
0.197053 0.119228 0.674566 4.54446
-0.242579 -0.260468 0.607946 6.22091
-0.128478 -0.011289 0.690214 2.37918
-0.203045 0.371122 0.49559 4.0127
0.34179 -0.111428 0.671363 11.8072
0.417643 0.189586 0.623684 26.0998
-0.00313344 0.0670841 0.685911 0.000243172
0.125938 -0.233883 0.624662 3.90479
0.238286 0.0019282 0.690493 1.54798
0.633264 0.178517 0.451598 81.1483
0.122652 0.170883 0.656709 1.86409
-0.261875 -0.229861 0.627568 14.2672
0.100157 -0.290509 0.584758 0.552101
-0.274351 -0.0254498 0.689807 12.3208
0.44397 0.0598368 0.654774 23.6428
0.0394356 -0.0967933 0.679501 0.267045
0.477539 0.275854 0.533854 43.8945
0.343162 -0.162424 0.6553 14.0831
0.199223 0.149189 0.664646 3.7021
0.252515 0.174502 0.654803 5.94631
0.136065 -0.268999 0.600767 1.86102
0.341633 -0.202128 0.637963 11.9183
0.161232 0.252508 0.613224 3.60835
0.0725846 -0.157561 0.662145 0.625224
0.56523 -0.179297 0.536047 70.6447
0.448958 -0.0890399 0.646907 23.1013
0.109176 -0.144474 0.667145 1.04079
-0.453656 -0.103766 0.641179 26.7402
0.0661826 0.0828552 0.682313 0.222232
0.321758 -0.208962 0.636339 14.751
-0.107112 -0.0934721 0.680266 0.565442
-0.100719 0.170191 0.657403 0.80797
0.0597953 -0.0336468 0.688918 0.134066
-0.128882 0.00652353 0.690272 1.86664
0.0497459 -0.023985 0.690042 0.000960111
0.350485 -0.227141 0.621529 13.9301
0.450407 -0.000972065 0.656309 18.8308
0.268532 0.137954 0.669295 7.30314
0.41987 -0.100718 0.65569 28.2659
0.134683 0.0528885 0.687422 1.19776
0.360241 -0.0891524 0.6733 7.40824
0.4227 0.130639 0.646118 29.5011
0.0767537 -0.419313 0.403649 0.427962
-0.0379437 0.127923 0.672015 0.432168
0.629073 -0.00400661 0.521562 80.2079
0.104116 -0.157956 0.661884 0.985614
-0.0112013 -0.169752 0.657244 0.0234145
-0.371928 0.090379 0.670868 25.8826
0.606932 0.150166 0.507863 70.5758
0.603385 -0.0285397 0.550181 78.9455
-0.110162 -0.031337 0.689859 2.61079
-0.331844 0.0424147 0.685603 15.884
-0.0283627 0.0953285 0.679918 0.00125542
0.573909 0.163168 0.537306 66.7384
0.299311 -0.257001 0.60957 9.36518
0.491878 0.298606 0.500022 53.1429
-0.160949 -0.276178 0.595517 4.71278
0.435805 0.380124 0.42287 31.851
0.0313445 -0.00176512 0.690654 0.120115
0.0646208 0.343088 0.531043 1.71466
-0.229538 -0.308081 0.568402 6.11793
-0.124734 -0.149022 0.66544 2.22413
0.162735 0.140914 0.667561 1.51309
0.192223 -0.254549 0.611582 3.93974
0.377059 0.026053 0.679028 10.6546
0.384675 0.169161 0.643708 16.2404
0.520152 -0.171954 0.578826 48.2398
0.189041 -0.234997 0.624551 4.0458
0.409735 -0.0515681 0.668087 15.0878
0.0574899 -0.133515 0.670093 0.311124
0.235747 -0.17876 0.653005 8.80291
0.458817 0.099615 0.64033 28.0392
0.436663 0.0476106 0.658228 29.3245
0.692866 -0.0557033 0.4053 85.9877
0.601627 0.089667 0.540187 71.4356
0.474567 0.120154 0.627153 26.9536
0.144129 0.111943 0.67589 2.21898
0.566256 -0.0908161 0.573576 74.6564
0.500184 -0.0223643 0.630831 48.6984
0.275258 -0.0671197 0.685156 3.06986
0.014007 0.12521 0.672904 0.11793
0.24753 0.107569 0.677268 3.8424
0.13032 -0.0710527 0.684548 1.17733
-0.261033 -0.258346 0.609053 9.4909
0.138834 0.00545159 0.690507 1.88504
0.0189993 -0.165616 0.658633 0.111337
0.485109 -0.0599099 0.635731 26.5869
-0.0362233 -0.173414 0.655939 0.0289732
0.22245 0.335348 0.540563 10.3839
0.652945 -0.0323745 0.487221 91.4448
-0.0244827 -0.0527662 0.687852 0.0107442
0.0814452 -0.0204092 0.690082 0.404244
-0.141181 0.108506 0.676708 5.13955
-0.122439 -0.32533 0.551781 2.58938
0.510376 0.00416509 0.62617 49.5472
0.432669 -0.0414911 0.66087 25.3731
0.0599653 0.0822362 0.68314 0.260207
0.397785 0.0221888 0.673868 13.8682
0.397241 -0.221777 0.613117 25.9526
0.136253 -0.152124 0.664507 3.11925
-0.214937 0.00706998 0.690042 9.1492
0.468378 -0.236551 0.572015 40.1867
-0.373014 -0.175194 0.644181 18.4697
0.263381 -0.202159 0.642374 8.85618
0.0356651 0.271887 0.599034 0.539802
0.283897 0.136215 0.669448 5.33374
0.174226 -0.136986 0.669353 4.12094
0.385066 -0.0409859 0.675305 8.03427
0.278524 -0.283817 0.589251 9.82877
0.277845 -0.0368256 0.688703 4.9818
-0.44779 0.0493372 0.653746 28.7626
0.513323 -0.325665 0.442591 51.768
0.520682 -0.230418 0.541631 55.7121
0.455361 0.0486882 0.651255 24.5925
-0.393184 0.200997 0.62575 22.3307
0.0257456 -0.2728 0.598293 0.0247295
-0.214596 -0.319229 0.557448 5.14064
0.293527 -0.335853 0.539943 9.79179
0.101892 0.0261946 0.689242 1.33326
0.317575 -0.268071 0.600082 15.1412
0.261555 -0.184891 0.650758 8.29564
0.22468 -0.170274 0.657461 4.80306
0.407437 -0.0260233 0.670332 19.1329
-0.270373 -0.0718469 0.685179 12.1653
0.16613 0.0799335 0.683115 2.91656
0.318823 -0.430506 0.365382 15.4775
0.277682 -0.0949012 0.680541 3.87274
0.303277 -0.219283 0.632255 10.3483
0.415724 -0.0245959 0.668036 13.9363
0.407632 0.155497 0.642006 18.0591
0.13354 -0.0869216 0.681805 2.02358
-0.230543 0.0422179 0.688958 7.52196
0.0246476 0.0702842 0.684915 0.45082
0.44745 0.269329 0.557895 35.4
0.435387 -0.0268571 0.660784 19.3911
0.0894579 -0.14059 0.667536 0.211887
0.0433164 -0.113687 0.676194 0.295644
0.0501074 0.315577 0.56069 0.946243
0.253052 0.0967691 0.67964 2.74281
0.469958 -0.345009 0.456974 44.9937
-0.327259 -0.346291 0.524242 10.4498
-0.00716838 -0.0845584 0.682522 0.136154
0.29622 0.109943 0.676178 8.68117
-0.129553 0.0210561 0.690214 1.1485
0.277606 -0.252875 0.612571 9.89082
0.104575 0.0263666 0.689904 0.967981
0.503433 -0.173349 0.58872 47.0726
0.341437 -0.150915 0.659089 12.6702
-0.0635727 0.0721533 0.684597 0.413663
0.379856 0.318814 0.540947 24.3108
0.375044 -0.0671223 0.674805 16.6116
0.313486 -0.215069 0.634313 17.2092
-0.134742 0.127539 0.671776 1.34982
0.466362 0.0160805 0.648536 37.0616
-0.0883095 0.305014 0.571496 0.651663
0.348741 0.0425903 0.683043 5.4713
0.223942 0.0853644 0.681878 2.12932
0.0466194 0.140367 0.667941 0.678866
-0.166049 -0.162169 0.660045 4.70239
0.451765 -0.312228 0.513608 46.3526
0.441499 0.262002 0.567359 38.7941
0.480832 0.0918543 0.631344 33.3506
-0.388782 0.143563 0.652477 21.7268
0.27394 0.0211303 0.68961 1.55007
0.460914 0.249276 0.567149 40.5231
0.104869 -0.082268 0.682752 0.376563
0.149203 0.0803226 0.68309 2.40533
0.368735 -0.107772 0.668187 16.0623
0.531973 0.294914 0.465757 52.0268
0.110599 0.0479192 0.68801 0.876686
0.574199 -0.21395 0.50284 67.8318
-0.0679611 -0.230081 0.626831 2.1595
-0.0138476 -0.0909837 0.681074 0.137051
-0.40904 -0.126536 0.652137 25.9461
-0.148679 -0.196856 0.645398 3.30017
0.0608284 0.1115 0.676799 0.0698039
-0.204336 0.0754945 0.684477 6.22783
0.0432217 0.0464362 0.687837 0.195534
-0.275738 0.0067601 0.69076 9.07049
-0.264465 -0.362023 0.508217 6.03698
0.14882 0.0429023 0.688666 1.52221
0.0778103 0.146005 0.665928 0.777743
-0.277325 0.291207 0.583734 11.9566
0.401186 0.271803 0.577105 27.7964
0.0790484 0.10104 0.678528 0.256111
0.170491 -0.403574 0.439139 3.63852
-0.204628 -0.297455 0.577835 6.4098
0.243081 0.158633 0.66168 5.78138
-0.354273 -0.125658 0.66582 19.6731
0.258246 -0.245288 0.617625 8.4981
0.0785506 -0.277685 0.594338 0.614719
0.0894963 -0.0896825 0.681493 1.394
0.453481 0.095861 0.643333 23
0.512938 0.0767472 0.615973 41.0974
0.236228 0.068954 0.685685 3.4354
0.270002 0.223002 0.6318 6.46197
0.521595 0.168115 0.57923 54.0007
0.0411947 0.143878 0.666576 0.386135
0.282429 -0.335817 0.539703 15.5177
0.52432 -0.186343 0.5679 48.918
0.0205331 0.0771959 0.683889 0.144639
0.0968407 0.104333 0.677756 0.545278
0.131986 0.106118 0.677967 1.40487
0.0634205 -0.0366364 0.68928 0.316982
0.0883966 -0.0845678 0.682979 0.424682
0.405344 0.177177 0.634268 26.5215
0.540742 0.0140496 0.605609 56.1886
0.265076 -0.0839874 0.682424 3.09042
0.434948 0.243952 0.583794 40.3597
-0.0501811 -0.126055 0.672574 0.186254
-0.0155011 -0.162993 0.660315 0.0478498
0.548807 0.114442 0.580801 54.836
0.431651 0.0964921 0.652285 22.159
0.159905 0.189055 0.648513 5.24027
0.339465 0.302771 0.567442 24.6634
-0.375728 0.103124 0.667003 22.9109
0.249832 -0.346896 0.526456 9.79393
0.372525 -0.140365 0.657502 18.5091
0.0299088 -0.0201654 0.690043 0.0545296
-0.158812 -0.16679 0.658674 3.58134
0.113346 -0.292847 0.582461 3.334
0.33344 0.15865 0.657527 17.655
-0.0878281 -0.11319 0.67636 0.808731
-0.00882306 -0.216327 0.63462 0.151415
0.34873 0.0680896 0.679154 11.6239
0.29529 -0.134573 0.669545 6.808
-0.32335 0.166773 0.656219 20.3857
0.0777967 -0.116659 0.675047 0.14715
0.40221 0.184851 0.631844 29.8085
-0.23474 0.0226221 0.689906 6.18586
0.489367 0.0608541 0.632465 44.4959
0.385031 0.0457929 0.675317 7.96851
-0.0768953 0.347475 0.525836 2.00083
0.436457 -0.0478705 0.658335 30.4904
0.283308 -0.335178 0.540804 12.7578
0.0920826 -0.0335309 0.688886 1.32988
0.4353 0.340316 0.488623 30.5095
-0.214542 -0.248532 0.615398 5.19801
0.0314981 -0.274217 0.597455 0.233728
-0.0610848 -0.14488 0.666523 0.303516
0.473805 0.203304 0.591362 35.5226
-0.241966 -0.0205951 0.689528 13.9071
0.423898 0.123673 0.647202 25.5295
0.331533 -0.0404002 0.685869 3.76701
-0.00313993 -0.303698 0.57221 0.0891117
-0.233948 0.104717 0.67851 7.47379
0.339483 -0.0313894 0.685489 4.15556
-0.149034 0.0450543 0.688549 3.14964
0.171017 -0.1996 0.644179 2.54749
-0.0295731 0.264776 0.60424 0.0335262
0.150646 0.201298 0.643158 3.02333
0.426857 0.0892853 0.655895 15.7106
-0.0193576 -0.112889 0.675864 0.36925
0.145415 -0.0022647 0.690144 2.10573
0.0937325 0.0310182 0.689287 0.517352
0.0530656 -0.202278 0.643017 0.0401286
0.3899 0.0859084 0.66782 15.0238
-0.0452501 -0.107341 0.677104 0.0606877
0.24714 0.142467 0.667215 5.69908
0.166546 0.052421 0.687396 1.08524
-0.431343 0.107666 0.649167 27.4142
0.591876 0.105657 0.544082 67.9821
0.244938 0.0557958 0.687378 3.22447
0.385139 0.360032 0.488412 28.425
0.310618 0.409321 0.424561 13.1388
-0.111687 0.238114 0.622794 2.34961
0.405467 0.0865841 0.663036 17.0069
0.101142 -0.303254 0.572912 2.09504
-0.233272 -0.0789653 0.683696 6.96017
0.283605 0.125456 0.67259 7.15551
0.443339 -0.317459 0.512882 39.8551
0.417439 -0.153054 0.64021 27.0182
0.0281755 -0.246881 0.616751 0.507135
-0.233762 -0.261373 0.606363 5.45056
-0.280947 -0.175827 0.654659 10.5734
-0.300775 -0.107045 0.677011 12.1269
0.228392 -0.290699 0.583778 8.08429
0.0242625 0.304173 0.572222 0.358382
-0.0335088 -0.051971 0.687622 0.000842056
0.023791 -0.172285 0.656729 0.587901
-0.141909 0.180608 0.652254 1.41728
0.616974 -0.0721283 0.527014 85.2281
0.403797 -0.161897 0.64131 20.1195
0.0116289 0.0276344 0.689215 0.0148382
-0.112137 0.351266 0.522056 0.69105
0.432701 0.0947575 0.652481 20.5156
-0.0719464 -0.0487229 0.687461 0.0569766
-0.133232 -0.208355 0.639412 4.31193
0.0847463 0.0198503 0.689894 0.511699
-0.159356 0.0524059 0.686962 6.97086
0.0505779 -0.205514 0.641174 0.707927
0.569615 0.101987 0.566818 59.6031
-0.0744119 0.250117 0.614887 0.856218
0.033161 0.0668424 0.685227 0.0801542
-0.059182 -0.242214 0.619428 0.869558
0.167027 0.0934135 0.680749 1.3157
0.303173 -0.141985 0.667027 6.86006
0.04209 -0.253608 0.612691 0.81186
0.121072 0.00737085 0.690702 0.460076
0.131004 -0.0657489 0.68564 0.686303
0.231973 0.124708 0.672792 5.53825
-0.150042 0.0241749 0.690324 2.66051
0.369402 0.0116979 0.680625 10.0923
-0.0722573 0.282181 0.591094 0.691696
0.429196 0.249996 0.58301 37.7805
0.433043 -0.274908 0.561116 36.6065
-0.0805237 -0.0212308 0.689932 0.822998
0.241247 0.188375 0.648665 7.12211
0.224535 -0.360588 0.509816 5.65284
0.321574 0.0959232 0.678314 7.65366
0.446032 -0.0509108 0.655149 28.9284
-0.285646 0.0664836 0.685554 17.5011
0.215319 0.290936 0.584389 4.47648
0.0763563 -0.000334223 0.690105 0.141676
0.306204 0.294561 0.579606 20.2096
0.428518 0.326079 0.510637 28.5246
0.0598683 0.119727 0.674719 0.11166
0.385309 0.00856146 0.677591 11.8576
0.104608 -0.214517 0.636258 2.91742
0.399744 -0.25149 0.592712 21.4442
-0.214956 0.255724 0.610998 6.25077
0.278889 0.0651541 0.68542 2.51693
0.492992 -0.156757 0.603445 54.3029
0.402909 0.0767301 0.666284 14.2938
0.333811 0.0809371 0.679102 10.9813
0.0571701 0.395234 0.45547 0.357608
0.454238 -0.0838797 0.645638 25.2768
0.496766 -0.0795993 0.625631 33.7295
-0.0290473 -0.17612 0.654325 0.127362
0.4139 0.153864 0.641336 24.4579
-0.0388452 -0.0178848 0.689988 0.246433
0.57437 0.137821 0.54922 64.6639
0.473819 0.361843 0.422781 31.8014
0.261489 0.163883 0.659803 4.5853
-0.113987 0.370082 0.497048 3.39285
-0.0986948 0.013818 0.690665 0.384304
0.544584 -0.131848 0.578326 52.3882
0.456583 -0.00789746 0.653356 36.8862
-0.259392 -0.0890314 0.681622 13.7326
-0.0774028 -0.344491 0.530216 1.76743
0.365334 0.118458 0.665626 17.3666
0.394902 -0.114811 0.659434 15.2731
-0.10601 0.356818 0.515018 0.693362
0.109024 -0.242619 0.619476 2.07513
0.146608 0.27107 0.60031 4.06095
0.65927 -0.189979 0.384197 74.2616
0.531231 0.226455 0.534959 62.182
0.31928 -0.397976 0.447302 13.5013
-0.451319 0.00193546 0.655906 27.6323
-0.0277906 -0.383639 0.475166 0.0628979
0.0200897 -0.105623 0.67807 0.0287319
0.365137 -0.0861817 0.673471 12.8051
-0.164692 -0.0971934 0.680072 3.56757
-0.268584 -0.114185 0.675404 10.0069
0.382301 -0.108481 0.664836 19.9675
0.489238 -0.138737 0.612087 45.1147
-0.363777 0.0171405 0.681449 19.8201
-0.148578 0.372717 0.492929 4.00748
0.142186 0.173128 0.655682 4.40619
0.0784709 0.0755564 0.684503 0.552702
0.0164944 -0.374902 0.490051 0.168619
0.0303112 0.164157 0.658993 0.365754
0.161821 0.265312 0.604095 3.92662
0.0243841 0.220774 0.632445 0.139798
0.421612 0.288838 0.55473 26.5263
0.410645 -0.297341 0.55112 30.2646
0.452993 0.0408329 0.65307 24.8903
0.42241 0.119583 0.649584 22.9338
0.239281 0.12428 0.672789 2.9999
0.434253 0.283007 0.553071 31.2726
0.206419 0.308185 0.568224 4.19655
0.020692 0.195607 0.645338 0.111487
0.217011 0.303613 0.572164 8.13645
-0.0716767 0.0434414 0.688419 0.203374
-0.0578402 -0.0194166 0.689897 0.70427
0.206713 0.234292 0.62465 4.63565
0.108966 0.141941 0.66721 1.77287
0.288628 0.181272 0.651684 13.9034
0.145801 -0.194924 0.646488 1.62274
-0.220443 0.30839 0.56833 5.2286
-0.133318 -0.0665447 0.685389 2.41099
-0.157088 0.0305321 0.689256 3.35984
0.532589 0.234321 0.52737 63.5533
-0.0236393 -0.0462204 0.687933 0.106279
-0.139705 -0.334259 0.54116 3.34976
0.119655 -0.103031 0.678052 1.17683
0.0169248 -0.153007 0.663202 0.00213634
-0.305075 -0.147692 0.664802 17.3414
0.651764 0.0643737 0.48192 82.6433
0.395938 0.228645 0.609402 30.2016
0.346349 -0.0238699 0.684902 5.43623
0.185199 -0.0865051 0.682313 1.90879
0.594572 -0.210807 0.47969 69.6085
0.407251 0.162357 0.639495 22.1824
0.612874 -0.0853397 0.528087 70.609
-0.405074 -0.244959 0.595781 18.4417
0.47031 0.00813529 0.646894 30.3737
0.377497 0.421274 0.362261 19.6362
0.449636 0.0802576 0.648419 26.607
0.301568 -0.263786 0.604562 16.6221
-0.0457811 0.286588 0.587594 0.04627
0.459577 -0.203336 0.598648 41.2738
0.292505 -0.251505 0.613176 14.4992
0.357888 0.163703 0.652093 10.9284
0.35901 -0.100608 0.67116 11.0837
0.417232 -0.0601512 0.663805 19.6977
0.353497 0.0128841 0.684163 5.25517
0.12001 -0.267113 0.603231 1.70185
0.0359193 -0.048266 0.687437 0.0641719
0.30967 -0.249874 0.613695 13.4384
0.393605 0.0312819 0.673816 20.2895
0.00643442 -0.354884 0.517424 0.00622537
0.221598 0.293883 0.580752 6.6977
0.419043 0.217031 0.608404 27.8293
-0.12073 -0.0003663 0.690076 1.97077
0.490107 -0.163153 0.601932 39.2951
0.196533 0.124398 0.672543 2.62789
0.407781 0.10013 0.659402 21.6308
0.403285 0.14393 0.648433 15.4833
-0.128178 0.197204 0.645191 1.33519
0.348505 0.250636 0.607465 17.4031
0.212751 0.0408485 0.68847 1.7074
0.437315 0.01635 0.660895 19.4734
4.33731e-05 0.220935 0.632179 0.00243631
0.320413 0.124344 0.67035 14.4981
0.101959 0.225204 0.630201 0.906924
0.133643 0.00643703 0.690096 0.934378
0.589677 -0.151027 0.527656 68.5006
0.27856 0.089919 0.681787 5.57571
0.461115 0.200705 0.598923 38.0547
-0.169707 0.188959 0.649319 3.45247
0.1539 0.235897 0.623942 1.88845
-0.37643 0.297213 0.563941 15.0624
-0.291476 0.208921 0.638321 10.8312
0.334801 -0.139024 0.664287 14.5178
0.497135 0.171807 0.593499 45.4848
0.283102 -0.0392711 0.689233 6.73076
0.353087 -0.198844 0.637099 14.6256
0.556572 0.0892039 0.582428 64.0582
0.123345 -0.385722 0.472163 3.67356
0.182263 0.0627506 0.685608 2.71147
0.252061 0.12325 0.673701 4.61003
-0.0283676 0.299553 0.576093 0.695718
0.440917 0.0895022 0.650411 29.3163
-0.322887 0.104212 0.676339 13.6423
0.337895 0.211073 0.632988 16.2843
0.0965957 0.146523 0.666143 1.75429
0.150594 0.0999153 0.678847 1.01512
-0.0224552 -0.0914083 0.681305 0.000104889
0.349462 -0.0520396 0.682108 5.17447
-0.072304 -0.255226 0.61144 0.125943
0.10775 0.074897 0.684489 0.795403
0.538497 -0.316694 0.426321 57.3577
0.635863 0.225374 0.394671 69.8636
0.441345 0.130055 0.638647 24.2321
0.263362 0.277412 0.59543 9.45527
0.232716 -0.373248 0.491993 7.27374
0.521207 -0.142337 0.591302 51.7971
0.203457 -0.121073 0.674369 3.01284
0.215845 -0.0769215 0.68398 1.8238
0.323437 0.0881382 0.679221 5.91107
0.232456 -0.0850435 0.682237 4.38836
-0.348105 0.0237721 0.684139 24.0289
0.0395562 -0.159417 0.661472 0.620586
0.419342 -0.122187 0.64959 17.6382
0.208192 -0.227738 0.628653 3.91502
0.0916685 0.2719 0.599062 0.983678
0.384894 -0.372147 0.469279 23.1246
0.196317 -0.1033 0.678531 1.85541
0.357422 -0.292673 0.57253 28.3043
0.527208 -0.133948 0.59058 48.9113
0.346681 -0.302027 0.567503 24.024
0.123999 -0.218166 0.634628 4.13659
0.29698 -0.0992503 0.679256 7.12943
0.450813 -0.285214 0.542748 38.3928
0.380207 0.130643 0.658689 16.8511
-0.193367 0.0519999 0.687348 4.04532
-0.120269 0.0258267 0.689946 1.50601
0.26993 0.246804 0.616288 6.82699
0.327338 -0.124022 0.670387 10.5018
-0.134629 -0.397281 0.451535 1.14006
0.347412 -0.39657 0.441088 18.4185
-0.223292 -0.017228 0.689751 6.11976
0.181263 0.130812 0.671307 3.71775
0.00973072 0.0822046 0.683341 0.0315224
0.630018 -0.00785776 0.519701 89.5235
-0.0586046 -0.259185 0.608294 0.00447541
0.273649 0.159698 0.661628 5.20787
0.207924 -0.346966 0.526648 8.29126
0.481783 -0.0993292 0.629451 35.3039
-0.020289 -0.0475164 0.688114 0.0996721
-0.284141 0.233953 0.6246 13.2222
0.169091 -0.152329 0.663863 1.56661
-0.0654924 -0.189487 0.648865 0.870606
0.625022 0.0919798 0.510566 72.5959
0.29446 -0.0692855 0.68513 2.96869
0.113119 -0.0686078 0.685123 0.512032
-0.059716 0.0237388 0.689465 0.542639
0.563336 0.162334 0.547391 74.4326
0.339736 -0.0704601 0.681058 7.58861
0.317297 0.116543 0.673156 6.38967
0.331178 0.044698 0.685369 9.54673
-0.180678 0.368061 0.499943 4.21014
-0.122849 0.222285 0.632121 2.54377
0.520641 -0.0321557 0.617452 44.7322
-0.0881161 0.0393762 0.688664 1.26242
-0.423547 0.157175 0.63651 22.1892
0.0380396 -0.294009 0.581685 1.10193
0.471439 0.00781632 0.646248 25.3836
0.236578 0.0396565 0.688326 2.15702
-0.00326535 0.371802 0.494198 0.118645
0.219141 -0.104598 0.678064 5.47917
0.371002 -0.158132 0.650815 15.818
0.12614 -0.271606 0.599865 3.84267
0.123226 0.136156 0.668992 1.93803
0.530599 0.0341688 0.611069 56.6793
0.158804 0.112467 0.676365 1.95526
0.371082 -0.070879 0.675378 7.37966
-0.220989 0.215151 0.636043 11.2455
0.0929478 0.0589466 0.687127 1.10384
-0.155361 -0.326168 0.55098 4.07719
0.287414 0.120173 0.673988 4.45566
0.159213 0.127178 0.672049 2.15886
0.647153 -0.133651 0.459457 79.043
-0.00796855 -0.0780109 0.683892 4.50442e-07
0.32535 -0.106765 0.674583 9.73032
0.262393 0.186697 0.650143 6.47698
0.128712 -0.12647 0.671947 1.02341
0.3755 0.270232 0.586759 22.8525
-0.121777 0.143403 0.667507 1.3451
0.340483 -0.0809502 0.67911 11.2491
-0.281717 0.0524653 0.687251 13.3346
0.060131 0.0806618 0.682743 0.356604
0.541124 0.123 0.583689 67.9956
0.318681 0.35023 0.519626 16.0971
-0.168896 0.0548091 0.686701 3.23167
0.581207 0.0535238 0.56767 65.5585
0.334296 -0.315364 0.555907 13.9232
0.358261 -0.1105 0.669184 16.6168
0.290715 -0.200928 0.643284 11.638
0.2143 -0.425633 0.38578 7.66352
-0.228062 -0.135719 0.66937 10.2715
0.10348 0.0482622 0.688176 0.606073
0.147766 0.265906 0.603807 3.67111
0.658972 -0.0995152 0.457698 88.4329
0.355067 0.0675075 0.678887 11.5026
-0.241323 -0.0259352 0.689356 7.43471
-0.365201 -0.237873 0.612804 16.4596
0.106842 -0.135469 0.669623 0.825446
0.501487 -0.10823 0.61534 42.806
0.285241 0.0452436 0.688384 3.87118
0.289079 0.112538 0.676564 5.26423
0.141895 -0.321811 0.555759 6.12578
0.399196 0.317348 0.534709 28.7951
-0.115477 -0.335976 0.539209 1.29872
0.0505168 0.292802 0.581825 1.60546
-0.0397587 0.403594 0.439594 0.00752163
0.366749 -0.328645 0.534901 22.5482
0.482009 -0.0861323 0.632425 36.9648
0.0665739 0.020213 0.689593 0.343447
0.406521 -0.0922745 0.661218 19.787
0.0927223 0.0164486 0.689973 0.715967
0.366767 0.0891721 0.672437 15.2933
-0.112182 0.138156 0.669139 1.50027
0.51817 0.198551 0.564844 57.824
0.206723 0.160499 0.661054 5.62081
-0.33852 -0.0131997 0.68633 18.6516
0.567644 0.243975 0.483393 69.4164
-0.0138021 -0.229218 0.62801 0.321957
-0.0697462 -0.176074 0.654685 0.351072
0.264051 -0.0431616 0.68826 3.08736
0.10175 -0.00510629 0.689997 0.97363
0.303182 0.16868 0.656388 10.7318
0.63676 0.175812 0.446541 74.749
0.577732 -0.0677463 0.568741 66.1573
0.0386684 0.0524495 0.687429 0.202519
0.0520249 -0.125548 0.6726 0.0638279
-0.156467 0.0765161 0.684083 2.23703
0.450921 -0.0305699 0.654591 28.243
-0.078252 -0.317199 0.56001 0.264507
0.456104 0.0460053 0.650578 32.212
0.297343 -0.197975 0.643671 8.75973
0.00911217 0.232386 0.625693 0.113654
0.596167 -0.103849 0.541096 71.4622
0.415504 0.0668593 0.663311 28.8988
0.370155 0.170518 0.64629 17.2599
0.461837 0.189812 0.604369 37.6541
0.346569 -0.327701 0.541348 23.0691
0.291398 -0.0786522 0.68343 2.79912
0.163335 -0.0304838 0.689712 1.38985
-0.273302 0.149347 0.664843 9.71282
-0.184417 0.218022 0.634238 4.10902
-0.198649 -0.188049 0.64941 4.17572
0.158501 -0.148912 0.665355 1.58796
0.354533 -0.0801291 0.676951 12.8247
-0.349055 0.00517159 0.684601 18.1885
0.0287403 0.0920108 0.680616 0.647243
-0.0341341 -0.0335793 0.689199 0.00145127
-0.0944859 0.0391434 0.688513 2.41225
0.205829 0.118721 0.674546 3.49501
0.126285 0.377846 0.485554 1.75721
0.0147068 0.252418 0.613249 0.549733
0.272908 0.12923 0.67184 5.71345
-0.0746927 0.0447127 0.688739 0.65405
-0.436614 -0.0529416 0.657844 28.0484
0.429122 -0.101106 0.651504 22.3008
0.443812 -0.147488 0.631501 26.6335
0.382281 0.395 0.429326 19.439
0.221691 -0.123226 0.67331 4.36658
0.120208 -0.225389 0.629831 2.67564
0.184175 0.153142 0.664135 3.66316
0.361266 0.384301 0.460185 16.2884
0.388512 0.0969246 0.665538 20.0079
0.04971 0.154516 0.66326 0.0099608
0.0604693 0.162775 0.659997 1.04841
0.441664 -0.139974 0.635847 37.1924
0.0701287 0.163113 0.65981 1.04526
0.207671 -0.0752455 0.683731 2.28055
0.423969 0.267261 0.571573 27.1867
0.132467 -0.0985161 0.679373 1.55815
-0.0588647 0.142924 0.667219 0.113434
0.256879 0.241653 0.619686 5.87833
0.309483 0.176237 0.652801 9.47829
0.362423 0.0702359 0.676569 8.96219
0.295531 0.113514 0.675652 7.14109
0.616765 -0.265217 0.370018 57.3673
-0.459096 0.0373915 0.650222 28.42
-0.00380875 0.251524 0.614008 0.196307
0.265097 -0.0945147 0.680343 4.44266
-0.164905 -0.345384 0.529454 2.95403
0.50234 -0.231801 0.554266 43.537
0.0443796 -0.0897637 0.681513 0.0592591
-0.0431102 0.357444 0.514673 0.160107
-0.0323747 0.0324256 0.689047 0.0829949
0.26246 -0.0403126 0.688431 2.34031
0.0454197 0.107629 0.677948 0.128138
0.347129 -0.119758 0.668778 11.8107
0.474549 -0.282284 0.530982 47.0871
-0.0622694 -0.195819 0.645225 0.43653
-0.0773535 0.201052 0.642709 0.607895
-0.0334189 0.043451 0.688605 0.17113
-0.198848 -0.0042065 0.690067 4.4932
0.268135 -0.0514038 0.687605 3.97646
-0.0555795 -0.238302 0.622053 0.387401
0.543281 0.0103896 0.60307 67.0362
-0.264026 0.00919706 0.690493 8.19759
0.512352 -0.050344 0.620768 42.1619
0.342177 0.0505068 0.682852 7.95071
-0.118708 -0.171683 0.656188 0.669403
-0.107967 -0.377442 0.486398 1.60329
0.324084 -0.0744199 0.681452 9.24961
0.568535 -0.151889 0.547727 63.1059
0.542855 0.0690268 0.5974 54.2722
0.2232 0.167845 0.657801 8.15086
0.0219929 0.0527199 0.68701 0.228485
0.527266 -0.0619881 0.609362 54.7526
0.255759 0.0588464 0.686974 1.94611
0.39073 -0.183506 0.635552 30.6391
0.256654 0.255781 0.611267 7.01556
-0.235268 0.0174093 0.690201 7.62761
0.400569 0.148043 0.647572 18.4573
0.257916 0.0442053 0.688526 2.63013
0.176977 0.147088 0.665562 1.90106
0.330126 0.0763513 0.681201 7.48427
0.129219 -0.0881254 0.682058 1.51069
0.185802 -0.198758 0.644097 3.63322
0.407483 -0.00879463 0.670813 13.3632
-0.0788289 -0.141543 0.667616 0.850371
0.356668 -0.0677609 0.678554 6.93263
0.596351 0.0207617 0.557387 69.3524
0.13037 0.247039 0.616701 1.27913
0.376525 0.105434 0.6665 19.5017
-0.4126 -0.0160801 0.66921 23.734
0.0757173 -0.288634 0.586027 2.03259
0.135586 -0.242402 0.619466 3.65506
0.332117 -0.0332996 0.685875 9.7468
-0.3094 0.155453 0.661159 18.2297
0.279171 -0.135585 0.669288 5.21112
-0.261857 -0.22761 0.628843 9.49076
0.338145 -0.275847 0.590278 16.9018
0.331076 -0.313021 0.559359 21.1243
0.581853 -0.0868687 0.560293 72.168
0.292456 0.337286 0.537551 15.6983
0.493348 -0.0449384 0.632675 38.9128
0.197565 -0.0276236 0.689942 1.84911
0.470806 0.0242881 0.646607 35.6934
0.13578 0.330532 0.545201 3.60324
0.501305 0.108865 0.615267 46.5093
0.0204089 -0.0544451 0.68744 0.107885
0.390756 -0.10268 0.664186 21.1628
0.52191 0.128118 0.595997 41.5528
0.612296 -0.0365041 0.539746 76.2387
0.676091 0.0904613 0.42886 85.5517
-0.284237 0.288918 0.585643 8.70231
0.373954 -0.157429 0.651037 14.9428
0.154828 0.054657 0.687271 1.76655
0.182712 0.0482601 0.687526 2.02022
0.564338 0.219418 0.508377 62.2088
0.178364 0.285831 0.587725 7.60936
0.359865 0.152994 0.655704 15.0354
0.0422631 0.0504422 0.687418 0.314731
0.232289 0.0277318 0.689158 3.73359
0.471372 -0.0528619 0.643583 25.3474
-0.1419 0.0365548 0.689009 2.25917
0.154183 -0.0170906 0.689885 1.97853
0.455137 0.156901 0.622897 41.55
0.0262786 0.0589718 0.68648 0.401293
0.0881885 -0.190399 0.648539 0.737002
0.238916 -0.272888 0.598853 8.56569
0.317289 -0.390206 0.460559 13.1208
0.423682 0.155561 0.636648 22.4955
0.381165 -0.357912 0.492773 27.5868
-0.0130212 0.336601 0.538983 0.0152855
0.370911 -0.0947467 0.670759 14.7253
-0.0430476 -0.335887 0.539699 0.166665
0.110544 0.194453 0.645946 2.0356
0.183573 -0.025823 0.68937 1.21861
-0.181368 -0.253784 0.612563 2.96635
0.315595 0.0956781 0.678081 9.07043
0.391642 0.0519634 0.67227 14.3996
0.339511 0.0857431 0.677983 12.5095
0.00922679 0.134235 0.670114 0.0484107
-0.299154 0.324559 0.551207 8.93669
0.205467 0.310998 0.565208 4.88433
0.499519 0.215897 0.567431 51.8183
0.113477 0.24647 0.617143 3.57088
0.459133 -0.0649731 0.646821 25.8488
0.110922 0.0559008 0.686732 0.758012
-0.446495 0.0322009 0.655882 25.7082
0.55554 -0.0277787 0.593311 68.9099
-0.285313 0.0299737 0.689803 9.4636
-0.112747 -0.21244 0.637742 0.707142
0.467936 -0.0535368 0.645199 39.4686
0.200123 -0.112376 0.676562 2.0025
-0.213718 -0.251835 0.613945 5.55847
-0.0384315 -0.227765 0.62908 0.0199388
-0.0757528 0.0281343 0.689689 1.4288
0.222314 -0.132296 0.670185 4.03308
0.459465 -0.0705335 0.646506 38.7355
-0.0235845 -0.0340687 0.688734 0.00235691
-0.174229 0.0223148 0.690099 3.34782
0.128008 0.370519 0.495099 3.56754
0.316332 -0.155134 0.661648 8.11142
-0.128782 0.150251 0.665002 2.23873
0.0626039 -0.139177 0.667943 1.32073
0.417726 -0.122058 0.650842 20.3214
0.0327204 -0.113315 0.676226 0.0181259
0.245996 0.0894283 0.681473 4.512
-0.459623 -0.0187009 0.652133 27.3572
-0.384049 0.110397 0.663642 23.122
-0.0089452 0.0427212 0.68849 0.00282445
-0.0902345 0.367822 0.499021 1.33785
0.285122 -0.223807 0.631345 11.5958
0.0805169 0.0593742 0.686108 0.183455
0.283584 0.424833 0.389986 10.21
0.369948 -0.323206 0.539471 26.3729
0.660262 -0.169247 0.406327 78.4612
0.118917 0.02762 0.689231 1.30822
0.438804 -0.143427 0.63492 35.858
0.165587 -0.00152521 0.690107 1.73561
0.350083 -0.305866 0.562631 25.289
-0.133387 -0.386788 0.470224 1.3331
0.10746 0.153783 0.662902 1.67525
0.130748 0.348809 0.524118 1.14548
0.626329 -0.184532 0.45665 77.1022
-0.0685603 0.0997738 0.678828 1.77213
0.094825 -0.340949 0.533806 3.13852
0.432817 -0.0370701 0.660804 16.0992
-0.286443 -0.0339238 0.689405 17.1959
0.0160212 0.14896 0.664618 0.54715
0.427622 -0.332018 0.504183 33.2776
0.548803 -0.0944821 0.587249 58.3572
-0.11039 0.275967 0.595724 0.952471
-0.116915 -0.153613 0.663684 1.67203
-0.0874142 0.0755404 0.684197 1.1223
-0.304173 0.158029 0.660942 14.9094
0.336658 0.101123 0.675394 9.42055
0.136997 -0.250218 0.614464 3.53563
0.161266 -0.362575 0.506482 3.78055
0.314753 0.33225 0.541178 18.0484
0.638017 -0.103675 0.489558 82.9351
0.268996 -0.0983581 0.679279 5.66413
-0.226761 -0.0172182 0.689854 10.6589
0.111945 -0.0288065 0.689979 1.24836
0.153353 -0.20006 0.643728 1.4196
0.387975 0.0260102 0.676201 14.7375
0.0702801 -0.294267 0.581417 0.566306
0.39742 0.179565 0.635664 21.0568
0.135 0.153726 0.663286 3.33079
0.424956 0.198107 0.616492 33.1923
0.147734 -0.206732 0.640039 4.19806
0.468066 0.0432891 0.645705 29.6985
0.459234 0.0485567 0.649247 39.2645
0.216772 -0.135371 0.670067 2.62589
0.265259 -0.101528 0.678664 3.52252
-0.145775 0.377136 0.486646 2.18636
0.15533 -0.186941 0.649438 2.18741
0.245194 0.121589 0.673797 3.04995
0.446945 0.127836 0.63781 23.3222
0.254638 0.407453 0.430341 8.84034
0.345903 0.299854 0.568918 27.332
0.222857 -0.428661 0.375985 8.57444
0.00374899 0.105362 0.67773 0.0602353
0.328327 -0.22037 0.628979 12.3722
0.327662 0.0445161 0.685067 3.99469
-0.0901777 -0.107903 0.677735 2.04775
-0.0875367 0.00255345 0.690429 0.610137
0.028639 -0.0299356 0.689402 0.456959
0.288523 0.0363781 0.689369 4.14213
0.00522499 0.0309281 0.689909 0.193414
0.227659 -0.0119194 0.690035 1.48792
0.28229 -0.107084 0.677996 7.04838
-0.0843198 -0.110186 0.677315 0.16752
-0.122367 0.0917027 0.681382 0.928602
-0.0404447 -0.00198107 0.690154 0.0378063
-0.0773606 0.0344235 0.689458 0.532172
-0.167591 0.0743783 0.68396 2.66372
0.523395 -0.189517 0.566279 48.4815
-0.0194556 0.230461 0.626673 0.0941122
0.323794 -0.0675976 0.683323 7.6321
0.648955 0.0284995 0.492566 89.9555
0.422471 -0.0903453 0.656352 23.4909
-0.370628 0.157423 0.651458 23.5301
0.00498154 0.181071 0.652562 0.0253701
-0.0410112 0.288225 0.585897 0.0088733
-0.163527 0.087256 0.681702 2.72593
-0.008462 -0.133351 0.670038 0.00260607
0.347651 -0.0906233 0.675932 8.85547
0.0646053 0.0974187 0.679402 0.148461
0.144561 -0.173569 0.65555 2.12179
-0.328085 -0.257448 0.606013 12.927
0.307801 0.0283236 0.688894 2.90505
0.0277677 0.210042 0.638136 0.00990721
0.471797 -0.312996 0.498752 45.5553
0.0698119 -0.11561 0.6758 0.777119
0.533436 0.195763 0.555105 58.035
0.537165 0.201761 0.548148 54.7314
0.676682 0.136312 0.398938 81.544
0.18951 0.162873 0.659538 3.46811
0.205344 0.225972 0.630209 7.41884
0.501421 -0.0318458 0.629174 33.9822
0.474419 -0.0949558 0.633429 31.5984
-0.173208 0.3212 0.555918 4.39686
0.452199 -0.0780643 0.647519 24.4848
0.0321642 0.0429054 0.688391 0.322327
0.453403 0.0396469 0.652655 22.3119
0.439603 -0.128604 0.640142 25.8636
-0.363948 0.161267 0.651926 18.614
0.410208 0.0624044 0.666041 17.0892
0.573691 -0.256134 0.461551 63.1906
0.304589 0.403431 0.438611 13.2645
0.468288 -0.154876 0.618029 42.8347
0.416064 -0.195821 0.620729 30.7274
-0.0267093 -0.0155168 0.69056 0.000238872
-0.0410281 0.119114 0.67464 0.18389
0.270627 0.0725098 0.684423 3.84112
0.584453 -0.0760399 0.560307 65.4912
0.450271 0.270856 0.555815 42.8652
0.257812 0.0364686 0.688692 3.0694
0.55164 0.0363038 0.595568 59.8102
-0.317167 0.00334121 0.68895 15.9953
-0.261119 -0.0902546 0.681642 9.65332
0.474987 0.0340555 0.643704 28.7913
0.446437 -0.181911 0.615377 43.3261
0.335029 0.0139612 0.686545 9.24463
0.437553 -0.216895 0.600319 25.7414
0.121048 0.305905 0.570464 3.68613
-0.195654 0.123146 0.673123 6.67063
0.0293249 -0.106255 0.677571 0.339108
-0.102911 -0.127863 0.671459 3.31372
-0.255539 0.0369076 0.689414 6.98063
0.398059 -0.156586 0.644349 19.1557
-0.0454104 0.174788 0.655203 1.35541
0.372065 -0.0796177 0.672823 8.71325
0.00256261 -0.379488 0.48302 0.22606
0.502476 0.121071 0.610916 42.8351
0.614746 0.109517 0.517163 83.9371
-0.317836 -0.219562 0.631404 15.4492
0.128931 0.124675 0.672393 2.25962
0.0378216 -0.0734397 0.684684 0.139974
0.372912 -0.0207113 0.679546 8.72978
0.393937 0.081139 0.667578 22.52
0.640665 -0.166711 0.447554 82.8712
0.230426 0.114636 0.675472 6.10869
-0.131624 -0.0281276 0.689312 1.04806
0.00301463 -0.307462 0.569647 0.299524
0.195937 0.414422 0.415527 5.07911
-0.343006 0.357085 0.506263 10.0739
0.352294 -0.164351 0.653232 12.6508
-0.21971 0.301095 0.575534 5.61453
0.328112 -0.0662431 0.68315 9.8705
-0.309174 0.15496 0.661511 17.7149
0.310985 0.0670155 0.684405 5.85663
0.096403 0.254563 0.611765 1.40409
-0.265235 0.0668337 0.68515 8.3857
0.138463 -0.255768 0.611128 2.91549
-0.0334187 0.207436 0.639521 0.0683623
0.555958 0.0742843 0.586732 53.9665
0.454417 -0.04444 0.652375 26.1293
0.381723 -0.143387 0.654414 17.0781
0.507989 -0.278301 0.509191 57.8138
0.236357 0.122007 0.673373 4.79378
0.443336 -0.00569054 0.658829 21.6143
-0.351768 0.216176 0.627592 17.681
0.4829 -0.160768 0.607107 38.3078
0.143783 -0.241437 0.619847 2.01861
-0.0500565 0.269805 0.6005 9.85417e-05
0.469998 0.324638 0.485272 46.6094
0.486322 0.0751407 0.632093 32.0374
0.237328 -0.32391 0.552615 7.24747
0.465169 -0.0161956 0.648927 40.9771
0.172208 0.0365697 0.689498 1.38988
0.025363 -0.322026 0.554191 0.128222
0.276625 -0.142245 0.667484 4.5637
0.268996 0.306502 0.570426 11.6374
0.373969 -0.334201 0.52626 26.4407
-0.0549488 0.369672 0.496836 0.211041
0.196788 -0.183818 0.65134 4.09313
0.211282 -0.202606 0.642691 3.82847
0.162838 0.0358812 0.688994 2.35666
0.46643 -0.294131 0.523742 48.4433
0.0483269 0.293264 0.581419 0.213319
0.0228125 -0.103866 0.678155 0.0993998
0.440244 0.0536301 0.656227 27.4272
0.219406 0.143222 0.666917 6.96737
0.340599 -0.112973 0.672023 15.9634
0.622586 0.117514 0.5048 84.4436
0.35245 0.0474892 0.681799 10.534
0.405871 0.0590869 0.667408 18.4638
0.503192 -0.040636 0.627445 42.7742
0.431095 0.0272599 0.662388 22.1508
0.358265 -0.35733 0.501829 22.9124
0.269918 0.0994031 0.679205 8.14952
0.0652745 -0.295389 0.580127 1.0656
0.451259 0.0801672 0.647463 28.8399
0.135778 0.366803 0.500356 1.83759
0.472135 -0.0797806 0.638319 29.4991
-0.197792 0.262797 0.606015 5.56885
0.39688 -0.390839 0.429626 27.8226
0.141345 0.0582495 0.686645 1.0599
-0.373918 0.248891 0.60319 19.7651
0.269051 -0.407127 0.433069 10.0674
0.0580583 0.084896 0.682363 0.0401008
0.292699 -0.037355 0.688683 2.7909
0.371298 -0.0457038 0.678676 6.18741
0.181833 -0.217235 0.634634 4.04348
0.38716 -0.152364 0.649766 20.8006
0.360953 0.0305013 0.681541 9.50603
0.331861 0.163562 0.65572 12.2487
-0.116428 0.100226 0.679665 0.872955
0.282798 0.0515058 0.687715 5.30125
0.443059 -0.296193 0.536385 31.6229
0.243287 0.314275 0.561956 9.8796
-0.0221994 -0.0996541 0.679487 0.065126
0.199948 -0.00303354 0.690209 1.60323
-0.307522 -0.247079 0.614819 13.1099
-0.0334284 0.0155803 0.690433 0.311965
0.342088 -0.116319 0.670781 12.2394
-0.432026 0.204071 0.611077 23.4749
0.361377 -0.306158 0.558997 18.9592
0.392703 0.0858363 0.667168 17.2227
0.0820765 0.0511159 0.687585 0.953239
0.513413 -0.0969024 0.610958 53.5664
0.179652 -0.084838 0.681925 2.61
0.0206686 -0.224843 0.630636 0.318695
-0.0686311 -0.209212 0.638602 0.66128
0.0313608 -0.109048 0.677147 0.0832256
0.292607 0.128293 0.671514 9.46338
0.437777 0.0706558 0.654871 18.9413
-0.0836357 0.0377061 0.689325 1.32682
0.123509 -0.077698 0.683454 2.31607
0.0866375 0.00331765 0.690629 0.296773
-0.0129063 0.0967348 0.679558 0.0282308
-0.32464 0.121378 0.671533 15.145
0.390991 -0.0176945 0.675254 14.6516
-0.0410251 0.227227 0.628662 0.00178722
0.497181 0.0898356 0.622804 49.7294
0.209952 0.00847559 0.690866 2.05012
0.41014 0.157972 0.640094 18.9174
0.293571 0.238007 0.62198 11.3692
0.463183 0.152512 0.621579 27.5643
0.216848 -0.0279577 0.690074 2.26041
0.0544529 -0.193181 0.647408 1.0568
-0.102057 -0.0439604 0.688714 1.34941
0.319916 -0.0282095 0.687145 9.76692
-0.391283 0.115644 0.660055 24.5641
-0.170465 -0.346016 0.528074 2.21919
0.335042 -0.0516564 0.684229 6.72622
0.159397 0.346377 0.5279 3.31047
0.43927 -0.188666 0.61529 29.0057
0.0221068 0.0345156 0.689363 0.460274
0.254598 -0.00724059 0.690062 1.89069
0.1269 -0.100437 0.678863 0.758467
-0.239066 -0.347048 0.526423 9.20145
0.0411425 0.0653395 0.685624 0.0546551
0.312703 -0.207493 0.63787 13.976
0.0162624 0.00286757 0.690157 0.0886053
0.662366 0.0107511 0.473385 87.4823
0.343366 0.0478717 0.68312 7.61584
0.1677 -0.197366 0.645448 3.8422
-0.195831 0.329503 0.547229 4.11978
0.538671 -0.120804 0.586892 64.3836
0.570532 0.0757065 0.573233 57.9812
0.277436 -0.222188 0.632342 13.9855
0.0967217 0.00897392 0.690382 0.223493
-0.1214 0.0932698 0.680712 3.1784
0.548772 -0.298712 0.440815 55.5074
0.356457 -0.0976383 0.672274 16.1169
0.0625154 0.0880196 0.68213 0.420012
-0.208552 -0.129721 0.671318 5.66587
0.147848 0.393212 0.459736 4.68227
-0.336246 0.130087 0.667706 14.9813
-0.0121962 0.0091346 0.69035 0.153597
0.377437 -0.102634 0.666815 13.9033
0.132327 -0.25213 0.613243 1.04523
0.442216 -0.0252282 0.658119 20.8534
-0.0760922 -0.0137118 0.689998 1.32922
0.394703 0.100801 0.663155 14.3384
-0.298132 0.292079 0.581676 14.6981
0.455187 -0.369203 0.425735 38.0997
-0.411326 -0.029896 0.669254 24.8395
0.369792 0.0205988 0.680776 11.0346
0.502777 -0.0279356 0.628558 36.2308
0.223531 0.391582 0.462962 5.10169
0.0590731 -0.173884 0.656037 1.21005
0.20821 0.241828 0.619713 4.05599
0.426072 0.139679 0.641295 26.8378
-0.286833 0.235269 0.623975 9.7824
0.345137 -0.128053 0.666283 14.5784
-0.00474672 0.283256 0.589868 0.206016
0.496946 0.0744183 0.626045 47.626
-0.127539 -0.123055 0.673304 2.44756
0.256182 0.0198155 0.690315 2.69118
0.579874 0.105362 0.556671 63.1674
0.192087 0.0977505 0.679988 1.7114
0.385165 0.172713 0.641907 18.0834
0.246259 0.203005 0.64176 5.96414
0.495748 0.0774287 0.626154 32.0846
-0.263582 -0.313599 0.562689 7.99758
0.0819659 -0.153399 0.664063 0.82643
0.411835 -0.0787911 0.662314 24.1706
0.421385 0.323978 0.5185 31.6515
0.305678 0.147128 0.664561 8.19793
0.3438 -0.333031 0.536323 22.4562
0.194365 -0.176041 0.654664 5.74247
0.467932 0.0565242 0.644832 27.4487
0.594553 -0.194483 0.493791 66.2602
0.574794 -0.26202 0.453932 67.777
0.324831 -0.176056 0.651569 10.2565
0.0262042 -0.0912218 0.681435 0.122244
0.583245 -0.136902 0.54117 65.3158
0.506681 0.200706 0.572134 46.7496
0.404193 -0.0243046 0.671668 22.7155
0.570939 -0.0458339 0.578151 56.8671
0.386036 0.220737 0.617669 20.4842
0.620787 -0.00067109 0.53196 75.7191
-0.00944512 -0.0649218 0.685338 0.182321
-0.187076 -0.0257728 0.689843 4.83481
-0.0980379 -0.0981873 0.680025 0.951095
0.472171 0.0664503 0.640413 26.4791
0.0589768 -0.0415349 0.688549 0.627747
-0.016513 0.113953 0.675865 0.00226512
0.536068 -0.309454 0.440165 47.5266
0.455167 0.252554 0.568414 34.2252
-0.068707 0.00509567 0.69019 0.14121
-0.155663 0.0652655 0.686238 3.15154
0.110807 -0.167508 0.65767 0.7108
0.0881698 -0.303911 0.57215 0.860682
0.111129 -0.125879 0.672977 1.23782
0.600112 0.204765 0.478051 74.0848
-0.039165 0.234146 0.624281 0.00755823
0.0961582 -0.291545 0.582631 3.09685
0.381066 -0.0744965 0.672231 13.3273
-0.225002 -0.12226 0.673504 6.56993
0.45759 -0.132279 0.630753 37.2038
0.133159 0.123438 0.673646 3.04845
0.375947 -0.0742387 0.673703 18.9228
0.451361 0.249645 0.571502 34.3295
0.485567 -0.00731531 0.639653 31.6689
0.025194 0.048779 0.687481 0.190765
0.498842 -0.0786962 0.624819 40.8027
0.555026 0.188292 0.541223 69.1358
0.368152 0.083791 0.673766 15.1087
0.149824 -0.384039 0.474681 2.15562
0.563872 -0.201833 0.523309 72.9287
0.141678 0.142815 0.667306 3.30293
0.511541 -0.220537 0.554782 46.8121
0.0814702 -0.00566419 0.690305 0.133587
-0.113991 -0.313128 0.563476 0.650153
0.352158 0.209068 0.632146 14.2616
-0.0456804 -0.292745 0.582101 0.61859
0.11215 -0.015595 0.690276 0.859437
0.425643 0.143064 0.640531 25.1215
-0.0269733 -0.0474123 0.688465 0.0121049
0.215308 0.185369 0.650983 3.78765
0.221544 0.152891 0.663946 5.75994
0.391326 0.130187 0.656339 16.8635
0.573563 -0.207792 0.508498 63.4918
0.349116 0.35502 0.506829 22.1378
0.0573246 0.171653 0.656137 0.852644
0.319976 0.0428057 0.686132 6.00032
0.36516 0.0206056 0.681177 16.3014
0.155423 0.0780196 0.683428 1.18137
0.204241 -0.152814 0.664212 5.56572
0.1703 -0.0077893 0.690851 2.05846
0.216385 0.32186 0.555379 7.646
0.225945 -0.2631 0.605947 4.9039
-0.0392302 -0.308232 0.568679 0.0413255
0.674086 0.0267914 0.452036 92.1408
0.399922 -0.0205666 0.672967 18.3961
-0.108972 -0.18246 0.652094 0.943036
-0.317965 0.164927 0.657434 16.7197
0.270855 -0.260592 0.607795 11.7011
0.45631 0.0149726 0.652986 31.4492
0.0257028 0.0105664 0.690803 0.0960892
-0.114123 0.198313 0.644215 0.732844
-0.0203416 -0.0494191 0.687445 0.0371825
0.405969 0.349245 0.493329 27.9421
-0.0575963 0.146974 0.665473 0.925769
-0.332165 0.0244076 0.686199 22.2822
-0.428348 -0.0846864 0.656415 24.0639
0.556496 0.167964 0.551698 66.9942
0.293379 0.202506 0.641643 14.2932
0.0426348 -0.156772 0.662506 0.740862
0.30075 0.122751 0.672421 7.44556
0.508632 0.0783248 0.618413 44.1666
-0.0478482 0.0442984 0.688693 0.038234
0.261975 -0.298248 0.577488 7.62109
0.019221 0.041511 0.688591 0.0532738
0.312244 -0.179836 0.651261 12.6314
0.448727 -0.0307137 0.655395 25.5344
0.5327 -0.0630247 0.606282 45.6929
-0.0965348 -0.355224 0.516518 2.98976
0.0204341 0.0420636 0.688801 0.39427
-0.0976155 -0.347271 0.526267 1.40367
-0.185971 0.215805 0.635061 5.24632
0.573765 -0.136309 0.5511 63.4256
0.376314 -0.18339 0.638869 21.2159
-0.357412 -0.11482 0.668712 22.8421
0.616329 0.0841992 0.524687 73.6305
0.202027 0.00709733 0.690766 1.36326
0.255156 0.047653 0.688262 3.64023
0.383722 0.0345798 0.675975 14.5804
0.571872 0.119233 0.559835 67.223
-0.212018 0.35477 0.517909 4.11595
0.197596 0.277407 0.594497 3.40747
0.0759145 -0.101258 0.679127 0.159731
-0.246668 0.304746 0.57106 7.75263
0.404945 0.0436114 0.670245 16.8582
-0.0188143 0.0854027 0.682304 0.00761881
0.403472 0.281156 0.568976 27.9897
0.357677 -0.0192399 0.682495 6.09883
-0.0960655 0.264178 0.604653 1.13397
0.126716 0.111342 0.676838 1.95938
0.296565 0.146157 0.66533 12.1288
-0.332615 -0.0826623 0.678923 15.0623
0.379983 -0.211995 0.624341 24.6338
0.108484 -0.0308973 0.689874 1.26956
0.169143 0.162927 0.659504 3.13888
0.0225742 -0.292114 0.582387 0.00763859
-0.327642 0.136675 0.666488 13.6152
0.167211 0.0890604 0.681249 2.5173
-0.127873 0.113251 0.676288 1.01593
0.560275 0.1598 0.551527 57.0777
0.0865199 -0.17045 0.657148 0.393203
0.461612 -0.0654241 0.646044 26.4922
0.442152 -0.0518416 0.655727 19.4856
0.560028 -0.132687 0.564613 71.8231
0.342888 -0.0368125 0.684209 9.14098
0.327573 -0.147821 0.6631 11.8574
-0.0634611 -0.170491 0.656805 0.220984
0.031265 0.0654083 0.686004 0.0274619
0.129113 -0.323495 0.552708 4.23012
-0.0640455 0.0833514 0.683159 0.529681
0.314694 0.345753 0.526326 22.397
0.253756 0.166729 0.658161 9.48922
-0.134366 -0.306206 0.569955 1.61935
0.466584 0.0339014 0.64746 24.5849
0.306157 -0.161628 0.659825 7.75741
0.416431 0.163786 0.635801 33.7829
0.459945 -0.0775917 0.64456 34.877
-0.106281 0.134819 0.670172 2.04939
0.233388 -0.258434 0.609341 4.88776
-0.0825954 0.063387 0.686216 1.55881
0.605552 0.190249 0.483204 73.5717
0.00466085 0.347142 0.527219 0.0273844
0.0682406 -0.0884276 0.68135 0.900538
0.277123 0.279734 0.593128 9.61921
-0.0470109 -0.0140554 0.690156 1.16867
-0.331083 0.25025 0.610242 17.2334
0.389094 -0.030454 0.675803 15.8949
0.378571 -0.00222595 0.679359 7.2577
-0.325045 -0.17121 0.653872 15.0832
0.271051 -0.140643 0.667645 6.58584
0.335549 0.0952771 0.676279 13.6375
0.317132 -0.177182 0.651716 13.5067
-0.172327 0.115119 0.675762 3.35789
0.571334 -0.116981 0.561408 62.9486
0.0521124 0.058534 0.686237 0.112921
0.371172 0.135207 0.659153 16.4944
-0.0543683 0.0128666 0.690239 0.236257
0.0619695 -0.124834 0.672909 0.743414
0.0323045 0.357179 0.514601 0.931693
0.00769872 -0.092897 0.680355 0.189414
0.367645 0.366811 0.485522 22.0708
0.00401124 0.221925 0.632316 0.138871
0.227713 -0.00866596 0.689958 1.72781
-0.355659 0.0946586 0.673825 23.2158
-0.250848 0.147236 0.665496 8.30149
0.00805096 -0.0779719 0.684178 0.0365009
0.0096677 -0.126015 0.6723 0.0920498
0.273564 0.146763 0.665716 6.33313
-0.269243 -0.065645 0.686111 9.36462
0.275358 0.409812 0.426627 11.6131
0.433423 0.103313 0.649324 21.9309
-0.092821 -0.0425798 0.688944 1.51447
-0.192953 0.326405 0.550792 4.13238
0.473483 -0.152491 0.61613 37.8466
0.0275159 -0.331122 0.544536 0.166512
0.315439 -0.166377 0.656806 11.5263
0.125108 -0.115681 0.675467 1.98828
0.231335 -0.213703 0.63688 4.66309
0.377838 -0.160915 0.649117 16.3589
0.360934 -0.101231 0.670967 17.7857
0.270786 -0.0751673 0.683712 2.97804
-0.388913 0.15813 0.646783 20.7773
0.232081 -0.166039 0.658632 5.50129
0.2813 -0.130949 0.670665 6.48433
0.15072 -0.111518 0.676089 2.26714
-0.036775 0.0227648 0.69006 0.0206435
-0.229807 -0.0743328 0.684161 8.53168
0.191682 0.127334 0.672092 4.13764
0.147733 -0.111694 0.67664 1.06987
0.418639 0.112703 0.65246 24.9381
0.226774 -0.113683 0.675972 2.6029
-0.0572721 0.035785 0.689543 0.290499
0.477166 -0.115284 0.627093 43.9617
0.355818 0.199435 0.63627 16.4763
0.3693 -0.194273 0.636058 17.592
0.330293 -0.152093 0.660861 17.2657
0.578939 0.089266 0.562532 66.8147
0.291027 -0.134742 0.669172 7.46959
0.593681 0.0613364 0.55428 81.798
0.2153 0.151586 0.66432 3.66908
0.115037 0.118305 0.674654 0.444492
0.479432 -0.053621 0.638567 31.0318
0.0872499 -0.140491 0.667791 1.32323
0.410961 -0.155625 0.641317 25.2767
0.184993 -0.191208 0.648205 5.75508
0.438818 0.0695592 0.655198 34.5181
0.268591 -0.22476 0.630623 12.9451
-0.251959 0.26605 0.603194 9.4235
-0.0987246 -0.17486 0.65514 1.30285
0.319178 0.260621 0.604732 15.4494
0.0554039 0.389565 0.465477 0.689759
0.370046 0.120179 0.6646 17.8987
-0.112787 -0.24662 0.617006 1.28394
0.534437 0.0556517 0.6057 58.8529
-0.0784056 -0.0227854 0.689777 0.29967
0.11749 0.176242 0.654978 2.25987
0.299586 0.187015 0.648961 9.30295
0.41282 0.255644 0.584743 29.2544
0.535413 -0.135542 0.583196 58.1718
0.209827 0.102389 0.678484 3.72878
-0.181273 0.203635 0.641358 5.58441
0.26303 0.126365 0.672218 3.87511
0.418963 -0.149294 0.640416 18.7823
-0.232221 0.0833137 0.682265 5.21523
-0.0187014 0.0893745 0.681545 0.478723
-0.0541758 0.147063 0.66581 1.61734
0.12762 0.0886153 0.682171 2.20046
0.228527 0.108077 0.677529 6.67113
0.106869 -0.174515 0.655558 0.50875
0.18516 -0.202244 0.642355 4.38562
0.345436 -0.0450613 0.683409 7.73074
-0.0359161 0.31929 0.55812 0.0542743
0.148751 0.185825 0.650459 2.14595
-0.0620656 -0.259407 0.607786 0.0395974
0.442829 -0.0219936 0.65857 18.0621
0.52456 0.25399 0.518689 54.2601
-0.0650507 0.063305 0.685796 0.104976
-0.145575 -0.0368217 0.688902 1.93127
-0.295874 -0.0573854 0.686495 18.4672
0.37969 0.0809219 0.670987 16.0417
-0.169259 0.0606305 0.686543 5.87504
0.0999079 0.220955 0.632782 1.27846
0.200939 -0.210343 0.63876 6.53008
0.193786 -0.0884828 0.681972 4.00227
0.525977 -0.327122 0.423568 46.0526
0.289208 -0.0264214 0.689698 4.90758
0.0646573 -0.13765 0.669235 1.12849
0.709545 -0.0250977 0.365582 82.7527
0.350111 -0.0121001 0.684467 11.4201
0.227782 0.220157 0.632456 5.88094
0.412754 -0.18068 0.62948 21.3453
0.495019 0.231966 0.558818 51.3314
0.340939 0.0418274 0.684394 6.6354
-0.312745 -0.0291608 0.688424 13.2191
0.0466594 0.170437 0.657468 0.0264855
0.00747771 -0.160194 0.660728 0.00406187
-0.108555 -0.0116273 0.690426 2.68629
0.455306 0.343219 0.471773 45.1114
-0.430571 0.00671377 0.664152 25.8452
0.0982081 -0.0768724 0.684011 0.70459
0.23542 0.293624 0.581439 10.6666
-0.112065 0.0114171 0.690745 0.657421
0.27029 0.173412 0.655691 6.75597
0.500953 0.099399 0.618009 44.0586
0.0597968 0.216592 0.634614 0.976173
0.421205 0.106305 0.653987 17.8925
0.59169 0.116035 0.541109 63.1312
0.11086 0.231703 0.625999 2.90492
-0.121488 -0.10825 0.676822 2.04109
0.0293556 0.254029 0.611863 0.831496
0.334152 -0.13064 0.667312 11.2962
0.541689 0.00340663 0.60442 45.7184
0.485546 -0.00311543 0.639098 42.1674
-0.150791 0.0287852 0.689464 1.81896
0.502456 -0.0686759 0.624539 39.6159
0.382253 0.167251 0.644455 17.586
-0.0203204 0.00174182 0.690489 0.19543
0.31383 -0.133651 0.668699 12.2147
0.127233 0.0596873 0.686522 0.874914
-0.236242 -0.058719 0.687085 7.53587
0.414799 0.215174 0.61057 33.945
0.00605502 -0.0332361 0.689548 0.0165755
-0.0392922 -0.0551228 0.686722 0.287193
0.0352126 -0.0277624 0.689284 0.153778
0.549649 -0.133139 0.573943 54.1157
-0.398078 -0.140836 0.650271 24.9743
0.0134116 -0.341702 0.533687 0.326109
0.463158 0.0454328 0.647611 38.9502
0.0403695 -0.137657 0.66844 0.25449
0.330053 0.382392 0.471138 20.1152
0.360314 0.00912213 0.682872 5.01977
0.565712 -0.0646424 0.579948 65.4934
-0.034802 0.0581092 0.686861 1.05363
0.217508 0.00375079 0.690445 2.66197
-0.0735497 0.0756378 0.684271 0.639981
0.499999 -0.185675 0.584514 57.1709
0.169796 0.0355745 0.688862 1.56115
-0.216436 -0.103783 0.677931 6.95175
0.213429 -0.360923 0.509083 9.38633
-0.391443 0.0230691 0.67522 23.3627
0.0243744 -0.133369 0.669771 0.024344
0.202306 0.0366926 0.689044 1.71195
0.448298 0.0222854 0.656302 35.4121
-0.177303 -0.0427425 0.688723 5.25302
0.400437 0.385252 0.437473 32.9888
-0.190441 -0.161871 0.660581 4.34768
0.485085 0.0128999 0.640041 34.4208
0.101845 0.0249459 0.689602 0.452748
0.553738 0.0453359 0.592547 65.3328
0.112723 0.0044779 0.690502 1.14715
-0.00239875 -0.0549733 0.687215 0.00271735
0.223238 0.181212 0.652474 4.04926
0.290893 -0.167722 0.657471 8.9815
-0.0768481 -0.199725 0.644177 0.363358
-0.0088139 0.00409417 0.690913 0.000474799
0.367023 0.372347 0.476488 21.4826
0.0980191 -0.157459 0.661613 1.35837
0.0888151 -0.218556 0.633932 2.54445
-0.0369127 0.182106 0.65168 0.0421011
0.606586 -0.0914769 0.533066 76.7789
0.306631 -0.286963 0.585874 13.2553
0.408799 -0.0960478 0.659889 15.1723
0.290642 -0.0971765 0.679979 5.16144
0.551266 0.326471 0.385145 49.0169
0.259137 -0.130377 0.671168 4.29559
0.127401 0.2891 0.585857 2.37924
-0.0459966 -0.121126 0.673986 0.383338
0.229514 -0.00132696 0.690101 2.16633
-0.325918 -0.0532529 0.684221 14.8928
0.248863 -0.105341 0.677618 7.1576
0.171856 -0.335126 0.540513 4.16626
0.00880004 -0.234004 0.625036 0.0468068
-0.243559 -0.122076 0.673459 13.6285
0.358433 0.0890476 0.674301 12.9779
0.656243 -0.0548933 0.476589 91.7952
0.356088 0.0975314 0.672572 10.6384
0.474621 0.112158 0.629567 35.3131
0.180884 0.210186 0.638573 5.53832
0.278004 -0.148515 0.665381 9.21578
-0.0939158 0.148495 0.665734 0.317493
-0.0262412 0.240998 0.62055 0.593999
-0.297389 -0.055287 0.68687 12.3547
0.357086 -0.201886 0.634229 17.8701
0.0669642 0.00139285 0.690306 0.371916
0.494632 0.156287 0.602637 51.0557
0.435453 -0.325621 0.507603 33.8424
0.480836 -0.272701 0.534706 50.7325
0.489055 -0.0292301 0.636989 33.9776
-0.316994 -1.27588e-05 0.688415 13.3141
0.5136 -0.0400507 0.621007 57.3122
-0.396383 0.126609 0.656007 24.5876
0.267161 -0.143592 0.667055 10.2431
-0.165445 0.281673 0.592083 2.92364
-0.0690705 0.188075 0.649458 1.92729
0.618355 0.202914 0.452537 79.3039
0.41663 0.237737 0.596529 37.7937
0.398364 -0.102428 0.662132 14.746
-0.454085 -0.224487 0.587799 21.2384
0.367923 0.0356972 0.679757 15.5326
0.16108 -0.257915 0.609527 6.26597
0.408621 0.0686743 0.665856 11.4891
-0.187305 -0.129247 0.671444 4.18421
0.3965 -0.121932 0.657422 13.8835
0.152236 0.244612 0.618473 1.5959
-0.287504 -0.145736 0.666198 11.3273
0.165338 -0.186728 0.649467 2.4799
0.0151877 -0.0684699 0.685132 0.0411504
0.393666 0.187783 0.633041 20.8593
0.481369 0.0379688 0.640239 30.5388
0.485059 0.130021 0.618492 49.5945
0.288299 0.163275 0.659661 7.64947
0.0581613 0.0769658 0.683931 0.0765673
0.392208 0.363639 0.479081 24.1673
-0.0277611 -0.0536162 0.687092 0.013907
0.10794 -0.0951138 0.680137 0.510532
-0.0524283 -0.290794 0.58433 0.0230296
0.371227 0.0463783 0.678157 10.2705
0.175571 -0.100571 0.679229 4.02913
0.162475 0.0147294 0.690043 1.03685
-0.157479 -0.100198 0.679551 2.3223
0.094732 -0.0293383 0.689766 0.743518
0.0326935 -0.360536 0.509835 0.985425
0.394845 0.0550574 0.671951 14.4866
0.0129795 -0.0345627 0.688739 0.00578159
0.0728303 0.397659 0.450893 0.465195
0.444634 0.0479272 0.656017 20.7073
0.269138 0.0229183 0.690032 2.07453
-0.0213411 0.295663 0.579801 0.000488027
0.398165 0.103474 0.661007 13.4583
0.289385 0.110183 0.676249 6.4451
0.197028 0.033612 0.68972 1.35604
-0.0426909 0.147878 0.665278 1.3318
0.480765 -0.192188 0.592703 39.573
-0.184867 -0.0434749 0.688105 3.6563
0.0488081 0.283617 0.589397 0.498981
0.178423 -0.0382335 0.688657 2.84213
0.560546 -0.0434103 0.587693 56.2299
0.489229 -0.229824 0.564234 45.5214
-0.1718 -0.157934 0.661659 3.10005
-0.193366 -0.0964003 0.679777 4.97236
-0.011706 0.0904103 0.681788 0.000189258
0.353577 -0.0262569 0.683381 5.28805
-0.373024 0.0062282 0.680069 19.9296
-0.0879531 0.163405 0.659475 0.590069
0.3392 -0.385045 0.46516 23.3568
0.305239 -0.0163292 0.689582 7.03984
0.0746257 0.0274417 0.68969 0.552563
-0.242557 0.0773241 0.68344 7.95318
0.217887 -0.288315 0.586278 10.5089
-0.205962 -0.381227 0.478989 3.97856
-0.2524 0.00214968 0.690194 9.94475
0.279323 -0.0382676 0.688536 5.5488
0.356331 -0.00287844 0.683913 5.18815
0.154758 0.00222225 0.690101 1.66749
0.135986 0.158379 0.661477 1.06559
-0.0674812 -0.145041 0.666893 0.473088
0.0256344 -0.00787787 0.689952 0.14899
0.386151 0.0987758 0.665828 15.9509
0.392234 0.0934033 0.66564 20.6461
0.151424 0.247865 0.615638 4.76093
0.465225 0.0887237 0.639873 41.4257
0.0908856 -0.122969 0.673126 0.859215
0.412474 0.133929 0.648621 16.1172
-0.0419074 0.323012 0.554093 0.125673
-0.105269 -0.372548 0.493775 1.57304
0.212126 -0.274636 0.597532 7.33245
-0.121246 -0.093266 0.680416 2.4106
-0.245212 -0.153759 0.663203 7.61012
0.587692 -0.135013 0.537165 67.2727
-0.073955 0.0997956 0.678847 0.46943
-0.0605075 -0.103432 0.678944 0.806034
0.40017 -0.203178 0.623226 29.3618
-0.0976708 -0.0414156 0.68909 0.874434
0.0922215 -0.013094 0.68981 0.304901
0.478834 -0.199654 0.590486 41.8775
-0.333102 -0.0402711 0.684825 17.8247
0.0312714 0.204708 0.641052 0.897489
0.418172 -0.265156 0.575691 30.1048
-0.0875695 -0.317047 0.559928 1.10883
0.392348 0.37426 0.462117 22.3018
0.1832 0.0263849 0.689915 1.72239
-0.214361 -0.0468784 0.688012 7.54391
0.13009 0.223801 0.631363 1.43926
0.558288 -0.0314855 0.591395 54.9902
0.504476 -0.144454 0.601841 51.1748
0.265816 0.034842 0.688761 1.917
-0.184127 -0.158728 0.661824 5.85699
-0.0674723 0.342126 0.533347 0.361195
0.211676 -0.424708 0.388587 7.2522
0.0652331 -0.0979871 0.679413 0.208636
-0.295819 0.15126 0.664357 15.608
0.160422 -0.114951 0.675279 2.61225
0.245786 0.269971 0.600703 7.2057
0.32427 -0.0713201 0.681857 7.862
0.372107 0.075578 0.673645 9.80659
-0.00363804 -0.109042 0.677059 0.278955
0.18114 -0.11975 0.673995 1.70607
0.0784617 0.258315 0.608507 1.85148
0.383187 -0.123978 0.660009 11.663
0.373613 0.143278 0.65665 18.9632
0.0894478 -0.138162 0.66917 1.06104
0.61624 -0.210202 0.449261 71.1312
0.0448074 -0.0623012 0.685781 0.298565
-0.216019 0.11013 0.677068 6.12499
0.444615 0.142687 0.632725 32.938
0.512723 0.193065 0.572682 45.4641
0.263994 -0.158894 0.661939 5.18442
-0.189973 0.184576 0.650362 5.52919
0.115413 0.161873 0.660632 1.73454
0.682527 -0.0171967 0.43531 93.2313
0.154028 0.129536 0.671473 2.89562
0.00613711 0.0720796 0.684302 0.042511
0.195988 -0.208115 0.639488 6.1363
0.507343 -0.0965924 0.615535 44.3783
-0.19392 0.144798 0.666181 3.40809
0.289472 0.303897 0.571888 9.22385
